Slurm assigned GPUs: 1
Set CUDA_VISIBLE_DEVICES=0,1,2,3
Job ID: 35
Node: hendrixgpu20fl
# CPUs: 4
Sat May 17 11:37:20 2025       
+-----------------------------------------------------------------------------------------+
| NVIDIA-SMI 570.86.15              Driver Version: 570.86.15      CUDA Version: 12.8     |
|-----------------------------------------+------------------------+----------------------+
| GPU  Name                 Persistence-M | Bus-Id          Disp.A | Volatile Uncorr. ECC |
| Fan  Temp   Perf          Pwr:Usage/Cap |           Memory-Usage | GPU-Util  Compute M. |
|                                         |                        |               MIG M. |
|=========================================+========================+======================|
|   0  NVIDIA TITAN RTX               Off |   00000000:1B:00.0 Off |                  N/A |
| 41%   30C    P8             25W /  280W |       1MiB /  24576MiB |      0%      Default |
|                                         |                        |                  N/A |
+-----------------------------------------+------------------------+----------------------+
                                                                                         
+-----------------------------------------------------------------------------------------+
| Processes:                                                                              |
|  GPU   GI   CI              PID   Type   Process name                        GPU Memory |
|        ID   ID                                                               Usage      |
|=========================================================================================|
|  No running processes found                                                             |
+-----------------------------------------------------------------------------------------+
----------------------------------------
Starting job with config file: configs/diffusion_xpdf_abs_T1000.yaml
----------------------------------------
Running experiment with model type: Diffusion
Loaded atom mapping with 54 categories for visualization
Loaded atom mapping with 54 categories
Created dataset with 2013 samples, image shape: torch.Size([2013, 3, 10, 10]), conditioning shape: torch.Size([2013, 6000])
Atom types shape: torch.Size([2013, 1, 10, 10]), with 54 categories
Loaded atom mapping with 54 categories
Created dataset with 252 samples, image shape: torch.Size([252, 3, 10, 10]), conditioning shape: torch.Size([252, 6000])
Atom types shape: torch.Size([252, 1, 10, 10]), with 54 categories
Loaded atom mapping with 54 categories
Created dataset with 252 samples, image shape: torch.Size([252, 3, 10, 10]), conditioning shape: torch.Size([252, 6000])
Atom types shape: torch.Size([252, 1, 10, 10]), with 54 categories
Using device: cuda:0

Epoch 1/300 - Train Loss: 12.954992, 
                Val MAE: 135.178589, Val Optimized MAE: 126.811184, 
                Val Optimized Typed MAE: 145.588628,
                Val Hausdorff: 408.594102,
                Atom Type Acc: 3.31%

Epoch 2/300 - Train Loss: 10.666386, 
                Val MAE: 28.407495, Val Optimized MAE: 22.618786, 
                Val Optimized Typed MAE: 41.057756,
                Val Hausdorff: 151.612400,
                Atom Type Acc: 4.31%

Epoch 3/300 - Train Loss: 10.213177, 
                Val MAE: 10.571073, Val Optimized MAE: 6.167306, 
                Val Optimized Typed MAE: 23.460865,
                Val Hausdorff: 79.679022,
                Atom Type Acc: 7.93%

Epoch 4/300 - Train Loss: 9.671067, 
                Val MAE: 6.381684, Val Optimized MAE: 3.903837, 
                Val Optimized Typed MAE: 19.142324,
                Val Hausdorff: 33.216155,
                Atom Type Acc: 15.25%

Epoch 5/300 - Train Loss: 9.770118, 
                Val MAE: 6.032146, Val Optimized MAE: 3.924700, 
                Val Optimized Typed MAE: 17.710217,
                Val Hausdorff: 26.730704,
                Atom Type Acc: 20.06%

Epoch 6/300 - Train Loss: 9.513204, 
                Val MAE: 5.529510, Val Optimized MAE: 4.064179, 
                Val Optimized Typed MAE: 18.162012,
                Val Hausdorff: 19.312367,
                Atom Type Acc: 20.06%

Epoch 7/300 - Train Loss: 9.476907, 
                Val MAE: 5.459772, Val Optimized MAE: 4.057664, 
                Val Optimized Typed MAE: 16.208903,
                Val Hausdorff: 16.916554,
                Atom Type Acc: 26.11%

Epoch 8/300 - Train Loss: 9.301502, 
                Val MAE: 5.350761, Val Optimized MAE: 4.117719, 
                Val Optimized Typed MAE: 15.229576,
                Val Hausdorff: 13.172644,
                Atom Type Acc: 30.60%

Epoch 9/300 - Train Loss: 9.236478, 
                Val MAE: 5.433162, Val Optimized MAE: 4.106281, 
                Val Optimized Typed MAE: 15.619234,
                Val Hausdorff: 14.417148,
                Atom Type Acc: 29.44%

Epoch 10/300 - Train Loss: 9.120681, 
                Val MAE: 5.327917, Val Optimized MAE: 4.115655, 
                Val Optimized Typed MAE: 14.588906,
                Val Hausdorff: 11.456502,
                Atom Type Acc: 33.81%

Epoch 11/300 - Train Loss: 8.852593, 
                Val MAE: 5.291510, Val Optimized MAE: 4.139779, 
                Val Optimized Typed MAE: 17.051524,
                Val Hausdorff: 11.110106,
                Atom Type Acc: 24.85%

Epoch 12/300 - Train Loss: 8.964017, 
                Val MAE: 5.254477, Val Optimized MAE: 4.133378, 
                Val Optimized Typed MAE: 18.141972,
                Val Hausdorff: 10.111490,
                Atom Type Acc: 21.05%

Epoch 13/300 - Train Loss: 8.920834, 
                Val MAE: 5.283817, Val Optimized MAE: 4.170051, 
                Val Optimized Typed MAE: 18.512557,
                Val Hausdorff: 9.836480,
                Atom Type Acc: 20.40%

Epoch 14/300 - Train Loss: 8.856488, 
                Val MAE: 5.379601, Val Optimized MAE: 4.090504, 
                Val Optimized Typed MAE: 19.133295,
                Val Hausdorff: 12.545725,
                Atom Type Acc: 17.96%

Epoch 15/300 - Train Loss: 8.840378, 
                Val MAE: 5.405755, Val Optimized MAE: 4.108258, 
                Val Optimized Typed MAE: 18.848444,
                Val Hausdorff: 12.087029,
                Atom Type Acc: 18.89%

Epoch 16/300 - Train Loss: 8.675059, 
                Val MAE: 5.313471, Val Optimized MAE: 4.107249, 
                Val Optimized Typed MAE: 19.416135,
                Val Hausdorff: 10.017547,
                Atom Type Acc: 17.33%

Epoch 17/300 - Train Loss: 8.786950, 
                Val MAE: 5.389248, Val Optimized MAE: 4.109293, 
                Val Optimized Typed MAE: 19.039838,
                Val Hausdorff: 10.792780,
                Atom Type Acc: 18.56%

Epoch 18/300 - Train Loss: 8.722691, 
                Val MAE: 5.545665, Val Optimized MAE: 4.110452, 
                Val Optimized Typed MAE: 19.315744,
                Val Hausdorff: 12.096606,
                Atom Type Acc: 17.62%

Epoch 19/300 - Train Loss: 8.491766, 
                Val MAE: 5.331231, Val Optimized MAE: 4.127361, 
                Val Optimized Typed MAE: 18.989627,
                Val Hausdorff: 10.360664,
                Atom Type Acc: 18.94%

Epoch 20/300 - Train Loss: 8.631719, 
                Val MAE: 5.322307, Val Optimized MAE: 4.155362, 
                Val Optimized Typed MAE: 19.124576,
                Val Hausdorff: 10.352955,
                Atom Type Acc: 18.31%

Epoch 21/300 - Train Loss: 8.518981, 
                Val MAE: 5.302290, Val Optimized MAE: 4.164250, 
                Val Optimized Typed MAE: 19.285801,
                Val Hausdorff: 9.983615,
                Atom Type Acc: 17.92%

Epoch 22/300 - Train Loss: 8.672995, 
                Val MAE: 5.338559, Val Optimized MAE: 4.093307, 
                Val Optimized Typed MAE: 19.501806,
                Val Hausdorff: 10.795354,
                Atom Type Acc: 16.47%

Epoch 23/300 - Train Loss: 8.636582, 
                Val MAE: 5.289639, Val Optimized MAE: 4.149580, 
                Val Optimized Typed MAE: 19.374477,
                Val Hausdorff: 9.337766,
                Atom Type Acc: 17.33%

Epoch 24/300 - Train Loss: 8.512165, 
                Val MAE: 5.391590, Val Optimized MAE: 4.100920, 
                Val Optimized Typed MAE: 19.871934,
                Val Hausdorff: 10.877085,
                Atom Type Acc: 15.72%

Epoch 25/300 - Train Loss: 8.381864, 
                Val MAE: 5.427242, Val Optimized MAE: 4.138976, 
                Val Optimized Typed MAE: 20.277139,
                Val Hausdorff: 11.104602,
                Atom Type Acc: 14.48%

Epoch 26/300 - Train Loss: 8.474105, 
                Val MAE: 5.438928, Val Optimized MAE: 4.132608, 
                Val Optimized Typed MAE: 20.279899,
                Val Hausdorff: 10.749676,
                Atom Type Acc: 14.71%

Epoch 27/300 - Train Loss: 8.441739, 
                Val MAE: 5.304077, Val Optimized MAE: 4.127763, 
                Val Optimized Typed MAE: 20.355177,
                Val Hausdorff: 9.139394,
                Atom Type Acc: 13.87%

Epoch 28/300 - Train Loss: 8.419900, 
                Val MAE: 5.429632, Val Optimized MAE: 4.145514, 
                Val Optimized Typed MAE: 20.637206,
                Val Hausdorff: 10.806686,
                Atom Type Acc: 13.36%

Epoch 29/300 - Train Loss: 8.324437, 
                Val MAE: 5.443026, Val Optimized MAE: 4.102710, 
                Val Optimized Typed MAE: 20.852279,
                Val Hausdorff: 10.655530,
                Atom Type Acc: 12.51%

Epoch 30/300 - Train Loss: 8.269775, 
                Val MAE: 5.516239, Val Optimized MAE: 4.067870, 
                Val Optimized Typed MAE: 20.858799,
                Val Hausdorff: 11.230086,
                Atom Type Acc: 12.44%

Epoch 31/300 - Train Loss: 8.323457, 
                Val MAE: 5.533206, Val Optimized MAE: 4.065780, 
                Val Optimized Typed MAE: 20.923944,
                Val Hausdorff: 12.245791,
                Atom Type Acc: 12.08%

Epoch 32/300 - Train Loss: 8.265617, 
                Val MAE: 5.555366, Val Optimized MAE: 4.011980, 
                Val Optimized Typed MAE: 20.926110,
                Val Hausdorff: 11.783940,
                Atom Type Acc: 11.47%

Epoch 33/300 - Train Loss: 8.125935, 
                Val MAE: 5.559900, Val Optimized MAE: 4.047289, 
                Val Optimized Typed MAE: 20.817306,
                Val Hausdorff: 12.677361,
                Atom Type Acc: 12.09%

Epoch 34/300 - Train Loss: 8.165652, 
                Val MAE: 5.546945, Val Optimized MAE: 4.022762, 
                Val Optimized Typed MAE: 21.487851,
                Val Hausdorff: 11.242411,
                Atom Type Acc: 9.94%

Epoch 35/300 - Train Loss: 8.072883, 
                Val MAE: 5.403847, Val Optimized MAE: 4.113973, 
                Val Optimized Typed MAE: 21.472716,
                Val Hausdorff: 10.034522,
                Atom Type Acc: 10.02%

Epoch 36/300 - Train Loss: 8.024794, 
                Val MAE: 6.070631, Val Optimized MAE: 3.973149, 
                Val Optimized Typed MAE: 21.851369,
                Val Hausdorff: 15.032807,
                Atom Type Acc: 8.03%

Epoch 37/300 - Train Loss: 7.784327, 
                Val MAE: 5.521028, Val Optimized MAE: 4.032706, 
                Val Optimized Typed MAE: 21.049566,
                Val Hausdorff: 11.217738,
                Atom Type Acc: 11.83%

Epoch 38/300 - Train Loss: 7.909795, 
                Val MAE: 5.538879, Val Optimized MAE: 4.034904, 
                Val Optimized Typed MAE: 21.241741,
                Val Hausdorff: 10.797654,
                Atom Type Acc: 10.47%

Epoch 39/300 - Train Loss: 7.848006, 
                Val MAE: 5.503238, Val Optimized MAE: 4.034123, 
                Val Optimized Typed MAE: 21.101444,
                Val Hausdorff: 11.371450,
                Atom Type Acc: 11.13%

Epoch 40/300 - Train Loss: 7.595189, 
                Val MAE: 5.518173, Val Optimized MAE: 4.061190, 
                Val Optimized Typed MAE: 21.108738,
                Val Hausdorff: 10.685386,
                Atom Type Acc: 11.37%

Epoch 41/300 - Train Loss: 7.705672, 
                Val MAE: 5.436471, Val Optimized MAE: 4.107377, 
                Val Optimized Typed MAE: 20.882040,
                Val Hausdorff: 9.912789,
                Atom Type Acc: 12.53%

Epoch 42/300 - Train Loss: 7.638063, 
                Val MAE: 5.489521, Val Optimized MAE: 4.083297, 
                Val Optimized Typed MAE: 21.105195,
                Val Hausdorff: 10.078309,
                Atom Type Acc: 11.51%

Epoch 43/300 - Train Loss: 7.647894, 
                Val MAE: 5.551267, Val Optimized MAE: 4.060614, 
                Val Optimized Typed MAE: 20.960977,
                Val Hausdorff: 12.017831,
                Atom Type Acc: 11.74%

Epoch 44/300 - Train Loss: 7.573198, 
                Val MAE: 5.754895, Val Optimized MAE: 4.018245, 
                Val Optimized Typed MAE: 20.636268,
                Val Hausdorff: 12.268425,
                Atom Type Acc: 12.69%

Epoch 45/300 - Train Loss: 7.575845, 
                Val MAE: 5.494817, Val Optimized MAE: 4.092980, 
                Val Optimized Typed MAE: 20.784553,
                Val Hausdorff: 10.446081,
                Atom Type Acc: 12.81%

Epoch 46/300 - Train Loss: 7.448802, 
                Val MAE: 5.537315, Val Optimized MAE: 4.044069, 
                Val Optimized Typed MAE: 20.436860,
                Val Hausdorff: 11.475187,
                Atom Type Acc: 13.89%

Epoch 47/300 - Train Loss: 7.583677, 
                Val MAE: 5.811979, Val Optimized MAE: 3.995028, 
                Val Optimized Typed MAE: 20.421176,
                Val Hausdorff: 12.775688,
                Atom Type Acc: 14.12%

Epoch 48/300 - Train Loss: 7.487690, 
                Val MAE: 5.873643, Val Optimized MAE: 4.031528, 
                Val Optimized Typed MAE: 20.990087,
                Val Hausdorff: 13.252224,
                Atom Type Acc: 11.89%

Epoch 49/300 - Train Loss: 7.450121, 
                Val MAE: 5.746894, Val Optimized MAE: 4.019429, 
                Val Optimized Typed MAE: 20.530620,
                Val Hausdorff: 12.703258,
                Atom Type Acc: 13.87%

Epoch 50/300 - Train Loss: 7.487629, 
                Val MAE: 5.719796, Val Optimized MAE: 4.041827, 
                Val Optimized Typed MAE: 20.177778,
                Val Hausdorff: 11.780159,
                Atom Type Acc: 15.01%

Epoch 51/300 - Train Loss: 7.441530, 
                Val MAE: 5.704612, Val Optimized MAE: 4.045145, 
                Val Optimized Typed MAE: 20.378745,
                Val Hausdorff: 11.689108,
                Atom Type Acc: 14.52%

Epoch 52/300 - Train Loss: 7.239721, 
                Val MAE: 5.668574, Val Optimized MAE: 4.022911, 
                Val Optimized Typed MAE: 20.390025,
                Val Hausdorff: 11.916526,
                Atom Type Acc: 14.75%

Epoch 53/300 - Train Loss: 7.228869, 
                Val MAE: 5.762455, Val Optimized MAE: 4.031915, 
                Val Optimized Typed MAE: 20.311838,
                Val Hausdorff: 12.203718,
                Atom Type Acc: 14.52%

Epoch 54/300 - Train Loss: 7.327388, 
                Val MAE: 5.923074, Val Optimized MAE: 3.988534, 
                Val Optimized Typed MAE: 20.752841,
                Val Hausdorff: 14.309788,
                Atom Type Acc: 13.10%

Epoch 55/300 - Train Loss: 7.306066, 
                Val MAE: 5.903037, Val Optimized MAE: 3.995749, 
                Val Optimized Typed MAE: 20.141442,
                Val Hausdorff: 13.387838,
                Atom Type Acc: 15.37%

Epoch 56/300 - Train Loss: 7.233910, 
                Val MAE: 5.771407, Val Optimized MAE: 4.007963, 
                Val Optimized Typed MAE: 20.061357,
                Val Hausdorff: 11.856841,
                Atom Type Acc: 15.61%

Epoch 57/300 - Train Loss: 7.204824, 
                Val MAE: 5.747127, Val Optimized MAE: 4.023039, 
                Val Optimized Typed MAE: 20.135025,
                Val Hausdorff: 11.667111,
                Atom Type Acc: 15.28%

Epoch 58/300 - Train Loss: 7.096171, 
                Val MAE: 5.880936, Val Optimized MAE: 4.012623, 
                Val Optimized Typed MAE: 20.253460,
                Val Hausdorff: 13.270470,
                Atom Type Acc: 14.73%

Epoch 59/300 - Train Loss: 7.173819, 
                Val MAE: 5.826222, Val Optimized MAE: 4.011355, 
                Val Optimized Typed MAE: 19.903308,
                Val Hausdorff: 12.188513,
                Atom Type Acc: 16.63%

Epoch 60/300 - Train Loss: 6.963256, 
                Val MAE: 5.751559, Val Optimized MAE: 3.991937, 
                Val Optimized Typed MAE: 20.049767,
                Val Hausdorff: 11.565181,
                Atom Type Acc: 15.87%

Epoch 61/300 - Train Loss: 7.072182, 
                Val MAE: 6.014271, Val Optimized MAE: 3.957167, 
                Val Optimized Typed MAE: 20.034274,
                Val Hausdorff: 13.814038,
                Atom Type Acc: 15.51%

Epoch 62/300 - Train Loss: 7.160729, 
                Val MAE: 6.050661, Val Optimized MAE: 3.981143, 
                Val Optimized Typed MAE: 20.040867,
                Val Hausdorff: 15.130776,
                Atom Type Acc: 16.52%

Epoch 63/300 - Train Loss: 6.916293, 
                Val MAE: 5.856558, Val Optimized MAE: 3.999388, 
                Val Optimized Typed MAE: 19.988926,
                Val Hausdorff: 12.168766,
                Atom Type Acc: 16.28%

Epoch 64/300 - Train Loss: 7.022116, 
                Val MAE: 5.988608, Val Optimized MAE: 3.984951, 
                Val Optimized Typed MAE: 19.315881,
                Val Hausdorff: 13.124555,
                Atom Type Acc: 18.96%

Epoch 65/300 - Train Loss: 7.024596, 
                Val MAE: 6.167110, Val Optimized MAE: 3.934653, 
                Val Optimized Typed MAE: 19.844099,
                Val Hausdorff: 16.348604,
                Atom Type Acc: 16.33%

Epoch 66/300 - Train Loss: 6.829529, 
                Val MAE: 6.100984, Val Optimized MAE: 3.931598, 
                Val Optimized Typed MAE: 20.065740,
                Val Hausdorff: 14.318914,
                Atom Type Acc: 16.02%

Epoch 67/300 - Train Loss: 6.891543, 
                Val MAE: 5.977816, Val Optimized MAE: 3.940914, 
                Val Optimized Typed MAE: 19.682457,
                Val Hausdorff: 12.827556,
                Atom Type Acc: 17.16%

Epoch 68/300 - Train Loss: 6.816307, 
                Val MAE: 6.148114, Val Optimized MAE: 3.956469, 
                Val Optimized Typed MAE: 19.619081,
                Val Hausdorff: 14.896628,
                Atom Type Acc: 17.92%

Epoch 69/300 - Train Loss: 6.885183, 
                Val MAE: 5.991272, Val Optimized MAE: 3.904577, 
                Val Optimized Typed MAE: 19.465842,
                Val Hausdorff: 13.443177,
                Atom Type Acc: 17.82%

Epoch 70/300 - Train Loss: 6.569465, 
                Val MAE: 6.073399, Val Optimized MAE: 3.932050, 
                Val Optimized Typed MAE: 19.715373,
                Val Hausdorff: 14.773130,
                Atom Type Acc: 17.47%

Epoch 71/300 - Train Loss: 6.795541, 
                Val MAE: 6.128866, Val Optimized MAE: 3.902544, 
                Val Optimized Typed MAE: 19.248189,
                Val Hausdorff: 14.662254,
                Atom Type Acc: 19.05%

Epoch 72/300 - Train Loss: 6.730589, 
                Val MAE: 6.138756, Val Optimized MAE: 3.926440, 
                Val Optimized Typed MAE: 19.244136,
                Val Hausdorff: 15.098165,
                Atom Type Acc: 19.58%

Epoch 73/300 - Train Loss: 6.551600, 
                Val MAE: 6.463784, Val Optimized MAE: 3.893497, 
                Val Optimized Typed MAE: 19.108600,
                Val Hausdorff: 15.988379,
                Atom Type Acc: 19.38%

Epoch 74/300 - Train Loss: 6.412312, 
                Val MAE: 6.266887, Val Optimized MAE: 3.878891, 
                Val Optimized Typed MAE: 19.173831,
                Val Hausdorff: 15.491625,
                Atom Type Acc: 19.83%

Epoch 75/300 - Train Loss: 6.443969, 
                Val MAE: 6.338639, Val Optimized MAE: 3.912923, 
                Val Optimized Typed MAE: 19.399990,
                Val Hausdorff: 16.147955,
                Atom Type Acc: 18.58%

Epoch 76/300 - Train Loss: 6.518893, 
                Val MAE: 6.332292, Val Optimized MAE: 3.877979, 
                Val Optimized Typed MAE: 19.215542,
                Val Hausdorff: 15.790346,
                Atom Type Acc: 19.60%

Epoch 77/300 - Train Loss: 6.412972, 
                Val MAE: 6.157700, Val Optimized MAE: 3.947009, 
                Val Optimized Typed MAE: 18.897677,
                Val Hausdorff: 15.600958,
                Atom Type Acc: 20.71%

Epoch 78/300 - Train Loss: 6.529695, 
                Val MAE: 6.196462, Val Optimized MAE: 3.913214, 
                Val Optimized Typed MAE: 18.941450,
                Val Hausdorff: 14.525530,
                Atom Type Acc: 20.47%

Epoch 79/300 - Train Loss: 6.397146, 
                Val MAE: 6.571808, Val Optimized MAE: 3.893097, 
                Val Optimized Typed MAE: 18.722790,
                Val Hausdorff: 17.838332,
                Atom Type Acc: 21.58%

Epoch 80/300 - Train Loss: 6.207857, 
                Val MAE: 6.377175, Val Optimized MAE: 3.873980, 
                Val Optimized Typed MAE: 18.964562,
                Val Hausdorff: 15.358540,
                Atom Type Acc: 20.71%

Epoch 81/300 - Train Loss: 6.408346, 
                Val MAE: 6.527937, Val Optimized MAE: 3.906044, 
                Val Optimized Typed MAE: 19.212728,
                Val Hausdorff: 17.162161,
                Atom Type Acc: 19.76%

Epoch 82/300 - Train Loss: 6.317618, 
                Val MAE: 6.686499, Val Optimized MAE: 3.902428, 
                Val Optimized Typed MAE: 19.023776,
                Val Hausdorff: 18.344582,
                Atom Type Acc: 20.49%

Epoch 83/300 - Train Loss: 6.302415, 
                Val MAE: 6.585973, Val Optimized MAE: 3.868091, 
                Val Optimized Typed MAE: 18.799171,
                Val Hausdorff: 16.202144,
                Atom Type Acc: 21.39%

Epoch 84/300 - Train Loss: 6.260451, 
                Val MAE: 6.658307, Val Optimized MAE: 3.874033, 
                Val Optimized Typed MAE: 18.926355,
                Val Hausdorff: 17.354758,
                Atom Type Acc: 21.27%

Epoch 85/300 - Train Loss: 6.158493, 
                Val MAE: 6.419231, Val Optimized MAE: 3.897711, 
                Val Optimized Typed MAE: 18.468912,
                Val Hausdorff: 15.005855,
                Atom Type Acc: 23.12%

Epoch 86/300 - Train Loss: 6.107486, 
                Val MAE: 6.782649, Val Optimized MAE: 3.834891, 
                Val Optimized Typed MAE: 18.630425,
                Val Hausdorff: 17.523260,
                Atom Type Acc: 22.02%

Epoch 87/300 - Train Loss: 6.076416, 
                Val MAE: 6.696104, Val Optimized MAE: 3.827697, 
                Val Optimized Typed MAE: 18.680969,
                Val Hausdorff: 18.231779,
                Atom Type Acc: 21.73%

Epoch 88/300 - Train Loss: 6.066020, 
                Val MAE: 6.762178, Val Optimized MAE: 3.882767, 
                Val Optimized Typed MAE: 18.160076,
                Val Hausdorff: 18.390687,
                Atom Type Acc: 24.41%

Epoch 89/300 - Train Loss: 6.175012, 
                Val MAE: 6.663094, Val Optimized MAE: 3.871858, 
                Val Optimized Typed MAE: 17.868180,
                Val Hausdorff: 17.530373,
                Atom Type Acc: 25.94%

Epoch 90/300 - Train Loss: 5.993678, 
                Val MAE: 6.992140, Val Optimized MAE: 3.817973, 
                Val Optimized Typed MAE: 18.418819,
                Val Hausdorff: 20.203681,
                Atom Type Acc: 23.35%

Epoch 91/300 - Train Loss: 5.927054, 
                Val MAE: 6.878765, Val Optimized MAE: 3.835644, 
                Val Optimized Typed MAE: 17.849630,
                Val Hausdorff: 19.215425,
                Atom Type Acc: 25.90%

Epoch 92/300 - Train Loss: 6.006057, 
                Val MAE: 6.958869, Val Optimized MAE: 3.857313, 
                Val Optimized Typed MAE: 17.672592,
                Val Hausdorff: 19.220400,
                Atom Type Acc: 26.16%

Epoch 93/300 - Train Loss: 5.940861, 
                Val MAE: 7.062178, Val Optimized MAE: 3.825687, 
                Val Optimized Typed MAE: 18.298808,
                Val Hausdorff: 20.155792,
                Atom Type Acc: 23.88%

Epoch 94/300 - Train Loss: 5.893401, 
                Val MAE: 7.137383, Val Optimized MAE: 3.948849, 
                Val Optimized Typed MAE: 18.384496,
                Val Hausdorff: 20.075827,
                Atom Type Acc: 23.64%

Epoch 95/300 - Train Loss: 5.973170, 
                Val MAE: 7.458077, Val Optimized MAE: 3.860575, 
                Val Optimized Typed MAE: 18.317460,
                Val Hausdorff: 19.713649,
                Atom Type Acc: 24.34%

Epoch 96/300 - Train Loss: 5.757312, 
                Val MAE: 7.271003, Val Optimized MAE: 3.864084, 
                Val Optimized Typed MAE: 17.814578,
                Val Hausdorff: 21.357879,
                Atom Type Acc: 25.46%

Epoch 97/300 - Train Loss: 5.881661, 
                Val MAE: 7.389888, Val Optimized MAE: 3.877433, 
                Val Optimized Typed MAE: 17.788919,
                Val Hausdorff: 22.168048,
                Atom Type Acc: 26.03%

Epoch 98/300 - Train Loss: 5.713932, 
                Val MAE: 7.372311, Val Optimized MAE: 3.822626, 
                Val Optimized Typed MAE: 17.614242,
                Val Hausdorff: 21.432178,
                Atom Type Acc: 26.93%

Epoch 99/300 - Train Loss: 5.695738, 
                Val MAE: 7.618317, Val Optimized MAE: 3.918390, 
                Val Optimized Typed MAE: 17.564726,
                Val Hausdorff: 22.381015,
                Atom Type Acc: 27.34%

Epoch 100/300 - Train Loss: 5.776277, 
                Val MAE: 7.702254, Val Optimized MAE: 3.988865, 
                Val Optimized Typed MAE: 17.346776,
                Val Hausdorff: 22.505839,
                Atom Type Acc: 28.25%

Epoch 101/300 - Train Loss: 5.643165, 
                Val MAE: 7.223813, Val Optimized MAE: 3.863643, 
                Val Optimized Typed MAE: 17.377602,
                Val Hausdorff: 21.246877,
                Atom Type Acc: 28.12%

Epoch 102/300 - Train Loss: 5.649059, 
                Val MAE: 7.267698, Val Optimized MAE: 3.869030, 
                Val Optimized Typed MAE: 17.433376,
                Val Hausdorff: 23.069010,
                Atom Type Acc: 27.88%

Epoch 103/300 - Train Loss: 5.631435, 
                Val MAE: 7.576594, Val Optimized MAE: 4.021587, 
                Val Optimized Typed MAE: 17.414704,
                Val Hausdorff: 23.174209,
                Atom Type Acc: 28.94%

Epoch 104/300 - Train Loss: 5.687941, 
                Val MAE: 7.502910, Val Optimized MAE: 3.895247, 
                Val Optimized Typed MAE: 16.814723,
                Val Hausdorff: 22.282431,
                Atom Type Acc: 30.36%

Epoch 105/300 - Train Loss: 5.489055, 
                Val MAE: 7.486550, Val Optimized MAE: 3.902163, 
                Val Optimized Typed MAE: 16.998760,
                Val Hausdorff: 22.558859,
                Atom Type Acc: 29.63%

Epoch 106/300 - Train Loss: 5.455582, 
                Val MAE: 8.461674, Val Optimized MAE: 3.963812, 
                Val Optimized Typed MAE: 17.573287,
                Val Hausdorff: 24.911565,
                Atom Type Acc: 27.53%

Epoch 107/300 - Train Loss: 5.497142, 
                Val MAE: 8.129126, Val Optimized MAE: 4.033694, 
                Val Optimized Typed MAE: 17.979702,
                Val Hausdorff: 25.450192,
                Atom Type Acc: 26.57%

Epoch 108/300 - Train Loss: 5.639753, 
                Val MAE: 8.331788, Val Optimized MAE: 4.082697, 
                Val Optimized Typed MAE: 17.398353,
                Val Hausdorff: 24.408051,
                Atom Type Acc: 28.87%

Epoch 109/300 - Train Loss: 5.579838, 
                Val MAE: 8.173938, Val Optimized MAE: 3.972568, 
                Val Optimized Typed MAE: 17.408883,
                Val Hausdorff: 23.766734,
                Atom Type Acc: 28.28%

Epoch 110/300 - Train Loss: 5.520196, 
                Val MAE: 7.946830, Val Optimized MAE: 3.906611, 
                Val Optimized Typed MAE: 17.365902,
                Val Hausdorff: 25.150175,
                Atom Type Acc: 27.78%

Epoch 111/300 - Train Loss: 5.427196, 
                Val MAE: 8.342157, Val Optimized MAE: 4.048882, 
                Val Optimized Typed MAE: 16.979818,
                Val Hausdorff: 27.336863,
                Atom Type Acc: 30.23%

Epoch 112/300 - Train Loss: 5.354193, 
                Val MAE: 8.384858, Val Optimized MAE: 4.025347, 
                Val Optimized Typed MAE: 17.134594,
                Val Hausdorff: 25.710599,
                Atom Type Acc: 29.72%

Epoch 113/300 - Train Loss: 5.343277, 
                Val MAE: 8.243317, Val Optimized MAE: 4.074380, 
                Val Optimized Typed MAE: 17.217610,
                Val Hausdorff: 25.118460,
                Atom Type Acc: 29.21%

Epoch 114/300 - Train Loss: 5.369194, 
                Val MAE: 8.849260, Val Optimized MAE: 4.223275, 
                Val Optimized Typed MAE: 16.811418,
                Val Hausdorff: 28.825962,
                Atom Type Acc: 32.03%

Epoch 115/300 - Train Loss: 5.298952, 
                Val MAE: 8.661964, Val Optimized MAE: 4.108246, 
                Val Optimized Typed MAE: 17.014520,
                Val Hausdorff: 30.233872,
                Atom Type Acc: 29.66%

Epoch 116/300 - Train Loss: 5.228684, 
                Val MAE: 9.155694, Val Optimized MAE: 4.138311, 
                Val Optimized Typed MAE: 17.470134,
                Val Hausdorff: 29.470560,
                Atom Type Acc: 28.73%

Epoch 117/300 - Train Loss: 5.204186, 
                Val MAE: 9.088810, Val Optimized MAE: 4.232818, 
                Val Optimized Typed MAE: 16.965224,
                Val Hausdorff: 30.385362,
                Atom Type Acc: 31.27%

Epoch 118/300 - Train Loss: 5.364317, 
                Val MAE: 8.627143, Val Optimized MAE: 4.187667, 
                Val Optimized Typed MAE: 16.946523,
                Val Hausdorff: 29.936160,
                Atom Type Acc: 31.19%

Epoch 119/300 - Train Loss: 5.099402, 
                Val MAE: 9.506915, Val Optimized MAE: 4.235821, 
                Val Optimized Typed MAE: 17.243535,
                Val Hausdorff: 31.495978,
                Atom Type Acc: 30.02%

Epoch 120/300 - Train Loss: 5.133493, 
                Val MAE: 9.409826, Val Optimized MAE: 4.476676, 
                Val Optimized Typed MAE: 17.455281,
                Val Hausdorff: 32.040919,
                Atom Type Acc: 30.30%

Epoch 121/300 - Train Loss: 5.136204, 
                Val MAE: 9.838788, Val Optimized MAE: 4.540282, 
                Val Optimized Typed MAE: 17.412174,
                Val Hausdorff: 34.846697,
                Atom Type Acc: 30.39%

Epoch 122/300 - Train Loss: 5.035636, 
                Val MAE: 9.643735, Val Optimized MAE: 4.393815, 
                Val Optimized Typed MAE: 16.944855,
                Val Hausdorff: 33.888557,
                Atom Type Acc: 31.44%

Epoch 123/300 - Train Loss: 4.970418, 
                Val MAE: 9.705753, Val Optimized MAE: 4.388044, 
                Val Optimized Typed MAE: 16.914079,
                Val Hausdorff: 33.183568,
                Atom Type Acc: 31.82%

Epoch 124/300 - Train Loss: 5.014524, 
                Val MAE: 9.236110, Val Optimized MAE: 4.303012, 
                Val Optimized Typed MAE: 17.211397,
                Val Hausdorff: 31.147060,
                Atom Type Acc: 30.27%

Epoch 125/300 - Train Loss: 5.123571, 
                Val MAE: 9.957927, Val Optimized MAE: 4.399797, 
                Val Optimized Typed MAE: 17.120827,
                Val Hausdorff: 34.066252,
                Atom Type Acc: 31.74%

Epoch 126/300 - Train Loss: 5.057500, 
                Val MAE: 10.356809, Val Optimized MAE: 4.750300, 
                Val Optimized Typed MAE: 17.090582,
                Val Hausdorff: 36.601663,
                Atom Type Acc: 32.43%

Epoch 127/300 - Train Loss: 4.858627, 
                Val MAE: 10.152699, Val Optimized MAE: 4.649624, 
                Val Optimized Typed MAE: 16.660632,
                Val Hausdorff: 35.749234,
                Atom Type Acc: 34.04%

Epoch 128/300 - Train Loss: 4.853820, 
                Val MAE: 9.793937, Val Optimized MAE: 4.478042, 
                Val Optimized Typed MAE: 17.180404,
                Val Hausdorff: 31.944864,
                Atom Type Acc: 30.77%

Epoch 129/300 - Train Loss: 4.914000, 
                Val MAE: 9.318127, Val Optimized MAE: 4.451464, 
                Val Optimized Typed MAE: 17.396821,
                Val Hausdorff: 34.035317,
                Atom Type Acc: 30.54%

Epoch 130/300 - Train Loss: 4.836579, 
                Val MAE: 10.243127, Val Optimized MAE: 4.471883, 
                Val Optimized Typed MAE: 17.268293,
                Val Hausdorff: 36.137154,
                Atom Type Acc: 31.01%

Epoch 131/300 - Train Loss: 4.874142, 
                Val MAE: 10.721601, Val Optimized MAE: 4.698818, 
                Val Optimized Typed MAE: 16.858165,
                Val Hausdorff: 38.322291,
                Atom Type Acc: 33.37%

Epoch 132/300 - Train Loss: 4.774173, 
                Val MAE: 10.639763, Val Optimized MAE: 4.948684, 
                Val Optimized Typed MAE: 17.492339,
                Val Hausdorff: 37.823445,
                Atom Type Acc: 32.10%

Epoch 133/300 - Train Loss: 4.841574, 
                Val MAE: 11.498035, Val Optimized MAE: 5.140876, 
                Val Optimized Typed MAE: 17.704452,
                Val Hausdorff: 42.839640,
                Atom Type Acc: 31.68%

Epoch 134/300 - Train Loss: 4.845380, 
                Val MAE: 10.944511, Val Optimized MAE: 5.050095, 
                Val Optimized Typed MAE: 16.854455,
                Val Hausdorff: 39.434840,
                Atom Type Acc: 34.48%

Epoch 135/300 - Train Loss: 4.742461, 
                Val MAE: 14.028511, Val Optimized MAE: 6.243004, 
                Val Optimized Typed MAE: 18.718866,
                Val Hausdorff: 45.477145,
                Atom Type Acc: 31.58%

Epoch 136/300 - Train Loss: 4.739363, 
                Val MAE: 11.358167, Val Optimized MAE: 5.278009, 
                Val Optimized Typed MAE: 17.564949,
                Val Hausdorff: 40.740686,
                Atom Type Acc: 33.19%

Epoch 137/300 - Train Loss: 4.792633, 
                Val MAE: 11.069130, Val Optimized MAE: 5.051468, 
                Val Optimized Typed MAE: 17.483541,
                Val Hausdorff: 41.376280,
                Atom Type Acc: 33.10%

Epoch 138/300 - Train Loss: 4.765661, 
                Val MAE: 11.829422, Val Optimized MAE: 5.588672, 
                Val Optimized Typed MAE: 17.901944,
                Val Hausdorff: 43.565692,
                Atom Type Acc: 32.68%

Epoch 139/300 - Train Loss: 4.833761, 
                Val MAE: 11.996931, Val Optimized MAE: 5.690303, 
                Val Optimized Typed MAE: 17.569284,
                Val Hausdorff: 43.396747,
                Atom Type Acc: 34.33%

Epoch 140/300 - Train Loss: 4.756811, 
                Val MAE: 11.924206, Val Optimized MAE: 5.643486, 
                Val Optimized Typed MAE: 17.609491,
                Val Hausdorff: 47.767598,
                Atom Type Acc: 33.15%

Epoch 141/300 - Train Loss: 4.568497, 
                Val MAE: 13.477358, Val Optimized MAE: 6.502019, 
                Val Optimized Typed MAE: 18.334987,
                Val Hausdorff: 46.668962,
                Atom Type Acc: 33.41%

Epoch 142/300 - Train Loss: 4.674892, 
                Val MAE: 13.427283, Val Optimized MAE: 6.501923, 
                Val Optimized Typed MAE: 18.412620,
                Val Hausdorff: 47.227026,
                Atom Type Acc: 33.87%

Epoch 143/300 - Train Loss: 4.554418, 
                Val MAE: 12.451302, Val Optimized MAE: 5.776869, 
                Val Optimized Typed MAE: 18.229184,
                Val Hausdorff: 45.498218,
                Atom Type Acc: 31.96%

Epoch 144/300 - Train Loss: 4.496273, 
                Val MAE: 12.624893, Val Optimized MAE: 5.773274, 
                Val Optimized Typed MAE: 17.651820,
                Val Hausdorff: 44.594078,
                Atom Type Acc: 33.73%

Epoch 145/300 - Train Loss: 4.634637, 
                Val MAE: 12.745705, Val Optimized MAE: 6.155264, 
                Val Optimized Typed MAE: 18.150264,
                Val Hausdorff: 45.397270,
                Atom Type Acc: 33.96%

Epoch 146/300 - Train Loss: 4.428545, 
                Val MAE: 12.848857, Val Optimized MAE: 5.857020, 
                Val Optimized Typed MAE: 18.000555,
                Val Hausdorff: 43.536435,
                Atom Type Acc: 32.89%

Epoch 147/300 - Train Loss: 4.541530, 
                Val MAE: 14.922582, Val Optimized MAE: 7.160725, 
                Val Optimized Typed MAE: 18.909182,
                Val Hausdorff: 52.289239,
                Atom Type Acc: 34.52%

Epoch 148/300 - Train Loss: 4.590021, 
                Val MAE: 14.729988, Val Optimized MAE: 7.044366, 
                Val Optimized Typed MAE: 19.186559,
                Val Hausdorff: 54.808879,
                Atom Type Acc: 32.69%

Epoch 149/300 - Train Loss: 4.428192, 
                Val MAE: 14.103630, Val Optimized MAE: 6.604542, 
                Val Optimized Typed MAE: 18.653486,
                Val Hausdorff: 51.768979,
                Atom Type Acc: 33.19%

Epoch 150/300 - Train Loss: 4.498801, 
                Val MAE: 15.268680, Val Optimized MAE: 7.824599, 
                Val Optimized Typed MAE: 19.944322,
                Val Hausdorff: 56.578250,
                Atom Type Acc: 32.54%

Epoch 151/300 - Train Loss: 4.500389, 
                Val MAE: 15.425547, Val Optimized MAE: 7.407952, 
                Val Optimized Typed MAE: 19.566326,
                Val Hausdorff: 55.595471,
                Atom Type Acc: 32.75%

Epoch 152/300 - Train Loss: 4.505301, 
                Val MAE: 15.778621, Val Optimized MAE: 7.855535, 
                Val Optimized Typed MAE: 19.713990,
                Val Hausdorff: 55.326228,
                Atom Type Acc: 33.68%

Epoch 153/300 - Train Loss: 4.496107, 
                Val MAE: 17.104595, Val Optimized MAE: 9.109642, 
                Val Optimized Typed MAE: 21.135920,
                Val Hausdorff: 62.208782,
                Atom Type Acc: 32.59%

Epoch 154/300 - Train Loss: 4.430290, 
                Val MAE: 16.254406, Val Optimized MAE: 8.526565, 
                Val Optimized Typed MAE: 20.397970,
                Val Hausdorff: 57.967404,
                Atom Type Acc: 33.79%

Epoch 155/300 - Train Loss: 4.330109, 
                Val MAE: 15.827132, Val Optimized MAE: 8.396669, 
                Val Optimized Typed MAE: 20.068352,
                Val Hausdorff: 62.158759,
                Atom Type Acc: 34.74%

Epoch 156/300 - Train Loss: 4.370906, 
                Val MAE: 15.196777, Val Optimized MAE: 7.939285, 
                Val Optimized Typed MAE: 19.850384,
                Val Hausdorff: 56.150195,
                Atom Type Acc: 33.49%

Epoch 157/300 - Train Loss: 4.317040, 
                Val MAE: 15.520880, Val Optimized MAE: 7.651077, 
                Val Optimized Typed MAE: 19.108471,
                Val Hausdorff: 54.032032,
                Atom Type Acc: 35.34%

Epoch 158/300 - Train Loss: 4.286196, 
                Val MAE: 17.335258, Val Optimized MAE: 8.996142, 
                Val Optimized Typed MAE: 20.877557,
                Val Hausdorff: 60.879730,
                Atom Type Acc: 33.34%

Epoch 159/300 - Train Loss: 4.350230, 
                Val MAE: 18.636114, Val Optimized MAE: 9.665790, 
                Val Optimized Typed MAE: 21.245168,
                Val Hausdorff: 62.115270,
                Atom Type Acc: 34.85%

Epoch 160/300 - Train Loss: 4.270248, 
                Val MAE: 17.476906, Val Optimized MAE: 9.142881, 
                Val Optimized Typed MAE: 21.237476,
                Val Hausdorff: 61.729939,
                Atom Type Acc: 32.82%

Epoch 161/300 - Train Loss: 4.212046, 
                Val MAE: 18.937281, Val Optimized MAE: 10.528603, 
                Val Optimized Typed MAE: 22.014365,
                Val Hausdorff: 68.469942,
                Atom Type Acc: 34.51%

Epoch 162/300 - Train Loss: 4.152409, 
                Val MAE: 17.297369, Val Optimized MAE: 9.775411, 
                Val Optimized Typed MAE: 21.252200,
                Val Hausdorff: 65.382631,
                Atom Type Acc: 35.21%

Epoch 163/300 - Train Loss: 4.339648, 
                Val MAE: 17.066210, Val Optimized MAE: 9.041538, 
                Val Optimized Typed MAE: 20.611041,
                Val Hausdorff: 60.021798,
                Atom Type Acc: 34.75%

Epoch 164/300 - Train Loss: 4.206872, 
                Val MAE: 17.831480, Val Optimized MAE: 10.210776, 
                Val Optimized Typed MAE: 21.807557,
                Val Hausdorff: 67.115852,
                Atom Type Acc: 34.81%

Epoch 165/300 - Train Loss: 4.196560, 
                Val MAE: 17.588970, Val Optimized MAE: 9.524954, 
                Val Optimized Typed MAE: 20.734021,
                Val Hausdorff: 65.195928,
                Atom Type Acc: 36.69%

Epoch 166/300 - Train Loss: 4.415446, 
                Val MAE: 20.737860, Val Optimized MAE: 11.246032, 
                Val Optimized Typed MAE: 23.791932,
                Val Hausdorff: 66.440220,
                Atom Type Acc: 31.02%

Epoch 167/300 - Train Loss: 4.235968, 
                Val MAE: 18.804577, Val Optimized MAE: 10.607545, 
                Val Optimized Typed MAE: 22.161052,
                Val Hausdorff: 70.297451,
                Atom Type Acc: 34.42%

Epoch 168/300 - Train Loss: 4.121038, 
                Val MAE: 20.194542, Val Optimized MAE: 11.705094, 
                Val Optimized Typed MAE: 23.728650,
                Val Hausdorff: 71.938223,
                Atom Type Acc: 32.24%

Epoch 169/300 - Train Loss: 4.113888, 
                Val MAE: 19.735443, Val Optimized MAE: 11.707305, 
                Val Optimized Typed MAE: 22.983453,
                Val Hausdorff: 71.282346,
                Atom Type Acc: 35.52%

Epoch 170/300 - Train Loss: 4.030087, 
                Val MAE: 21.340879, Val Optimized MAE: 12.204981, 
                Val Optimized Typed MAE: 23.744642,
                Val Hausdorff: 72.111071,
                Atom Type Acc: 34.11%

Epoch 171/300 - Train Loss: 4.143764, 
                Val MAE: 21.320892, Val Optimized MAE: 12.863802, 
                Val Optimized Typed MAE: 23.875442,
                Val Hausdorff: 75.579518,
                Atom Type Acc: 36.10%

Epoch 172/300 - Train Loss: 4.034687, 
                Val MAE: 22.923271, Val Optimized MAE: 13.819421, 
                Val Optimized Typed MAE: 24.906083,
                Val Hausdorff: 79.401879,
                Atom Type Acc: 35.25%

Epoch 173/300 - Train Loss: 3.953307, 
                Val MAE: 22.045193, Val Optimized MAE: 13.736236, 
                Val Optimized Typed MAE: 24.416781,
                Val Hausdorff: 81.446667,
                Atom Type Acc: 36.94%

Epoch 174/300 - Train Loss: 4.050922, 
                Val MAE: 24.823339, Val Optimized MAE: 15.558963, 
                Val Optimized Typed MAE: 26.741755,
                Val Hausdorff: 85.284411,
                Atom Type Acc: 35.43%

Epoch 175/300 - Train Loss: 4.134306, 
                Val MAE: 23.797985, Val Optimized MAE: 14.585191, 
                Val Optimized Typed MAE: 25.767316,
                Val Hausdorff: 80.938926,
                Atom Type Acc: 35.96%

Epoch 176/300 - Train Loss: 3.989586, 
                Val MAE: 26.468668, Val Optimized MAE: 17.022616, 
                Val Optimized Typed MAE: 28.372417,
                Val Hausdorff: 86.924777,
                Atom Type Acc: 34.05%

Epoch 177/300 - Train Loss: 4.021522, 
                Val MAE: 23.880922, Val Optimized MAE: 15.108858, 
                Val Optimized Typed MAE: 26.354040,
                Val Hausdorff: 87.704758,
                Atom Type Acc: 35.32%

Epoch 178/300 - Train Loss: 4.151979, 
                Val MAE: 24.891621, Val Optimized MAE: 15.553939, 
                Val Optimized Typed MAE: 26.743531,
                Val Hausdorff: 85.465874,
                Atom Type Acc: 34.79%

Epoch 179/300 - Train Loss: 3.996367, 
                Val MAE: 24.381485, Val Optimized MAE: 15.257684, 
                Val Optimized Typed MAE: 26.803383,
                Val Hausdorff: 84.986565,
                Atom Type Acc: 33.19%

Epoch 180/300 - Train Loss: 3.993227, 
                Val MAE: 22.605694, Val Optimized MAE: 13.934399, 
                Val Optimized Typed MAE: 25.116922,
                Val Hausdorff: 79.821889,
                Atom Type Acc: 34.88%

Epoch 181/300 - Train Loss: 4.062013, 
                Val MAE: 24.913851, Val Optimized MAE: 15.774692, 
                Val Optimized Typed MAE: 27.203139,
                Val Hausdorff: 86.383170,
                Atom Type Acc: 34.12%

Epoch 182/300 - Train Loss: 3.953610, 
                Val MAE: 26.740452, Val Optimized MAE: 16.621413, 
                Val Optimized Typed MAE: 28.475936,
                Val Hausdorff: 87.191500,
                Atom Type Acc: 32.54%

Epoch 183/300 - Train Loss: 3.879226, 
                Val MAE: 28.717449, Val Optimized MAE: 19.028511, 
                Val Optimized Typed MAE: 30.226668,
                Val Hausdorff: 93.482330,
                Atom Type Acc: 34.21%

Epoch 184/300 - Train Loss: 3.835959, 
                Val MAE: 25.159105, Val Optimized MAE: 16.226270, 
                Val Optimized Typed MAE: 27.307534,
                Val Hausdorff: 86.069831,
                Atom Type Acc: 35.08%

Epoch 185/300 - Train Loss: 3.752363, 
                Val MAE: 27.201050, Val Optimized MAE: 17.288434, 
                Val Optimized Typed MAE: 28.402439,
                Val Hausdorff: 84.207880,
                Atom Type Acc: 35.26%

Epoch 186/300 - Train Loss: 3.910253, 
                Val MAE: 28.692392, Val Optimized MAE: 19.060815, 
                Val Optimized Typed MAE: 30.739612,
                Val Hausdorff: 94.040720,
                Atom Type Acc: 32.97%

Epoch 187/300 - Train Loss: 3.814413, 
                Val MAE: 27.772573, Val Optimized MAE: 17.744356, 
                Val Optimized Typed MAE: 28.944034,
                Val Hausdorff: 89.562514,
                Atom Type Acc: 33.77%

Epoch 188/300 - Train Loss: 3.760252, 
                Val MAE: 27.652061, Val Optimized MAE: 18.698763, 
                Val Optimized Typed MAE: 29.268814,
                Val Hausdorff: 92.210725,
                Atom Type Acc: 36.72%

Epoch 189/300 - Train Loss: 3.751503, 
                Val MAE: 29.203878, Val Optimized MAE: 19.557965, 
                Val Optimized Typed MAE: 30.660049,
                Val Hausdorff: 97.261406,
                Atom Type Acc: 34.96%

Epoch 190/300 - Train Loss: 3.795462, 
                Val MAE: 28.695885, Val Optimized MAE: 19.763844, 
                Val Optimized Typed MAE: 30.815661,
                Val Hausdorff: 97.174884,
                Atom Type Acc: 34.48%

Epoch 191/300 - Train Loss: 3.906900, 
                Val MAE: 26.388416, Val Optimized MAE: 17.667355, 
                Val Optimized Typed MAE: 28.311480,
                Val Hausdorff: 96.217025,
                Atom Type Acc: 36.22%

Epoch 192/300 - Train Loss: 3.748781, 
                Val MAE: 27.799238, Val Optimized MAE: 18.935600, 
                Val Optimized Typed MAE: 29.955961,
                Val Hausdorff: 97.893511,
                Atom Type Acc: 35.17%

Epoch 193/300 - Train Loss: 3.809881, 
                Val MAE: 28.354836, Val Optimized MAE: 19.175344, 
                Val Optimized Typed MAE: 30.285283,
                Val Hausdorff: 92.166005,
                Atom Type Acc: 35.06%

Epoch 194/300 - Train Loss: 3.825884, 
                Val MAE: 29.968773, Val Optimized MAE: 20.548347, 
                Val Optimized Typed MAE: 31.258208,
                Val Hausdorff: 99.403077,
                Atom Type Acc: 36.15%

Epoch 195/300 - Train Loss: 3.758819, 
                Val MAE: 32.489941, Val Optimized MAE: 23.176773, 
                Val Optimized Typed MAE: 33.724628,
                Val Hausdorff: 109.096415,
                Atom Type Acc: 36.13%

Epoch 196/300 - Train Loss: 3.751022, 
                Val MAE: 29.954960, Val Optimized MAE: 21.183130, 
                Val Optimized Typed MAE: 31.653200,
                Val Hausdorff: 103.268540,
                Atom Type Acc: 36.91%

Epoch 197/300 - Train Loss: 3.729044, 
                Val MAE: 30.439404, Val Optimized MAE: 21.444640, 
                Val Optimized Typed MAE: 31.854202,
                Val Hausdorff: 100.658600,
                Atom Type Acc: 37.25%

Epoch 198/300 - Train Loss: 3.676074, 
                Val MAE: 33.064869, Val Optimized MAE: 23.423234, 
                Val Optimized Typed MAE: 34.542179,
                Val Hausdorff: 111.326939,
                Atom Type Acc: 34.80%

Epoch 199/300 - Train Loss: 3.670895, 
                Val MAE: 30.833128, Val Optimized MAE: 21.949115, 
                Val Optimized Typed MAE: 32.530780,
                Val Hausdorff: 99.957014,
                Atom Type Acc: 36.75%

Epoch 200/300 - Train Loss: 3.655346, 
                Val MAE: 30.530731, Val Optimized MAE: 21.641234, 
                Val Optimized Typed MAE: 32.829929,
                Val Hausdorff: 104.446838,
                Atom Type Acc: 34.45%

Epoch 201/300 - Train Loss: 3.600959, 
                Val MAE: 32.554108, Val Optimized MAE: 23.466922, 
                Val Optimized Typed MAE: 34.169748,
                Val Hausdorff: 106.796261,
                Atom Type Acc: 36.29%

Epoch 202/300 - Train Loss: 3.624133, 
                Val MAE: 35.283241, Val Optimized MAE: 25.374210, 
                Val Optimized Typed MAE: 36.537125,
                Val Hausdorff: 111.043987,
                Atom Type Acc: 34.61%

Epoch 203/300 - Train Loss: 3.695651, 
                Val MAE: 31.434101, Val Optimized MAE: 22.233226, 
                Val Optimized Typed MAE: 32.550049,
                Val Hausdorff: 104.680278,
                Atom Type Acc: 38.17%

Epoch 204/300 - Train Loss: 3.593644, 
                Val MAE: 34.933414, Val Optimized MAE: 26.229412, 
                Val Optimized Typed MAE: 36.509021,
                Val Hausdorff: 118.729021,
                Atom Type Acc: 37.66%

Epoch 205/300 - Train Loss: 3.617984, 
                Val MAE: 35.970913, Val Optimized MAE: 26.308287, 
                Val Optimized Typed MAE: 36.684938,
                Val Hausdorff: 115.313475,
                Atom Type Acc: 37.00%

Epoch 206/300 - Train Loss: 3.662264, 
                Val MAE: 33.553558, Val Optimized MAE: 24.680999, 
                Val Optimized Typed MAE: 35.509745,
                Val Hausdorff: 115.551121,
                Atom Type Acc: 35.65%

Epoch 207/300 - Train Loss: 3.710452, 
                Val MAE: 36.065815, Val Optimized MAE: 27.015830, 
                Val Optimized Typed MAE: 37.669934,
                Val Hausdorff: 121.454693,
                Atom Type Acc: 35.75%

Epoch 208/300 - Train Loss: 3.673854, 
                Val MAE: 37.098732, Val Optimized MAE: 27.265134, 
                Val Optimized Typed MAE: 38.635322,
                Val Hausdorff: 118.284787,
                Atom Type Acc: 33.31%

Epoch 209/300 - Train Loss: 3.550388, 
                Val MAE: 36.535465, Val Optimized MAE: 26.524196, 
                Val Optimized Typed MAE: 37.037922,
                Val Hausdorff: 115.364139,
                Atom Type Acc: 36.35%

Epoch 210/300 - Train Loss: 3.630027, 
                Val MAE: 38.694878, Val Optimized MAE: 28.659043, 
                Val Optimized Typed MAE: 39.514562,
                Val Hausdorff: 121.206169,
                Atom Type Acc: 36.13%

Epoch 211/300 - Train Loss: 3.474687, 
                Val MAE: 39.346004, Val Optimized MAE: 29.403408, 
                Val Optimized Typed MAE: 40.220551,
                Val Hausdorff: 121.296569,
                Atom Type Acc: 35.08%

Epoch 212/300 - Train Loss: 3.575176, 
                Val MAE: 37.054832, Val Optimized MAE: 27.789673, 
                Val Optimized Typed MAE: 38.581804,
                Val Hausdorff: 119.646352,
                Atom Type Acc: 35.68%

Epoch 213/300 - Train Loss: 3.656919, 
                Val MAE: 40.703499, Val Optimized MAE: 31.212962, 
                Val Optimized Typed MAE: 42.305466,
                Val Hausdorff: 129.043773,
                Atom Type Acc: 34.37%

Epoch 214/300 - Train Loss: 3.570517, 
                Val MAE: 42.905251, Val Optimized MAE: 33.247162, 
                Val Optimized Typed MAE: 43.615942,
                Val Hausdorff: 132.133148,
                Atom Type Acc: 36.34%

Epoch 215/300 - Train Loss: 3.488436, 
                Val MAE: 39.485500, Val Optimized MAE: 30.153518, 
                Val Optimized Typed MAE: 41.161851,
                Val Hausdorff: 122.765523,
                Atom Type Acc: 34.27%

Epoch 216/300 - Train Loss: 3.429416, 
                Val MAE: 41.271648, Val Optimized MAE: 31.935751, 
                Val Optimized Typed MAE: 42.208575,
                Val Hausdorff: 125.067830,
                Atom Type Acc: 37.87%

Epoch 217/300 - Train Loss: 3.399398, 
                Val MAE: 39.770741, Val Optimized MAE: 30.120703, 
                Val Optimized Typed MAE: 40.766656,
                Val Hausdorff: 125.683423,
                Atom Type Acc: 36.32%

Epoch 218/300 - Train Loss: 3.474496, 
                Val MAE: 39.748119, Val Optimized MAE: 30.360307, 
                Val Optimized Typed MAE: 41.072584,
                Val Hausdorff: 126.547058,
                Atom Type Acc: 35.98%

Epoch 219/300 - Train Loss: 3.410035, 
                Val MAE: 39.505123, Val Optimized MAE: 30.522895, 
                Val Optimized Typed MAE: 41.367350,
                Val Hausdorff: 126.992702,
                Atom Type Acc: 35.23%

Epoch 220/300 - Train Loss: 3.457275, 
                Val MAE: 45.296337, Val Optimized MAE: 35.147793, 
                Val Optimized Typed MAE: 46.471941,
                Val Hausdorff: 133.977132,
                Atom Type Acc: 33.32%

Epoch 221/300 - Train Loss: 3.499488, 
                Val MAE: 39.509590, Val Optimized MAE: 29.760115, 
                Val Optimized Typed MAE: 41.071838,
                Val Hausdorff: 126.761741,
                Atom Type Acc: 33.04%

Epoch 222/300 - Train Loss: 3.376910, 
                Val MAE: 42.033623, Val Optimized MAE: 33.002564, 
                Val Optimized Typed MAE: 43.768299,
                Val Hausdorff: 129.838978,
                Atom Type Acc: 35.82%

Epoch 223/300 - Train Loss: 3.483363, 
                Val MAE: 46.182930, Val Optimized MAE: 35.746948, 
                Val Optimized Typed MAE: 46.966411,
                Val Hausdorff: 131.653703,
                Atom Type Acc: 33.79%

Epoch 224/300 - Train Loss: 3.469209, 
                Val MAE: 43.422359, Val Optimized MAE: 34.201696, 
                Val Optimized Typed MAE: 45.469689,
                Val Hausdorff: 137.650444,
                Atom Type Acc: 33.69%

Epoch 225/300 - Train Loss: 3.393089, 
                Val MAE: 45.042557, Val Optimized MAE: 35.242820, 
                Val Optimized Typed MAE: 46.471698,
                Val Hausdorff: 136.096380,
                Atom Type Acc: 33.77%

Epoch 226/300 - Train Loss: 3.240185, 
                Val MAE: 44.564224, Val Optimized MAE: 35.407012, 
                Val Optimized Typed MAE: 45.739215,
                Val Hausdorff: 137.002844,
                Atom Type Acc: 37.06%

Epoch 227/300 - Train Loss: 3.380612, 
                Val MAE: 47.191010, Val Optimized MAE: 37.256864, 
                Val Optimized Typed MAE: 48.075395,
                Val Hausdorff: 143.637404,
                Atom Type Acc: 35.38%

Epoch 228/300 - Train Loss: 3.462037, 
                Val MAE: 46.204861, Val Optimized MAE: 37.262319, 
                Val Optimized Typed MAE: 48.031714,
                Val Hausdorff: 146.784743,
                Atom Type Acc: 35.76%

Epoch 229/300 - Train Loss: 3.378703, 
                Val MAE: 50.487072, Val Optimized MAE: 40.776299, 
                Val Optimized Typed MAE: 51.973013,
                Val Hausdorff: 148.836915,
                Atom Type Acc: 33.67%

Epoch 230/300 - Train Loss: 3.379488, 
                Val MAE: 48.025398, Val Optimized MAE: 38.650671, 
                Val Optimized Typed MAE: 49.765193,
                Val Hausdorff: 149.777465,
                Atom Type Acc: 34.12%

Epoch 231/300 - Train Loss: 3.329061, 
                Val MAE: 51.644371, Val Optimized MAE: 41.689658, 
                Val Optimized Typed MAE: 53.002425,
                Val Hausdorff: 154.361329,
                Atom Type Acc: 33.00%

Epoch 232/300 - Train Loss: 3.309119, 
                Val MAE: 46.324631, Val Optimized MAE: 37.104657, 
                Val Optimized Typed MAE: 47.780830,
                Val Hausdorff: 139.862981,
                Atom Type Acc: 35.65%

Epoch 233/300 - Train Loss: 3.326674, 
                Val MAE: 51.493717, Val Optimized MAE: 42.054763, 
                Val Optimized Typed MAE: 53.109458,
                Val Hausdorff: 155.988011,
                Atom Type Acc: 34.79%

Epoch 234/300 - Train Loss: 3.403766, 
                Val MAE: 49.121357, Val Optimized MAE: 39.932119, 
                Val Optimized Typed MAE: 50.637681,
                Val Hausdorff: 152.490791,
                Atom Type Acc: 36.08%

Epoch 235/300 - Train Loss: 3.400651, 
                Val MAE: 45.353966, Val Optimized MAE: 36.465410, 
                Val Optimized Typed MAE: 47.292051,
                Val Hausdorff: 139.138323,
                Atom Type Acc: 35.84%

Epoch 236/300 - Train Loss: 3.250154, 
                Val MAE: 51.490604, Val Optimized MAE: 41.814442, 
                Val Optimized Typed MAE: 52.962862,
                Val Hausdorff: 150.603978,
                Atom Type Acc: 33.91%

Epoch 237/300 - Train Loss: 3.221547, 
                Val MAE: 51.890263, Val Optimized MAE: 42.198051, 
                Val Optimized Typed MAE: 53.297689,
                Val Hausdorff: 149.645736,
                Atom Type Acc: 33.98%

Epoch 238/300 - Train Loss: 3.314504, 
                Val MAE: 51.820137, Val Optimized MAE: 41.569356, 
                Val Optimized Typed MAE: 52.468973,
                Val Hausdorff: 148.533172,
                Atom Type Acc: 34.75%

Epoch 239/300 - Train Loss: 3.330943, 
                Val MAE: 54.610420, Val Optimized MAE: 44.612455, 
                Val Optimized Typed MAE: 55.321277,
                Val Hausdorff: 157.651603,
                Atom Type Acc: 35.93%

Epoch 240/300 - Train Loss: 3.207790, 
                Val MAE: 52.273560, Val Optimized MAE: 42.453669, 
                Val Optimized Typed MAE: 52.813736,
                Val Hausdorff: 156.784406,
                Atom Type Acc: 36.99%

Epoch 241/300 - Train Loss: 3.227371, 
                Val MAE: 53.788349, Val Optimized MAE: 44.207345, 
                Val Optimized Typed MAE: 54.788398,
                Val Hausdorff: 162.773787,
                Atom Type Acc: 36.85%

Epoch 242/300 - Train Loss: 3.166731, 
                Val MAE: 54.382824, Val Optimized MAE: 44.298796, 
                Val Optimized Typed MAE: 54.659101,
                Val Hausdorff: 156.815465,
                Atom Type Acc: 37.22%

Epoch 243/300 - Train Loss: 3.109197, 
                Val MAE: 54.650951, Val Optimized MAE: 44.957986, 
                Val Optimized Typed MAE: 55.757292,
                Val Hausdorff: 152.959837,
                Atom Type Acc: 35.27%

Epoch 244/300 - Train Loss: 3.233764, 
                Val MAE: 55.505405, Val Optimized MAE: 45.735244, 
                Val Optimized Typed MAE: 56.523858,
                Val Hausdorff: 168.555728,
                Atom Type Acc: 35.01%

Epoch 245/300 - Train Loss: 3.134429, 
                Val MAE: 56.421284, Val Optimized MAE: 46.977200, 
                Val Optimized Typed MAE: 57.776562,
                Val Hausdorff: 168.703020,
                Atom Type Acc: 35.73%

Epoch 246/300 - Train Loss: 3.244079, 
                Val MAE: 54.730614, Val Optimized MAE: 45.037856, 
                Val Optimized Typed MAE: 55.577778,
                Val Hausdorff: 161.019945,
                Atom Type Acc: 36.66%

Epoch 247/300 - Train Loss: 3.213957, 
                Val MAE: 56.747337, Val Optimized MAE: 46.843786, 
                Val Optimized Typed MAE: 57.778386,
                Val Hausdorff: 158.734284,
                Atom Type Acc: 34.52%

Epoch 248/300 - Train Loss: 3.099834, 
                Val MAE: 57.176674, Val Optimized MAE: 47.354205, 
                Val Optimized Typed MAE: 57.770529,
                Val Hausdorff: 164.853862,
                Atom Type Acc: 37.22%

Epoch 249/300 - Train Loss: 3.163770, 
                Val MAE: 56.445267, Val Optimized MAE: 47.349277, 
                Val Optimized Typed MAE: 58.057093,
                Val Hausdorff: 165.462109,
                Atom Type Acc: 36.14%

Epoch 250/300 - Train Loss: 3.140690, 
                Val MAE: 57.382278, Val Optimized MAE: 48.284838, 
                Val Optimized Typed MAE: 59.261511,
                Val Hausdorff: 168.626876,
                Atom Type Acc: 34.29%

Epoch 251/300 - Train Loss: 3.183996, 
                Val MAE: 57.441227, Val Optimized MAE: 48.051690, 
                Val Optimized Typed MAE: 59.205936,
                Val Hausdorff: 169.487202,
                Atom Type Acc: 33.88%

Epoch 252/300 - Train Loss: 3.117162, 
                Val MAE: 62.140301, Val Optimized MAE: 52.055297, 
                Val Optimized Typed MAE: 63.357677,
                Val Hausdorff: 173.821894,
                Atom Type Acc: 33.14%

Epoch 253/300 - Train Loss: 3.103513, 
                Val MAE: 59.856182, Val Optimized MAE: 49.881002, 
                Val Optimized Typed MAE: 61.303902,
                Val Hausdorff: 170.643929,
                Atom Type Acc: 32.69%

Epoch 254/300 - Train Loss: 3.170095, 
                Val MAE: 60.431263, Val Optimized MAE: 50.576860, 
                Val Optimized Typed MAE: 62.324868,
                Val Hausdorff: 170.606449,
                Atom Type Acc: 31.61%

Epoch 255/300 - Train Loss: 3.146654, 
                Val MAE: 61.912258, Val Optimized MAE: 51.940686, 
                Val Optimized Typed MAE: 63.546516,
                Val Hausdorff: 179.283040,
                Atom Type Acc: 31.84%

Epoch 256/300 - Train Loss: 3.140865, 
                Val MAE: 63.121212, Val Optimized MAE: 53.832771, 
                Val Optimized Typed MAE: 65.065533,
                Val Hausdorff: 179.287767,
                Atom Type Acc: 33.60%

Epoch 257/300 - Train Loss: 3.143234, 
                Val MAE: 68.513954, Val Optimized MAE: 58.537369, 
                Val Optimized Typed MAE: 70.560147,
                Val Hausdorff: 195.699647,
                Atom Type Acc: 30.22%

Epoch 258/300 - Train Loss: 2.978563, 
                Val MAE: 63.555790, Val Optimized MAE: 53.670943, 
                Val Optimized Typed MAE: 64.666445,
                Val Hausdorff: 183.123234,
                Atom Type Acc: 33.71%

Epoch 259/300 - Train Loss: 3.129104, 
                Val MAE: 65.369156, Val Optimized MAE: 55.700880, 
                Val Optimized Typed MAE: 66.908476,
                Val Hausdorff: 177.466756,
                Atom Type Acc: 32.92%

Epoch 260/300 - Train Loss: 3.067157, 
                Val MAE: 65.448059, Val Optimized MAE: 56.069058, 
                Val Optimized Typed MAE: 67.388876,
                Val Hausdorff: 182.836015,
                Atom Type Acc: 33.07%

Epoch 261/300 - Train Loss: 3.092918, 
                Val MAE: 69.457268, Val Optimized MAE: 59.811747, 
                Val Optimized Typed MAE: 71.150213,
                Val Hausdorff: 189.883282,
                Atom Type Acc: 33.31%

Epoch 262/300 - Train Loss: 3.028094, 
                Val MAE: 68.314270, Val Optimized MAE: 58.584919, 
                Val Optimized Typed MAE: 69.216476,
                Val Hausdorff: 191.637784,
                Atom Type Acc: 35.52%

Epoch 263/300 - Train Loss: 2.937924, 
                Val MAE: 69.250534, Val Optimized MAE: 58.713112, 
                Val Optimized Typed MAE: 70.230897,
                Val Hausdorff: 197.697566,
                Atom Type Acc: 32.31%

Epoch 264/300 - Train Loss: 3.050372, 
                Val MAE: 66.886429, Val Optimized MAE: 57.337668, 
                Val Optimized Typed MAE: 68.769997,
                Val Hausdorff: 182.882030,
                Atom Type Acc: 32.57%

Epoch 265/300 - Train Loss: 2.947384, 
                Val MAE: 66.810120, Val Optimized MAE: 56.205990, 
                Val Optimized Typed MAE: 66.984945,
                Val Hausdorff: 180.040271,
                Atom Type Acc: 35.32%

Epoch 266/300 - Train Loss: 3.027232, 
                Val MAE: 69.759132, Val Optimized MAE: 59.470571, 
                Val Optimized Typed MAE: 70.842561,
                Val Hausdorff: 190.957202,
                Atom Type Acc: 32.71%

Epoch 267/300 - Train Loss: 2.978802, 
                Val MAE: 66.296059, Val Optimized MAE: 56.703301, 
                Val Optimized Typed MAE: 67.645762,
                Val Hausdorff: 180.006751,
                Atom Type Acc: 34.71%

Epoch 268/300 - Train Loss: 3.109891, 
                Val MAE: 71.327377, Val Optimized MAE: 61.110104, 
                Val Optimized Typed MAE: 72.185189,
                Val Hausdorff: 199.624068,
                Atom Type Acc: 33.77%

Epoch 269/300 - Train Loss: 3.030044, 
                Val MAE: 69.509422, Val Optimized MAE: 60.193989, 
                Val Optimized Typed MAE: 71.146566,
                Val Hausdorff: 194.426241,
                Atom Type Acc: 34.49%

Epoch 270/300 - Train Loss: 2.938668, 
                Val MAE: 73.742722, Val Optimized MAE: 63.980764, 
                Val Optimized Typed MAE: 74.937534,
                Val Hausdorff: 199.651716,
                Atom Type Acc: 34.20%

Epoch 271/300 - Train Loss: 2.926813, 
                Val MAE: 70.690590, Val Optimized MAE: 60.804215, 
                Val Optimized Typed MAE: 71.237568,
                Val Hausdorff: 195.011990,
                Atom Type Acc: 36.39%

Epoch 272/300 - Train Loss: 3.063414, 
                Val MAE: 69.962059, Val Optimized MAE: 60.084014, 
                Val Optimized Typed MAE: 70.866958,
                Val Hausdorff: 191.639069,
                Atom Type Acc: 35.05%

Epoch 273/300 - Train Loss: 2.981682, 
                Val MAE: 72.552254, Val Optimized MAE: 62.430479, 
                Val Optimized Typed MAE: 73.565077,
                Val Hausdorff: 200.980772,
                Atom Type Acc: 33.57%

Epoch 274/300 - Train Loss: 2.987773, 
                Val MAE: 71.966255, Val Optimized MAE: 62.720022, 
                Val Optimized Typed MAE: 73.412366,
                Val Hausdorff: 203.875705,
                Atom Type Acc: 35.69%

Epoch 275/300 - Train Loss: 2.964134, 
                Val MAE: 75.421761, Val Optimized MAE: 65.927258, 
                Val Optimized Typed MAE: 76.968989,
                Val Hausdorff: 206.008602,
                Atom Type Acc: 34.20%

Epoch 276/300 - Train Loss: 2.998664, 
                Val MAE: 77.893456, Val Optimized MAE: 67.864943, 
                Val Optimized Typed MAE: 78.724211,
                Val Hausdorff: 215.090868,
                Atom Type Acc: 34.81%

Epoch 277/300 - Train Loss: 2.929536, 
                Val MAE: 75.441826, Val Optimized MAE: 65.396212, 
                Val Optimized Typed MAE: 76.210887,
                Val Hausdorff: 202.612129,
                Atom Type Acc: 34.42%

Epoch 278/300 - Train Loss: 2.868968, 
                Val MAE: 78.597328, Val Optimized MAE: 68.295922, 
                Val Optimized Typed MAE: 79.116534,
                Val Hausdorff: 207.770003,
                Atom Type Acc: 34.60%

Epoch 279/300 - Train Loss: 2.996264, 
                Val MAE: 74.223389, Val Optimized MAE: 64.546838, 
                Val Optimized Typed MAE: 75.148322,
                Val Hausdorff: 201.579584,
                Atom Type Acc: 35.88%

Epoch 280/300 - Train Loss: 2.929996, 
                Val MAE: 74.992310, Val Optimized MAE: 64.895183, 
                Val Optimized Typed MAE: 76.215781,
                Val Hausdorff: 200.716017,
                Atom Type Acc: 32.65%

Epoch 281/300 - Train Loss: 2.942012, 
                Val MAE: 74.793335, Val Optimized MAE: 64.414732, 
                Val Optimized Typed MAE: 75.528581,
                Val Hausdorff: 202.561359,
                Atom Type Acc: 33.41%

Epoch 282/300 - Train Loss: 2.900339, 
                Val MAE: 73.056488, Val Optimized MAE: 63.479129, 
                Val Optimized Typed MAE: 74.323561,
                Val Hausdorff: 200.340958,
                Atom Type Acc: 34.66%

Epoch 283/300 - Train Loss: 2.924014, 
                Val MAE: 75.344116, Val Optimized MAE: 65.244122, 
                Val Optimized Typed MAE: 76.422241,
                Val Hausdorff: 199.858210,
                Atom Type Acc: 32.60%

Epoch 284/300 - Train Loss: 3.011065, 
                Val MAE: 73.997261, Val Optimized MAE: 64.548282, 
                Val Optimized Typed MAE: 75.841280,
                Val Hausdorff: 195.695598,
                Atom Type Acc: 32.92%

Epoch 285/300 - Train Loss: 2.850653, 
                Val MAE: 79.026970, Val Optimized MAE: 68.980848, 
                Val Optimized Typed MAE: 80.391976,
                Val Hausdorff: 210.101932,
                Atom Type Acc: 32.06%

Epoch 286/300 - Train Loss: 2.791816, 
                Val MAE: 81.793686, Val Optimized MAE: 71.757361, 
                Val Optimized Typed MAE: 83.487319,
                Val Hausdorff: 221.750683,
                Atom Type Acc: 31.00%

Epoch 287/300 - Train Loss: 2.938072, 
                Val MAE: 80.885239, Val Optimized MAE: 71.211784, 
                Val Optimized Typed MAE: 82.515074,
                Val Hausdorff: 212.959550,
                Atom Type Acc: 32.78%

Epoch 288/300 - Train Loss: 2.832799, 
                Val MAE: 84.687874, Val Optimized MAE: 74.019088, 
                Val Optimized Typed MAE: 85.518790,
                Val Hausdorff: 225.089481,
                Atom Type Acc: 32.03%

Epoch 289/300 - Train Loss: 2.756658, 
                Val MAE: 81.466087, Val Optimized MAE: 71.433619, 
                Val Optimized Typed MAE: 82.844186,
                Val Hausdorff: 217.348441,
                Atom Type Acc: 32.07%

Epoch 290/300 - Train Loss: 2.827894, 
                Val MAE: 81.359268, Val Optimized MAE: 71.489118, 
                Val Optimized Typed MAE: 82.827819,
                Val Hausdorff: 219.282552,
                Atom Type Acc: 32.57%

Epoch 291/300 - Train Loss: 2.896159, 
                Val MAE: 81.132362, Val Optimized MAE: 71.586875, 
                Val Optimized Typed MAE: 82.530249,
                Val Hausdorff: 214.443307,
                Atom Type Acc: 34.31%

Epoch 292/300 - Train Loss: 2.856649, 
                Val MAE: 81.067871, Val Optimized MAE: 71.301597, 
                Val Optimized Typed MAE: 82.224516,
                Val Hausdorff: 213.417209,
                Atom Type Acc: 34.25%

Epoch 293/300 - Train Loss: 2.810438, 
                Val MAE: 86.787636, Val Optimized MAE: 76.610081, 
                Val Optimized Typed MAE: 87.784358,
                Val Hausdorff: 226.256921,
                Atom Type Acc: 33.33%

Epoch 294/300 - Train Loss: 2.743095, 
                Val MAE: 82.450233, Val Optimized MAE: 72.742480, 
                Val Optimized Typed MAE: 84.008471,
                Val Hausdorff: 219.618315,
                Atom Type Acc: 32.65%

Epoch 295/300 - Train Loss: 2.760800, 
                Val MAE: 83.910393, Val Optimized MAE: 73.878907, 
                Val Optimized Typed MAE: 84.728498,
                Val Hausdorff: 222.636305,
                Atom Type Acc: 34.70%

Epoch 296/300 - Train Loss: 2.759032, 
                Val MAE: 82.188515, Val Optimized MAE: 72.532799, 
                Val Optimized Typed MAE: 83.421049,
                Val Hausdorff: 219.570694,
                Atom Type Acc: 34.48%

Epoch 297/300 - Train Loss: 2.684759, 
                Val MAE: 87.919441, Val Optimized MAE: 78.165064, 
                Val Optimized Typed MAE: 88.927179,
                Val Hausdorff: 237.914426,
                Atom Type Acc: 35.08%

Epoch 298/300 - Train Loss: 2.705294, 
                Val MAE: 90.426483, Val Optimized MAE: 81.015152, 
                Val Optimized Typed MAE: 91.495692,
                Val Hausdorff: 246.898398,
                Atom Type Acc: 35.91%

Epoch 299/300 - Train Loss: 2.694170, 
                Val MAE: 87.335396, Val Optimized MAE: 77.229021, 
                Val Optimized Typed MAE: 88.556452,
                Val Hausdorff: 234.243249,
                Atom Type Acc: 32.23%

Epoch 300/300 - Train Loss: 2.714226, 
                Val MAE: 87.630333, Val Optimized MAE: 77.981174, 
                Val Optimized Typed MAE: 89.126972,
                Val Hausdorff: 229.812698,
                Atom Type Acc: 33.65%
Training complete. Model saved to 'diffusion_results/AbsPositionRegressionXPDF_20250517_113739_job35_task0/samples/training_samples/pos_abs_T1000_lr0.0001_epochs300_batch64_cond64_with_atoms_20250517-113741/vector_conditioned_rgb_model.pt'
Test MAE: 92.3103,
        Test Optimized MAE: 82.6962,
        Test Optimized Typed MAE: 94.1033,
        Test Hausdorff: 238.5756,
        Test Atom Type Accuracy: 32.18%
Final test MAE: 92.3103, Test Hausdorff: 238.5756, Test Atom Type Accuracy: 32.18%
Final metrics saved to diffusion_results/AbsPositionRegressionXPDF_20250517_113739_job35_task0/samples/training_samples/pos_abs_T1000_lr0.0001_epochs300_batch64_cond64_with_atoms_20250517-113741/final_metrics.csv
----------------------------------------
Completed job with config file: configs/diffusion_xpdf_abs_T1000.yaml
----------------------------------------

----------------------------------------
Starting job with config file: configs/diffusion_xpdf_frac_T1000.yaml
----------------------------------------
Running experiment with model type: Diffusion
Loaded atom mapping with 54 categories for visualization
Loaded atom mapping with 54 categories
Created dataset with 2013 samples, image shape: torch.Size([2013, 3, 10, 10]), conditioning shape: torch.Size([2013, 6000])
Atom types shape: torch.Size([2013, 1, 10, 10]), with 54 categories
Loaded atom mapping with 54 categories
Created dataset with 252 samples, image shape: torch.Size([252, 3, 10, 10]), conditioning shape: torch.Size([252, 6000])
Atom types shape: torch.Size([252, 1, 10, 10]), with 54 categories
Loaded atom mapping with 54 categories
Created dataset with 252 samples, image shape: torch.Size([252, 3, 10, 10]), conditioning shape: torch.Size([252, 6000])
Atom types shape: torch.Size([252, 1, 10, 10]), with 54 categories
Using device: cuda:0

Epoch 1/300 - Train Loss: 5.676032, 
                Val MAE: 342.097534, Val Optimized MAE: 333.594464, 
                Val Optimized Typed MAE: 352.400401,
                Val Hausdorff: 762.687519,
                Atom Type Acc: 3.00%

Epoch 2/300 - Train Loss: 4.661215, 
                Val MAE: 304.193848, Val Optimized MAE: 300.150012, 
                Val Optimized Typed MAE: 318.419393,
                Val Hausdorff: 688.345647,
                Atom Type Acc: 4.97%

Epoch 3/300 - Train Loss: 4.624277, 
                Val MAE: 283.027832, Val Optimized MAE: 278.997927, 
                Val Optimized Typed MAE: 296.811345,
                Val Hausdorff: 647.264930,
                Atom Type Acc: 6.53%

Epoch 4/300 - Train Loss: 4.605244, 
                Val MAE: 260.515808, Val Optimized MAE: 256.272442, 
                Val Optimized Typed MAE: 273.619536,
                Val Hausdorff: 607.963795,
                Atom Type Acc: 8.25%

Epoch 5/300 - Train Loss: 4.599285, 
                Val MAE: 238.976181, Val Optimized MAE: 234.986627, 
                Val Optimized Typed MAE: 251.871643,
                Val Hausdorff: 572.956180,
                Atom Type Acc: 10.05%

Epoch 6/300 - Train Loss: 4.587229, 
                Val MAE: 219.514709, Val Optimized MAE: 215.756228, 
                Val Optimized Typed MAE: 232.321252,
                Val Hausdorff: 541.914172,
                Atom Type Acc: 11.30%

Epoch 7/300 - Train Loss: 4.579648, 
                Val MAE: 203.180634, Val Optimized MAE: 199.856723, 
                Val Optimized Typed MAE: 215.700959,
                Val Hausdorff: 513.007614,
                Atom Type Acc: 13.79%

Epoch 8/300 - Train Loss: 4.571233, 
                Val MAE: 188.890701, Val Optimized MAE: 184.906391, 
                Val Optimized Typed MAE: 200.515567,
                Val Hausdorff: 490.066786,
                Atom Type Acc: 14.76%

Epoch 9/300 - Train Loss: 4.563940, 
                Val MAE: 178.167313, Val Optimized MAE: 174.677348, 
                Val Optimized Typed MAE: 189.846551,
                Val Hausdorff: 474.395487,
                Atom Type Acc: 16.11%

Epoch 10/300 - Train Loss: 4.555167, 
                Val MAE: 167.069946, Val Optimized MAE: 163.986082, 
                Val Optimized Typed MAE: 177.983276,
                Val Hausdorff: 452.012649,
                Atom Type Acc: 20.29%

Epoch 11/300 - Train Loss: 4.532078, 
                Val MAE: 155.261368, Val Optimized MAE: 152.668281, 
                Val Optimized Typed MAE: 166.035371,
                Val Hausdorff: 445.437499,
                Atom Type Acc: 22.44%

Epoch 12/300 - Train Loss: 4.495478, 
                Val MAE: 156.530350, Val Optimized MAE: 152.320814, 
                Val Optimized Typed MAE: 165.573396,
                Val Hausdorff: 447.039039,
                Atom Type Acc: 22.61%

Epoch 13/300 - Train Loss: 4.437470, 
                Val MAE: 154.664185, Val Optimized MAE: 150.194596, 
                Val Optimized Typed MAE: 162.942628,
                Val Hausdorff: 444.910334,
                Atom Type Acc: 24.52%

Epoch 14/300 - Train Loss: 4.379476, 
                Val MAE: 160.487671, Val Optimized MAE: 156.734063, 
                Val Optimized Typed MAE: 168.323501,
                Val Hausdorff: 461.439537,
                Atom Type Acc: 28.62%

Epoch 15/300 - Train Loss: 4.313491, 
                Val MAE: 158.822403, Val Optimized MAE: 154.230246, 
                Val Optimized Typed MAE: 164.616879,
                Val Hausdorff: 445.886961,
                Atom Type Acc: 32.66%

Epoch 16/300 - Train Loss: 4.261547, 
                Val MAE: 158.004196, Val Optimized MAE: 153.890344, 
                Val Optimized Typed MAE: 163.727256,
                Val Hausdorff: 448.322792,
                Atom Type Acc: 35.10%

Epoch 17/300 - Train Loss: 4.247418, 
                Val MAE: 157.537460, Val Optimized MAE: 152.925918, 
                Val Optimized Typed MAE: 162.450118,
                Val Hausdorff: 432.772108,
                Atom Type Acc: 36.84%

Epoch 18/300 - Train Loss: 4.199367, 
                Val MAE: 158.604492, Val Optimized MAE: 152.774672, 
                Val Optimized Typed MAE: 162.214736,
                Val Hausdorff: 440.978824,
                Atom Type Acc: 37.29%

Epoch 19/300 - Train Loss: 4.215304, 
                Val MAE: 149.186844, Val Optimized MAE: 144.357002, 
                Val Optimized Typed MAE: 153.410271,
                Val Hausdorff: 432.427912,
                Atom Type Acc: 39.85%

Epoch 20/300 - Train Loss: 4.163193, 
                Val MAE: 144.096603, Val Optimized MAE: 140.043284, 
                Val Optimized Typed MAE: 148.828841,
                Val Hausdorff: 420.136470,
                Atom Type Acc: 42.29%

Epoch 21/300 - Train Loss: 4.134335, 
                Val MAE: 147.232330, Val Optimized MAE: 143.576884, 
                Val Optimized Typed MAE: 152.288692,
                Val Hausdorff: 425.793451,
                Atom Type Acc: 44.40%

Epoch 22/300 - Train Loss: 4.123520, 
                Val MAE: 149.626221, Val Optimized MAE: 144.777922, 
                Val Optimized Typed MAE: 153.476660,
                Val Hausdorff: 433.283207,
                Atom Type Acc: 45.58%

Epoch 23/300 - Train Loss: 4.096039, 
                Val MAE: 148.900894, Val Optimized MAE: 143.779486, 
                Val Optimized Typed MAE: 152.480662,
                Val Hausdorff: 427.703781,
                Atom Type Acc: 46.65%

Epoch 24/300 - Train Loss: 4.068885, 
                Val MAE: 155.287003, Val Optimized MAE: 150.755060, 
                Val Optimized Typed MAE: 159.454469,
                Val Hausdorff: 439.189526,
                Atom Type Acc: 48.15%

Epoch 25/300 - Train Loss: 4.068355, 
                Val MAE: 150.345612, Val Optimized MAE: 145.421660, 
                Val Optimized Typed MAE: 154.110207,
                Val Hausdorff: 435.325452,
                Atom Type Acc: 49.24%

Epoch 26/300 - Train Loss: 3.995957, 
                Val MAE: 148.063660, Val Optimized MAE: 142.085940, 
                Val Optimized Typed MAE: 150.794907,
                Val Hausdorff: 435.738294,
                Atom Type Acc: 48.37%

Epoch 27/300 - Train Loss: 3.977501, 
                Val MAE: 153.568954, Val Optimized MAE: 148.049347, 
                Val Optimized Typed MAE: 156.767088,
                Val Hausdorff: 434.713938,
                Atom Type Acc: 49.05%

Epoch 28/300 - Train Loss: 3.927043, 
                Val MAE: 160.438660, Val Optimized MAE: 153.527414, 
                Val Optimized Typed MAE: 162.244486,
                Val Hausdorff: 457.704776,
                Atom Type Acc: 48.64%

Epoch 29/300 - Train Loss: 3.858506, 
                Val MAE: 158.633133, Val Optimized MAE: 151.364125, 
                Val Optimized Typed MAE: 160.059120,
                Val Hausdorff: 447.689013,
                Atom Type Acc: 48.68%

Epoch 30/300 - Train Loss: 3.828627, 
                Val MAE: 157.588531, Val Optimized MAE: 151.209090, 
                Val Optimized Typed MAE: 159.901472,
                Val Hausdorff: 438.084779,
                Atom Type Acc: 47.66%

Epoch 31/300 - Train Loss: 3.774431, 
                Val MAE: 159.715546, Val Optimized MAE: 151.178717, 
                Val Optimized Typed MAE: 159.907398,
                Val Hausdorff: 434.679998,
                Atom Type Acc: 47.59%

Epoch 32/300 - Train Loss: 3.743898, 
                Val MAE: 158.577499, Val Optimized MAE: 149.750374, 
                Val Optimized Typed MAE: 158.463292,
                Val Hausdorff: 442.072721,
                Atom Type Acc: 47.82%

Epoch 33/300 - Train Loss: 3.659382, 
                Val MAE: 152.118927, Val Optimized MAE: 144.352988, 
                Val Optimized Typed MAE: 153.063105,
                Val Hausdorff: 425.869401,
                Atom Type Acc: 48.66%

Epoch 34/300 - Train Loss: 3.599741, 
                Val MAE: 150.928024, Val Optimized MAE: 143.667783, 
                Val Optimized Typed MAE: 152.426912,
                Val Hausdorff: 421.031266,
                Atom Type Acc: 46.93%

Epoch 35/300 - Train Loss: 3.567770, 
                Val MAE: 147.990417, Val Optimized MAE: 142.251757, 
                Val Optimized Typed MAE: 150.978793,
                Val Hausdorff: 424.333410,
                Atom Type Acc: 46.58%

Epoch 36/300 - Train Loss: 3.492725, 
                Val MAE: 144.417206, Val Optimized MAE: 138.285361, 
                Val Optimized Typed MAE: 147.134522,
                Val Hausdorff: 411.984424,
                Atom Type Acc: 45.94%

Epoch 37/300 - Train Loss: 3.453628, 
                Val MAE: 143.089081, Val Optimized MAE: 137.560410, 
                Val Optimized Typed MAE: 146.422611,
                Val Hausdorff: 413.129759,
                Atom Type Acc: 45.23%

Epoch 38/300 - Train Loss: 3.409894, 
                Val MAE: 139.154205, Val Optimized MAE: 134.112730, 
                Val Optimized Typed MAE: 143.129464,
                Val Hausdorff: 401.842491,
                Atom Type Acc: 44.21%

Epoch 39/300 - Train Loss: 3.370836, 
                Val MAE: 145.358582, Val Optimized MAE: 139.251604, 
                Val Optimized Typed MAE: 148.174058,
                Val Hausdorff: 405.381429,
                Atom Type Acc: 44.51%

Epoch 40/300 - Train Loss: 3.349383, 
                Val MAE: 137.339432, Val Optimized MAE: 130.886976, 
                Val Optimized Typed MAE: 140.005995,
                Val Hausdorff: 387.531456,
                Atom Type Acc: 43.89%

Epoch 41/300 - Train Loss: 3.264477, 
                Val MAE: 136.575790, Val Optimized MAE: 130.874805, 
                Val Optimized Typed MAE: 140.862400,
                Val Hausdorff: 395.335613,
                Atom Type Acc: 38.43%

Epoch 42/300 - Train Loss: 3.227281, 
                Val MAE: 128.996338, Val Optimized MAE: 122.968383, 
                Val Optimized Typed MAE: 132.348305,
                Val Hausdorff: 372.260371,
                Atom Type Acc: 41.79%

Epoch 43/300 - Train Loss: 3.256323, 
                Val MAE: 137.445557, Val Optimized MAE: 131.611098, 
                Val Optimized Typed MAE: 141.051707,
                Val Hausdorff: 383.336497,
                Atom Type Acc: 42.31%

Epoch 44/300 - Train Loss: 3.161754, 
                Val MAE: 133.544235, Val Optimized MAE: 126.842518, 
                Val Optimized Typed MAE: 136.533817,
                Val Hausdorff: 376.623062,
                Atom Type Acc: 40.52%

Epoch 45/300 - Train Loss: 3.112142, 
                Val MAE: 132.888275, Val Optimized MAE: 127.942040, 
                Val Optimized Typed MAE: 138.613952,
                Val Hausdorff: 376.483040,
                Atom Type Acc: 35.54%

Epoch 46/300 - Train Loss: 3.131826, 
                Val MAE: 130.517776, Val Optimized MAE: 125.350498, 
                Val Optimized Typed MAE: 137.312302,
                Val Hausdorff: 376.152019,
                Atom Type Acc: 30.72%

Epoch 47/300 - Train Loss: 3.072596, 
                Val MAE: 126.744102, Val Optimized MAE: 121.186646, 
                Val Optimized Typed MAE: 132.751640,
                Val Hausdorff: 366.643136,
                Atom Type Acc: 31.94%

Epoch 48/300 - Train Loss: 3.032355, 
                Val MAE: 125.428200, Val Optimized MAE: 119.987391, 
                Val Optimized Typed MAE: 133.399631,
                Val Hausdorff: 367.198392,
                Atom Type Acc: 25.42%

Epoch 49/300 - Train Loss: 3.069626, 
                Val MAE: 126.964714, Val Optimized MAE: 121.328182, 
                Val Optimized Typed MAE: 136.104183,
                Val Hausdorff: 369.206496,
                Atom Type Acc: 20.47%

Epoch 50/300 - Train Loss: 3.024397, 
                Val MAE: 131.277023, Val Optimized MAE: 125.330762, 
                Val Optimized Typed MAE: 140.343761,
                Val Hausdorff: 371.761130,
                Atom Type Acc: 19.61%

Epoch 51/300 - Train Loss: 2.969191, 
                Val MAE: 129.279266, Val Optimized MAE: 124.480719, 
                Val Optimized Typed MAE: 139.399766,
                Val Hausdorff: 361.097783,
                Atom Type Acc: 20.13%

Epoch 52/300 - Train Loss: 2.945444, 
                Val MAE: 123.869995, Val Optimized MAE: 118.555935, 
                Val Optimized Typed MAE: 134.657671,
                Val Hausdorff: 354.287254,
                Atom Type Acc: 15.98%

Epoch 53/300 - Train Loss: 2.923559, 
                Val MAE: 119.960571, Val Optimized MAE: 113.767868, 
                Val Optimized Typed MAE: 130.252672,
                Val Hausdorff: 340.417972,
                Atom Type Acc: 14.18%

Epoch 54/300 - Train Loss: 2.911642, 
                Val MAE: 126.623062, Val Optimized MAE: 120.734620, 
                Val Optimized Typed MAE: 136.992513,
                Val Hausdorff: 363.237666,
                Atom Type Acc: 15.19%

Epoch 55/300 - Train Loss: 2.860960, 
                Val MAE: 126.360390, Val Optimized MAE: 120.776421, 
                Val Optimized Typed MAE: 137.260739,
                Val Hausdorff: 359.211854,
                Atom Type Acc: 14.54%

Epoch 56/300 - Train Loss: 2.824424, 
                Val MAE: 121.789062, Val Optimized MAE: 116.673253, 
                Val Optimized Typed MAE: 133.905164,
                Val Hausdorff: 353.884847,
                Atom Type Acc: 11.49%

Epoch 57/300 - Train Loss: 2.815450, 
                Val MAE: 128.385696, Val Optimized MAE: 122.091951, 
                Val Optimized Typed MAE: 139.941518,
                Val Hausdorff: 362.502447,
                Atom Type Acc: 9.29%

Epoch 58/300 - Train Loss: 2.759254, 
                Val MAE: 124.271423, Val Optimized MAE: 118.576738, 
                Val Optimized Typed MAE: 136.432246,
                Val Hausdorff: 358.348096,
                Atom Type Acc: 9.26%

Epoch 59/300 - Train Loss: 2.730978, 
                Val MAE: 127.521103, Val Optimized MAE: 121.521320, 
                Val Optimized Typed MAE: 138.919642,
                Val Hausdorff: 359.435123,
                Atom Type Acc: 11.07%

Epoch 60/300 - Train Loss: 2.827279, 
                Val MAE: 122.843201, Val Optimized MAE: 117.191174, 
                Val Optimized Typed MAE: 135.103651,
                Val Hausdorff: 354.742565,
                Atom Type Acc: 8.98%

Epoch 61/300 - Train Loss: 2.743576, 
                Val MAE: 123.224342, Val Optimized MAE: 117.310589, 
                Val Optimized Typed MAE: 135.862471,
                Val Hausdorff: 348.437591,
                Atom Type Acc: 6.34%

Epoch 62/300 - Train Loss: 2.695697, 
                Val MAE: 125.867119, Val Optimized MAE: 120.033654, 
                Val Optimized Typed MAE: 138.917803,
                Val Hausdorff: 360.555855,
                Atom Type Acc: 5.08%

Epoch 63/300 - Train Loss: 2.640361, 
                Val MAE: 126.056274, Val Optimized MAE: 121.036521, 
                Val Optimized Typed MAE: 140.070265,
                Val Hausdorff: 363.758760,
                Atom Type Acc: 4.27%

Epoch 64/300 - Train Loss: 2.606258, 
                Val MAE: 123.551842, Val Optimized MAE: 118.279518, 
                Val Optimized Typed MAE: 137.611091,
                Val Hausdorff: 355.843460,
                Atom Type Acc: 3.00%

Epoch 65/300 - Train Loss: 2.726021, 
                Val MAE: 123.910728, Val Optimized MAE: 118.694645, 
                Val Optimized Typed MAE: 137.426178,
                Val Hausdorff: 350.609248,
                Atom Type Acc: 5.62%

Epoch 66/300 - Train Loss: 2.618697, 
                Val MAE: 121.249863, Val Optimized MAE: 116.040419, 
                Val Optimized Typed MAE: 134.983328,
                Val Hausdorff: 347.572111,
                Atom Type Acc: 4.65%

Epoch 67/300 - Train Loss: 2.605471, 
                Val MAE: 125.361214, Val Optimized MAE: 120.397904, 
                Val Optimized Typed MAE: 139.832009,
                Val Hausdorff: 358.172637,
                Atom Type Acc: 2.58%

Epoch 68/300 - Train Loss: 2.589273, 
                Val MAE: 126.180916, Val Optimized MAE: 120.458060, 
                Val Optimized Typed MAE: 139.884628,
                Val Hausdorff: 355.411742,
                Atom Type Acc: 2.69%

Epoch 69/300 - Train Loss: 2.472704, 
                Val MAE: 127.189819, Val Optimized MAE: 122.261615, 
                Val Optimized Typed MAE: 141.812210,
                Val Hausdorff: 363.399465,
                Atom Type Acc: 2.03%

Epoch 70/300 - Train Loss: 2.594036, 
                Val MAE: 119.597137, Val Optimized MAE: 113.589502, 
                Val Optimized Typed MAE: 132.959839,
                Val Hausdorff: 343.910189,
                Atom Type Acc: 2.78%

Epoch 71/300 - Train Loss: 2.486200, 
                Val MAE: 125.532677, Val Optimized MAE: 120.447267, 
                Val Optimized Typed MAE: 139.864417,
                Val Hausdorff: 360.849489,
                Atom Type Acc: 2.61%

Epoch 72/300 - Train Loss: 2.448429, 
                Val MAE: 122.888428, Val Optimized MAE: 117.831792, 
                Val Optimized Typed MAE: 137.473109,
                Val Hausdorff: 350.242464,
                Atom Type Acc: 1.58%

Epoch 73/300 - Train Loss: 2.536675, 
                Val MAE: 117.864777, Val Optimized MAE: 112.332466, 
                Val Optimized Typed MAE: 131.538033,
                Val Hausdorff: 342.284937,
                Atom Type Acc: 3.55%

Epoch 74/300 - Train Loss: 2.453507, 
                Val MAE: 115.333298, Val Optimized MAE: 109.362518, 
                Val Optimized Typed MAE: 128.889006,
                Val Hausdorff: 335.099980,
                Atom Type Acc: 2.15%

Epoch 75/300 - Train Loss: 2.370782, 
                Val MAE: 123.424561, Val Optimized MAE: 117.231208, 
                Val Optimized Typed MAE: 136.615877,
                Val Hausdorff: 353.851263,
                Atom Type Acc: 2.58%

Epoch 76/300 - Train Loss: 2.304345, 
                Val MAE: 123.973427, Val Optimized MAE: 118.225116, 
                Val Optimized Typed MAE: 137.794802,
                Val Hausdorff: 362.259516,
                Atom Type Acc: 1.89%

Epoch 77/300 - Train Loss: 2.335107, 
                Val MAE: 123.099380, Val Optimized MAE: 115.912384, 
                Val Optimized Typed MAE: 135.678834,
                Val Hausdorff: 351.966007,
                Atom Type Acc: 1.07%

Epoch 78/300 - Train Loss: 2.332735, 
                Val MAE: 126.038292, Val Optimized MAE: 120.329851, 
                Val Optimized Typed MAE: 139.968172,
                Val Hausdorff: 361.559709,
                Atom Type Acc: 1.57%

Epoch 79/300 - Train Loss: 2.232916, 
                Val MAE: 124.850098, Val Optimized MAE: 118.432847, 
                Val Optimized Typed MAE: 137.851583,
                Val Hausdorff: 358.438259,
                Atom Type Acc: 2.45%

Epoch 80/300 - Train Loss: 2.310692, 
                Val MAE: 127.363792, Val Optimized MAE: 121.537719, 
                Val Optimized Typed MAE: 140.929567,
                Val Hausdorff: 366.823682,
                Atom Type Acc: 2.53%

Epoch 81/300 - Train Loss: 2.261360, 
                Val MAE: 127.705154, Val Optimized MAE: 121.302478, 
                Val Optimized Typed MAE: 140.971514,
                Val Hausdorff: 369.651306,
                Atom Type Acc: 1.40%

Epoch 82/300 - Train Loss: 2.165191, 
                Val MAE: 130.364578, Val Optimized MAE: 124.258597, 
                Val Optimized Typed MAE: 143.849797,
                Val Hausdorff: 362.791982,
                Atom Type Acc: 1.81%

Epoch 83/300 - Train Loss: 2.164252, 
                Val MAE: 131.176804, Val Optimized MAE: 125.442052, 
                Val Optimized Typed MAE: 145.069342,
                Val Hausdorff: 374.723154,
                Atom Type Acc: 1.63%

Epoch 84/300 - Train Loss: 2.248954, 
                Val MAE: 123.627472, Val Optimized MAE: 117.483068, 
                Val Optimized Typed MAE: 136.887002,
                Val Hausdorff: 361.406298,
                Atom Type Acc: 2.50%

Epoch 85/300 - Train Loss: 2.159466, 
                Val MAE: 124.714012, Val Optimized MAE: 119.170596, 
                Val Optimized Typed MAE: 138.582389,
                Val Hausdorff: 358.587122,
                Atom Type Acc: 2.46%

Epoch 86/300 - Train Loss: 2.053955, 
                Val MAE: 127.015541, Val Optimized MAE: 119.589264, 
                Val Optimized Typed MAE: 139.313052,
                Val Hausdorff: 360.159406,
                Atom Type Acc: 1.24%

Epoch 87/300 - Train Loss: 2.028916, 
                Val MAE: 131.432938, Val Optimized MAE: 124.536117, 
                Val Optimized Typed MAE: 144.155755,
                Val Hausdorff: 370.411327,
                Atom Type Acc: 1.67%

Epoch 88/300 - Train Loss: 2.037467, 
                Val MAE: 126.116165, Val Optimized MAE: 119.180102, 
                Val Optimized Typed MAE: 138.730599,
                Val Hausdorff: 357.144990,
                Atom Type Acc: 2.00%

Epoch 89/300 - Train Loss: 2.024557, 
                Val MAE: 129.849564, Val Optimized MAE: 123.621939, 
                Val Optimized Typed MAE: 143.152140,
                Val Hausdorff: 364.406316,
                Atom Type Acc: 1.98%

Epoch 90/300 - Train Loss: 2.005907, 
                Val MAE: 128.146896, Val Optimized MAE: 121.513492, 
                Val Optimized Typed MAE: 141.121171,
                Val Hausdorff: 355.741314,
                Atom Type Acc: 1.71%

Epoch 91/300 - Train Loss: 1.959988, 
                Val MAE: 129.026398, Val Optimized MAE: 122.337022, 
                Val Optimized Typed MAE: 141.862942,
                Val Hausdorff: 364.306451,
                Atom Type Acc: 1.99%

Epoch 92/300 - Train Loss: 1.949292, 
                Val MAE: 132.389496, Val Optimized MAE: 125.709932, 
                Val Optimized Typed MAE: 145.303461,
                Val Hausdorff: 371.696177,
                Atom Type Acc: 1.78%

Epoch 93/300 - Train Loss: 1.956522, 
                Val MAE: 135.355911, Val Optimized MAE: 129.091740, 
                Val Optimized Typed MAE: 148.673181,
                Val Hausdorff: 374.890644,
                Atom Type Acc: 1.83%

Epoch 94/300 - Train Loss: 1.952732, 
                Val MAE: 130.555923, Val Optimized MAE: 124.962487, 
                Val Optimized Typed MAE: 144.403269,
                Val Hausdorff: 363.592726,
                Atom Type Acc: 2.33%

Epoch 95/300 - Train Loss: 1.996625, 
                Val MAE: 129.399261, Val Optimized MAE: 123.560070, 
                Val Optimized Typed MAE: 143.023147,
                Val Hausdorff: 372.107859,
                Atom Type Acc: 2.21%

Epoch 96/300 - Train Loss: 1.883398, 
                Val MAE: 130.910934, Val Optimized MAE: 125.173714, 
                Val Optimized Typed MAE: 144.369188,
                Val Hausdorff: 374.844597,
                Atom Type Acc: 3.40%

Epoch 97/300 - Train Loss: 1.893003, 
                Val MAE: 130.256897, Val Optimized MAE: 124.656838, 
                Val Optimized Typed MAE: 143.618066,
                Val Hausdorff: 363.969021,
                Atom Type Acc: 4.09%

Epoch 98/300 - Train Loss: 1.853531, 
                Val MAE: 132.301163, Val Optimized MAE: 125.777972, 
                Val Optimized Typed MAE: 145.235659,
                Val Hausdorff: 375.626395,
                Atom Type Acc: 2.23%

Epoch 99/300 - Train Loss: 1.838557, 
                Val MAE: 133.494415, Val Optimized MAE: 127.511990, 
                Val Optimized Typed MAE: 146.851569,
                Val Hausdorff: 371.579392,
                Atom Type Acc: 2.81%

Epoch 100/300 - Train Loss: 1.806227, 
                Val MAE: 136.802155, Val Optimized MAE: 131.150012, 
                Val Optimized Typed MAE: 150.112735,
                Val Hausdorff: 374.425527,
                Atom Type Acc: 4.41%

Epoch 101/300 - Train Loss: 1.755212, 
                Val MAE: 134.292038, Val Optimized MAE: 129.053541, 
                Val Optimized Typed MAE: 147.624666,
                Val Hausdorff: 371.430855,
                Atom Type Acc: 5.61%

Epoch 102/300 - Train Loss: 1.723770, 
                Val MAE: 136.724533, Val Optimized MAE: 129.907874, 
                Val Optimized Typed MAE: 148.668264,
                Val Hausdorff: 381.316279,
                Atom Type Acc: 4.89%

Epoch 103/300 - Train Loss: 1.718919, 
                Val MAE: 139.960907, Val Optimized MAE: 133.553692, 
                Val Optimized Typed MAE: 152.602211,
                Val Hausdorff: 379.451298,
                Atom Type Acc: 3.95%

Epoch 104/300 - Train Loss: 1.702274, 
                Val MAE: 134.591599, Val Optimized MAE: 127.760705, 
                Val Optimized Typed MAE: 146.573026,
                Val Hausdorff: 372.613796,
                Atom Type Acc: 4.65%

Epoch 105/300 - Train Loss: 1.772510, 
                Val MAE: 131.814590, Val Optimized MAE: 125.782744, 
                Val Optimized Typed MAE: 143.610108,
                Val Hausdorff: 368.255200,
                Atom Type Acc: 8.25%

Epoch 106/300 - Train Loss: 1.661945, 
                Val MAE: 133.731537, Val Optimized MAE: 127.526581, 
                Val Optimized Typed MAE: 146.055593,
                Val Hausdorff: 374.091158,
                Atom Type Acc: 5.92%

Epoch 107/300 - Train Loss: 1.640498, 
                Val MAE: 135.164246, Val Optimized MAE: 129.692476, 
                Val Optimized Typed MAE: 148.331627,
                Val Hausdorff: 376.989675,
                Atom Type Acc: 5.49%

Epoch 108/300 - Train Loss: 1.659433, 
                Val MAE: 140.620346, Val Optimized MAE: 134.160938, 
                Val Optimized Typed MAE: 152.990785,
                Val Hausdorff: 390.006125,
                Atom Type Acc: 4.57%

Epoch 109/300 - Train Loss: 1.668412, 
                Val MAE: 141.167160, Val Optimized MAE: 134.710428, 
                Val Optimized Typed MAE: 153.799621,
                Val Hausdorff: 393.288497,
                Atom Type Acc: 3.45%

Epoch 110/300 - Train Loss: 1.690010, 
                Val MAE: 139.999557, Val Optimized MAE: 134.181174, 
                Val Optimized Typed MAE: 150.765297,
                Val Hausdorff: 382.758587,
                Atom Type Acc: 12.85%

Epoch 111/300 - Train Loss: 1.597039, 
                Val MAE: 136.768204, Val Optimized MAE: 131.283230, 
                Val Optimized Typed MAE: 148.986462,
                Val Hausdorff: 379.723853,
                Atom Type Acc: 8.86%

Epoch 112/300 - Train Loss: 1.544865, 
                Val MAE: 137.720566, Val Optimized MAE: 131.994568, 
                Val Optimized Typed MAE: 150.519862,
                Val Hausdorff: 379.470402,
                Atom Type Acc: 5.98%

Epoch 113/300 - Train Loss: 1.533185, 
                Val MAE: 135.011368, Val Optimized MAE: 129.648068, 
                Val Optimized Typed MAE: 147.098619,
                Val Hausdorff: 375.336288,
                Atom Type Acc: 9.81%

Epoch 114/300 - Train Loss: 1.593796, 
                Val MAE: 141.943359, Val Optimized MAE: 136.242914, 
                Val Optimized Typed MAE: 153.513581,
                Val Hausdorff: 392.897638,
                Atom Type Acc: 10.26%

Epoch 115/300 - Train Loss: 1.521379, 
                Val MAE: 143.056152, Val Optimized MAE: 137.155902, 
                Val Optimized Typed MAE: 154.019080,
                Val Hausdorff: 401.956887,
                Atom Type Acc: 11.91%

Epoch 116/300 - Train Loss: 1.559992, 
                Val MAE: 140.843094, Val Optimized MAE: 134.700385, 
                Val Optimized Typed MAE: 152.429350,
                Val Hausdorff: 387.932725,
                Atom Type Acc: 8.91%

Epoch 117/300 - Train Loss: 1.512523, 
                Val MAE: 141.109009, Val Optimized MAE: 135.372571, 
                Val Optimized Typed MAE: 153.636183,
                Val Hausdorff: 387.906011,
                Atom Type Acc: 6.69%

Epoch 118/300 - Train Loss: 1.467536, 
                Val MAE: 138.681259, Val Optimized MAE: 133.320287, 
                Val Optimized Typed MAE: 151.960441,
                Val Hausdorff: 379.948912,
                Atom Type Acc: 5.52%

Epoch 119/300 - Train Loss: 1.439192, 
                Val MAE: 137.910583, Val Optimized MAE: 132.665648, 
                Val Optimized Typed MAE: 151.375806,
                Val Hausdorff: 382.412116,
                Atom Type Acc: 5.37%

Epoch 120/300 - Train Loss: 1.409238, 
                Val MAE: 142.730484, Val Optimized MAE: 136.816687, 
                Val Optimized Typed MAE: 154.400658,
                Val Hausdorff: 391.172476,
                Atom Type Acc: 9.31%

Epoch 121/300 - Train Loss: 1.455065, 
                Val MAE: 140.905426, Val Optimized MAE: 135.424704, 
                Val Optimized Typed MAE: 153.594152,
                Val Hausdorff: 386.763912,
                Atom Type Acc: 7.52%

Epoch 122/300 - Train Loss: 1.442319, 
                Val MAE: 138.244339, Val Optimized MAE: 133.111418, 
                Val Optimized Typed MAE: 150.496915,
                Val Hausdorff: 383.243043,
                Atom Type Acc: 10.28%

Epoch 123/300 - Train Loss: 1.359098, 
                Val MAE: 136.077438, Val Optimized MAE: 130.302093, 
                Val Optimized Typed MAE: 147.944384,
                Val Hausdorff: 375.517482,
                Atom Type Acc: 9.24%

Epoch 124/300 - Train Loss: 1.356170, 
                Val MAE: 137.584076, Val Optimized MAE: 131.889708, 
                Val Optimized Typed MAE: 147.924322,
                Val Hausdorff: 382.655159,
                Atom Type Acc: 15.26%

Epoch 125/300 - Train Loss: 1.356775, 
                Val MAE: 141.063629, Val Optimized MAE: 135.763371, 
                Val Optimized Typed MAE: 152.614184,
                Val Hausdorff: 383.065999,
                Atom Type Acc: 12.42%

Epoch 126/300 - Train Loss: 1.399811, 
                Val MAE: 141.182892, Val Optimized MAE: 135.571867, 
                Val Optimized Typed MAE: 152.373734,
                Val Hausdorff: 389.553547,
                Atom Type Acc: 12.57%

Epoch 127/300 - Train Loss: 1.406880, 
                Val MAE: 139.161545, Val Optimized MAE: 133.476259, 
                Val Optimized Typed MAE: 152.042954,
                Val Hausdorff: 381.166135,
                Atom Type Acc: 5.98%

Epoch 128/300 - Train Loss: 1.407960, 
                Val MAE: 136.332092, Val Optimized MAE: 131.073749, 
                Val Optimized Typed MAE: 149.209576,
                Val Hausdorff: 376.516275,
                Atom Type Acc: 7.68%

Epoch 129/300 - Train Loss: 1.315710, 
                Val MAE: 138.912003, Val Optimized MAE: 133.929406, 
                Val Optimized Typed MAE: 152.110058,
                Val Hausdorff: 374.503267,
                Atom Type Acc: 7.55%

Epoch 130/300 - Train Loss: 1.304010, 
                Val MAE: 142.067947, Val Optimized MAE: 136.549801, 
                Val Optimized Typed MAE: 153.349444,
                Val Hausdorff: 396.237899,
                Atom Type Acc: 12.31%

Epoch 131/300 - Train Loss: 1.301806, 
                Val MAE: 138.442093, Val Optimized MAE: 133.608932, 
                Val Optimized Typed MAE: 150.354844,
                Val Hausdorff: 385.025435,
                Atom Type Acc: 13.09%

Epoch 132/300 - Train Loss: 1.237542, 
                Val MAE: 136.189163, Val Optimized MAE: 131.420764, 
                Val Optimized Typed MAE: 148.450033,
                Val Hausdorff: 374.455009,
                Atom Type Acc: 11.70%

Epoch 133/300 - Train Loss: 1.213896, 
                Val MAE: 141.135971, Val Optimized MAE: 135.631538, 
                Val Optimized Typed MAE: 153.151643,
                Val Hausdorff: 399.900020,
                Atom Type Acc: 9.79%

Epoch 134/300 - Train Loss: 1.225303, 
                Val MAE: 140.609253, Val Optimized MAE: 135.386141, 
                Val Optimized Typed MAE: 151.547166,
                Val Hausdorff: 383.827354,
                Atom Type Acc: 14.85%

Epoch 135/300 - Train Loss: 1.273172, 
                Val MAE: 143.210190, Val Optimized MAE: 137.668954, 
                Val Optimized Typed MAE: 154.329058,
                Val Hausdorff: 395.869883,
                Atom Type Acc: 12.77%

Epoch 136/300 - Train Loss: 1.202228, 
                Val MAE: 139.404404, Val Optimized MAE: 134.079745, 
                Val Optimized Typed MAE: 148.444601,
                Val Hausdorff: 380.985158,
                Atom Type Acc: 20.94%

Epoch 137/300 - Train Loss: 1.180604, 
                Val MAE: 142.907257, Val Optimized MAE: 137.537516, 
                Val Optimized Typed MAE: 152.156089,
                Val Hausdorff: 388.933237,
                Atom Type Acc: 19.90%

Epoch 138/300 - Train Loss: 1.165411, 
                Val MAE: 142.342789, Val Optimized MAE: 137.204105, 
                Val Optimized Typed MAE: 153.313599,
                Val Hausdorff: 389.731327,
                Atom Type Acc: 14.69%

Epoch 139/300 - Train Loss: 1.187817, 
                Val MAE: 139.165268, Val Optimized MAE: 134.348611, 
                Val Optimized Typed MAE: 149.559448,
                Val Hausdorff: 381.821151,
                Atom Type Acc: 17.79%

Epoch 140/300 - Train Loss: 1.329814, 
                Val MAE: 141.421753, Val Optimized MAE: 136.524762, 
                Val Optimized Typed MAE: 151.750968,
                Val Hausdorff: 386.258828,
                Atom Type Acc: 18.32%

Epoch 141/300 - Train Loss: 1.243321, 
                Val MAE: 141.650909, Val Optimized MAE: 136.477349, 
                Val Optimized Typed MAE: 151.787071,
                Val Hausdorff: 383.453616,
                Atom Type Acc: 17.76%

Epoch 142/300 - Train Loss: 1.212128, 
                Val MAE: 140.815567, Val Optimized MAE: 135.710044, 
                Val Optimized Typed MAE: 151.459051,
                Val Hausdorff: 382.747946,
                Atom Type Acc: 16.04%

Epoch 143/300 - Train Loss: 1.150314, 
                Val MAE: 141.010239, Val Optimized MAE: 135.914419, 
                Val Optimized Typed MAE: 150.412595,
                Val Hausdorff: 388.900932,
                Atom Type Acc: 20.62%

Epoch 144/300 - Train Loss: 1.142332, 
                Val MAE: 137.674561, Val Optimized MAE: 133.023263, 
                Val Optimized Typed MAE: 147.290808,
                Val Hausdorff: 375.315132,
                Atom Type Acc: 21.60%

Epoch 145/300 - Train Loss: 1.146214, 
                Val MAE: 142.385712, Val Optimized MAE: 136.836107, 
                Val Optimized Typed MAE: 151.391310,
                Val Hausdorff: 388.294456,
                Atom Type Acc: 20.20%

Epoch 146/300 - Train Loss: 1.154367, 
                Val MAE: 138.331116, Val Optimized MAE: 132.958911, 
                Val Optimized Typed MAE: 148.002808,
                Val Hausdorff: 374.431767,
                Atom Type Acc: 18.69%

Epoch 147/300 - Train Loss: 1.087708, 
                Val MAE: 139.544601, Val Optimized MAE: 134.581691, 
                Val Optimized Typed MAE: 148.332832,
                Val Hausdorff: 381.872460,
                Atom Type Acc: 23.28%

Epoch 148/300 - Train Loss: 1.101035, 
                Val MAE: 142.616043, Val Optimized MAE: 137.611281, 
                Val Optimized Typed MAE: 152.370771,
                Val Hausdorff: 389.977198,
                Atom Type Acc: 20.00%

Epoch 149/300 - Train Loss: 1.169490, 
                Val MAE: 140.138199, Val Optimized MAE: 135.442142, 
                Val Optimized Typed MAE: 150.429171,
                Val Hausdorff: 378.492855,
                Atom Type Acc: 18.90%

Epoch 150/300 - Train Loss: 1.170276, 
                Val MAE: 140.063583, Val Optimized MAE: 135.343575, 
                Val Optimized Typed MAE: 147.872100,
                Val Hausdorff: 385.111680,
                Atom Type Acc: 27.32%

Epoch 151/300 - Train Loss: 1.146242, 
                Val MAE: 135.104324, Val Optimized MAE: 130.123535, 
                Val Optimized Typed MAE: 142.747405,
                Val Hausdorff: 379.522977,
                Atom Type Acc: 27.34%

Epoch 152/300 - Train Loss: 1.182494, 
                Val MAE: 141.967606, Val Optimized MAE: 137.534433, 
                Val Optimized Typed MAE: 151.912787,
                Val Hausdorff: 386.469496,
                Atom Type Acc: 21.18%

Epoch 153/300 - Train Loss: 1.138593, 
                Val MAE: 141.007599, Val Optimized MAE: 135.997264, 
                Val Optimized Typed MAE: 149.046060,
                Val Hausdorff: 385.230181,
                Atom Type Acc: 25.66%

Epoch 154/300 - Train Loss: 1.084566, 
                Val MAE: 140.287628, Val Optimized MAE: 135.821613, 
                Val Optimized Typed MAE: 149.556596,
                Val Hausdorff: 382.809434,
                Atom Type Acc: 23.58%

Epoch 155/300 - Train Loss: 1.101228, 
                Val MAE: 143.179291, Val Optimized MAE: 138.548581, 
                Val Optimized Typed MAE: 152.403824,
                Val Hausdorff: 396.224378,
                Atom Type Acc: 22.83%

Epoch 156/300 - Train Loss: 1.060725, 
                Val MAE: 140.680267, Val Optimized MAE: 135.916350, 
                Val Optimized Typed MAE: 148.766797,
                Val Hausdorff: 384.381359,
                Atom Type Acc: 26.48%

Epoch 157/300 - Train Loss: 1.005975, 
                Val MAE: 140.865509, Val Optimized MAE: 136.227292, 
                Val Optimized Typed MAE: 149.176055,
                Val Hausdorff: 392.411856,
                Atom Type Acc: 26.44%

Epoch 158/300 - Train Loss: 1.005863, 
                Val MAE: 141.452271, Val Optimized MAE: 136.979246, 
                Val Optimized Typed MAE: 151.162695,
                Val Hausdorff: 388.156257,
                Atom Type Acc: 22.12%

Epoch 159/300 - Train Loss: 1.011966, 
                Val MAE: 140.498383, Val Optimized MAE: 135.712473, 
                Val Optimized Typed MAE: 149.268481,
                Val Hausdorff: 376.941268,
                Atom Type Acc: 23.90%

Epoch 160/300 - Train Loss: 1.014575, 
                Val MAE: 140.949677, Val Optimized MAE: 136.423735, 
                Val Optimized Typed MAE: 151.143949,
                Val Hausdorff: 384.173198,
                Atom Type Acc: 19.96%

Epoch 161/300 - Train Loss: 1.022490, 
                Val MAE: 138.850708, Val Optimized MAE: 134.188339, 
                Val Optimized Typed MAE: 146.321587,
                Val Hausdorff: 381.939114,
                Atom Type Acc: 28.61%

Epoch 162/300 - Train Loss: 1.057815, 
                Val MAE: 135.572632, Val Optimized MAE: 130.925621, 
                Val Optimized Typed MAE: 144.367792,
                Val Hausdorff: 376.611453,
                Atom Type Acc: 24.51%

Epoch 163/300 - Train Loss: 1.048850, 
                Val MAE: 142.716980, Val Optimized MAE: 137.806547, 
                Val Optimized Typed MAE: 150.943291,
                Val Hausdorff: 394.009002,
                Atom Type Acc: 25.28%

Epoch 164/300 - Train Loss: 0.980518, 
                Val MAE: 140.546783, Val Optimized MAE: 136.041269, 
                Val Optimized Typed MAE: 149.981309,
                Val Hausdorff: 385.028079,
                Atom Type Acc: 22.54%

Epoch 165/300 - Train Loss: 1.027768, 
                Val MAE: 140.090256, Val Optimized MAE: 135.173524, 
                Val Optimized Typed MAE: 146.254409,
                Val Hausdorff: 381.061358,
                Atom Type Acc: 33.59%

Epoch 166/300 - Train Loss: 1.006131, 
                Val MAE: 139.786972, Val Optimized MAE: 135.307544, 
                Val Optimized Typed MAE: 147.940812,
                Val Hausdorff: 379.230258,
                Atom Type Acc: 26.87%

Epoch 167/300 - Train Loss: 0.951084, 
                Val MAE: 138.317352, Val Optimized MAE: 134.118398, 
                Val Optimized Typed MAE: 146.758766,
                Val Hausdorff: 379.856664,
                Atom Type Acc: 27.39%

Epoch 168/300 - Train Loss: 0.970476, 
                Val MAE: 138.286133, Val Optimized MAE: 134.192326, 
                Val Optimized Typed MAE: 146.610407,
                Val Hausdorff: 378.096902,
                Atom Type Acc: 28.19%

Epoch 169/300 - Train Loss: 0.954565, 
                Val MAE: 139.604584, Val Optimized MAE: 135.623200, 
                Val Optimized Typed MAE: 147.236891,
                Val Hausdorff: 386.221840,
                Atom Type Acc: 31.39%

Epoch 170/300 - Train Loss: 0.976505, 
                Val MAE: 136.689835, Val Optimized MAE: 132.353897, 
                Val Optimized Typed MAE: 145.351981,
                Val Hausdorff: 377.685893,
                Atom Type Acc: 25.79%

Epoch 171/300 - Train Loss: 1.094555, 
                Val MAE: 137.140015, Val Optimized MAE: 132.724554, 
                Val Optimized Typed MAE: 144.781683,
                Val Hausdorff: 372.889441,
                Atom Type Acc: 29.69%

Epoch 172/300 - Train Loss: 1.233508, 
                Val MAE: 137.002808, Val Optimized MAE: 132.495698, 
                Val Optimized Typed MAE: 145.900474,
                Val Hausdorff: 375.069336,
                Atom Type Acc: 24.02%

Epoch 173/300 - Train Loss: 1.064283, 
                Val MAE: 133.781845, Val Optimized MAE: 129.542785, 
                Val Optimized Typed MAE: 140.466882,
                Val Hausdorff: 370.145474,
                Atom Type Acc: 33.87%

Epoch 174/300 - Train Loss: 0.952455, 
                Val MAE: 137.983063, Val Optimized MAE: 133.465369, 
                Val Optimized Typed MAE: 144.716589,
                Val Hausdorff: 375.827318,
                Atom Type Acc: 32.19%

Epoch 175/300 - Train Loss: 0.923986, 
                Val MAE: 140.521744, Val Optimized MAE: 135.859711, 
                Val Optimized Typed MAE: 148.486935,
                Val Hausdorff: 395.002447,
                Atom Type Acc: 26.78%

Epoch 176/300 - Train Loss: 0.907728, 
                Val MAE: 140.873260, Val Optimized MAE: 136.276651, 
                Val Optimized Typed MAE: 147.932396,
                Val Hausdorff: 375.756521,
                Atom Type Acc: 31.10%

Epoch 177/300 - Train Loss: 0.909261, 
                Val MAE: 138.585510, Val Optimized MAE: 134.434742, 
                Val Optimized Typed MAE: 145.396734,
                Val Hausdorff: 376.397254,
                Atom Type Acc: 33.73%

Epoch 178/300 - Train Loss: 0.970844, 
                Val MAE: 141.178345, Val Optimized MAE: 136.482673, 
                Val Optimized Typed MAE: 147.161105,
                Val Hausdorff: 379.586830,
                Atom Type Acc: 34.43%

Epoch 179/300 - Train Loss: 0.905874, 
                Val MAE: 140.381714, Val Optimized MAE: 135.968858, 
                Val Optimized Typed MAE: 145.738866,
                Val Hausdorff: 382.718274,
                Atom Type Acc: 39.47%

Epoch 180/300 - Train Loss: 0.966382, 
                Val MAE: 137.774734, Val Optimized MAE: 133.263976, 
                Val Optimized Typed MAE: 143.896761,
                Val Hausdorff: 379.840639,
                Atom Type Acc: 35.29%

Epoch 181/300 - Train Loss: 0.933521, 
                Val MAE: 136.235504, Val Optimized MAE: 132.086584, 
                Val Optimized Typed MAE: 143.750617,
                Val Hausdorff: 366.255245,
                Atom Type Acc: 30.70%

Epoch 182/300 - Train Loss: 0.894285, 
                Val MAE: 140.510971, Val Optimized MAE: 135.906674, 
                Val Optimized Typed MAE: 147.839137,
                Val Hausdorff: 378.774354,
                Atom Type Acc: 29.81%

Epoch 183/300 - Train Loss: 1.039706, 
                Val MAE: 137.779831, Val Optimized MAE: 133.702134, 
                Val Optimized Typed MAE: 146.055001,
                Val Hausdorff: 380.471163,
                Atom Type Acc: 27.61%

Epoch 184/300 - Train Loss: 1.006191, 
                Val MAE: 136.814072, Val Optimized MAE: 132.606521, 
                Val Optimized Typed MAE: 142.482221,
                Val Hausdorff: 369.579552,
                Atom Type Acc: 38.64%

Epoch 185/300 - Train Loss: 0.962060, 
                Val MAE: 136.192856, Val Optimized MAE: 131.685453, 
                Val Optimized Typed MAE: 141.681135,
                Val Hausdorff: 368.159208,
                Atom Type Acc: 38.54%

Epoch 186/300 - Train Loss: 0.890560, 
                Val MAE: 139.828033, Val Optimized MAE: 135.922630, 
                Val Optimized Typed MAE: 146.334444,
                Val Hausdorff: 382.941176,
                Atom Type Acc: 36.85%

Epoch 187/300 - Train Loss: 0.866410, 
                Val MAE: 138.204819, Val Optimized MAE: 133.999397, 
                Val Optimized Typed MAE: 143.774639,
                Val Hausdorff: 384.118433,
                Atom Type Acc: 39.36%

Epoch 188/300 - Train Loss: 0.944656, 
                Val MAE: 140.782181, Val Optimized MAE: 136.137306, 
                Val Optimized Typed MAE: 146.327936,
                Val Hausdorff: 381.384764,
                Atom Type Acc: 38.22%

Epoch 189/300 - Train Loss: 1.120276, 
                Val MAE: 135.240097, Val Optimized MAE: 131.209786, 
                Val Optimized Typed MAE: 141.645111,
                Val Hausdorff: 378.154954,
                Atom Type Acc: 36.00%

Epoch 190/300 - Train Loss: 0.938848, 
                Val MAE: 138.601913, Val Optimized MAE: 134.662108, 
                Val Optimized Typed MAE: 144.897980,
                Val Hausdorff: 376.254144,
                Atom Type Acc: 37.34%

Epoch 191/300 - Train Loss: 0.907851, 
                Val MAE: 142.140137, Val Optimized MAE: 138.058691, 
                Val Optimized Typed MAE: 148.646241,
                Val Hausdorff: 386.559912,
                Atom Type Acc: 35.56%

Epoch 192/300 - Train Loss: 0.882125, 
                Val MAE: 138.568146, Val Optimized MAE: 134.523157, 
                Val Optimized Typed MAE: 144.221050,
                Val Hausdorff: 382.102972,
                Atom Type Acc: 39.60%

Epoch 193/300 - Train Loss: 0.872665, 
                Val MAE: 140.910629, Val Optimized MAE: 136.741305, 
                Val Optimized Typed MAE: 146.216335,
                Val Hausdorff: 387.913712,
                Atom Type Acc: 41.16%

Epoch 194/300 - Train Loss: 0.858924, 
                Val MAE: 142.299744, Val Optimized MAE: 138.156279, 
                Val Optimized Typed MAE: 147.917078,
                Val Hausdorff: 377.893381,
                Atom Type Acc: 39.32%

Epoch 195/300 - Train Loss: 0.879148, 
                Val MAE: 141.286896, Val Optimized MAE: 137.033199, 
                Val Optimized Typed MAE: 146.071079,
                Val Hausdorff: 381.550169,
                Atom Type Acc: 45.20%

Epoch 196/300 - Train Loss: 0.948140, 
                Val MAE: 141.665436, Val Optimized MAE: 137.300118, 
                Val Optimized Typed MAE: 146.873637,
                Val Hausdorff: 384.336005,
                Atom Type Acc: 41.08%

Epoch 197/300 - Train Loss: 0.887551, 
                Val MAE: 138.544113, Val Optimized MAE: 134.311357, 
                Val Optimized Typed MAE: 144.117636,
                Val Hausdorff: 370.219800,
                Atom Type Acc: 39.85%

Epoch 198/300 - Train Loss: 0.843553, 
                Val MAE: 140.069992, Val Optimized MAE: 135.754230, 
                Val Optimized Typed MAE: 145.379514,
                Val Hausdorff: 378.749480,
                Atom Type Acc: 40.56%

Epoch 199/300 - Train Loss: 0.808400, 
                Val MAE: 139.625824, Val Optimized MAE: 135.536530, 
                Val Optimized Typed MAE: 144.945895,
                Val Hausdorff: 370.263730,
                Atom Type Acc: 43.02%

Epoch 200/300 - Train Loss: 0.869427, 
                Val MAE: 139.369461, Val Optimized MAE: 135.534404, 
                Val Optimized Typed MAE: 144.858774,
                Val Hausdorff: 372.812104,
                Atom Type Acc: 42.31%

Epoch 201/300 - Train Loss: 0.845012, 
                Val MAE: 139.709274, Val Optimized MAE: 135.254320, 
                Val Optimized Typed MAE: 144.686002,
                Val Hausdorff: 376.827968,
                Atom Type Acc: 41.86%

Epoch 202/300 - Train Loss: 0.859634, 
                Val MAE: 138.080093, Val Optimized MAE: 134.012025, 
                Val Optimized Typed MAE: 143.756390,
                Val Hausdorff: 378.756027,
                Atom Type Acc: 39.91%

Epoch 203/300 - Train Loss: 0.938551, 
                Val MAE: 136.166168, Val Optimized MAE: 132.227787, 
                Val Optimized Typed MAE: 141.559524,
                Val Hausdorff: 365.159219,
                Atom Type Acc: 43.20%

Epoch 204/300 - Train Loss: 0.931660, 
                Val MAE: 137.012909, Val Optimized MAE: 132.866864, 
                Val Optimized Typed MAE: 142.401525,
                Val Hausdorff: 372.768643,
                Atom Type Acc: 41.31%

Epoch 205/300 - Train Loss: 0.844870, 
                Val MAE: 140.540665, Val Optimized MAE: 136.047370, 
                Val Optimized Typed MAE: 145.251592,
                Val Hausdorff: 379.415639,
                Atom Type Acc: 43.04%

Epoch 206/300 - Train Loss: 0.867006, 
                Val MAE: 138.868744, Val Optimized MAE: 134.539499, 
                Val Optimized Typed MAE: 143.881378,
                Val Hausdorff: 373.697420,
                Atom Type Acc: 42.60%

Epoch 207/300 - Train Loss: 0.867829, 
                Val MAE: 138.895508, Val Optimized MAE: 134.675954, 
                Val Optimized Typed MAE: 144.575081,
                Val Hausdorff: 375.333101,
                Atom Type Acc: 39.44%

Epoch 208/300 - Train Loss: 0.868501, 
                Val MAE: 139.782593, Val Optimized MAE: 135.684467, 
                Val Optimized Typed MAE: 145.261661,
                Val Hausdorff: 375.755521,
                Atom Type Acc: 40.22%

Epoch 209/300 - Train Loss: 0.830889, 
                Val MAE: 137.964539, Val Optimized MAE: 133.797637, 
                Val Optimized Typed MAE: 143.584431,
                Val Hausdorff: 372.825693,
                Atom Type Acc: 39.93%

Epoch 210/300 - Train Loss: 0.846269, 
                Val MAE: 138.553406, Val Optimized MAE: 134.242315, 
                Val Optimized Typed MAE: 144.092621,
                Val Hausdorff: 373.085413,
                Atom Type Acc: 38.94%

Epoch 211/300 - Train Loss: 0.832139, 
                Val MAE: 137.998688, Val Optimized MAE: 133.914462, 
                Val Optimized Typed MAE: 143.512138,
                Val Hausdorff: 372.180085,
                Atom Type Acc: 41.28%

Epoch 212/300 - Train Loss: 0.796761, 
                Val MAE: 139.664398, Val Optimized MAE: 135.670538, 
                Val Optimized Typed MAE: 145.074160,
                Val Hausdorff: 376.865925,
                Atom Type Acc: 42.26%

Epoch 213/300 - Train Loss: 0.779362, 
                Val MAE: 138.865524, Val Optimized MAE: 134.632813, 
                Val Optimized Typed MAE: 143.713925,
                Val Hausdorff: 376.181860,
                Atom Type Acc: 43.92%

Epoch 214/300 - Train Loss: 0.807473, 
                Val MAE: 139.930878, Val Optimized MAE: 135.738019, 
                Val Optimized Typed MAE: 145.070374,
                Val Hausdorff: 376.056624,
                Atom Type Acc: 42.22%

Epoch 215/300 - Train Loss: 0.800790, 
                Val MAE: 136.892075, Val Optimized MAE: 132.691893, 
                Val Optimized Typed MAE: 141.702399,
                Val Hausdorff: 371.454439,
                Atom Type Acc: 43.66%

Epoch 216/300 - Train Loss: 0.762649, 
                Val MAE: 138.184601, Val Optimized MAE: 134.175440, 
                Val Optimized Typed MAE: 143.194836,
                Val Hausdorff: 365.973228,
                Atom Type Acc: 44.31%

Epoch 217/300 - Train Loss: 0.805696, 
                Val MAE: 137.003830, Val Optimized MAE: 132.805421, 
                Val Optimized Typed MAE: 141.874532,
                Val Hausdorff: 365.854578,
                Atom Type Acc: 43.79%

Epoch 218/300 - Train Loss: 0.813181, 
                Val MAE: 137.898651, Val Optimized MAE: 133.976648, 
                Val Optimized Typed MAE: 143.390639,
                Val Hausdorff: 375.604784,
                Atom Type Acc: 41.95%

Epoch 219/300 - Train Loss: 0.868169, 
                Val MAE: 134.171143, Val Optimized MAE: 130.053013, 
                Val Optimized Typed MAE: 139.223929,
                Val Hausdorff: 364.329342,
                Atom Type Acc: 42.94%

Epoch 220/300 - Train Loss: 0.854466, 
                Val MAE: 135.788925, Val Optimized MAE: 131.678026, 
                Val Optimized Typed MAE: 140.777263,
                Val Hausdorff: 364.737159,
                Atom Type Acc: 43.88%

Epoch 221/300 - Train Loss: 0.808717, 
                Val MAE: 137.128647, Val Optimized MAE: 133.098364, 
                Val Optimized Typed MAE: 141.962791,
                Val Hausdorff: 365.273792,
                Atom Type Acc: 45.38%

Epoch 222/300 - Train Loss: 0.763340, 
                Val MAE: 137.618500, Val Optimized MAE: 133.733883, 
                Val Optimized Typed MAE: 142.829851,
                Val Hausdorff: 369.299559,
                Atom Type Acc: 44.55%

Epoch 223/300 - Train Loss: 0.765296, 
                Val MAE: 136.683746, Val Optimized MAE: 132.674580, 
                Val Optimized Typed MAE: 141.392315,
                Val Hausdorff: 364.121916,
                Atom Type Acc: 47.27%

Epoch 224/300 - Train Loss: 0.766261, 
                Val MAE: 139.127518, Val Optimized MAE: 134.982412, 
                Val Optimized Typed MAE: 144.047649,
                Val Hausdorff: 373.046567,
                Atom Type Acc: 43.98%

Epoch 225/300 - Train Loss: 0.838866, 
                Val MAE: 136.130417, Val Optimized MAE: 132.135321, 
                Val Optimized Typed MAE: 141.139076,
                Val Hausdorff: 372.489202,
                Atom Type Acc: 45.16%

Epoch 226/300 - Train Loss: 0.866301, 
                Val MAE: 135.580505, Val Optimized MAE: 131.604491, 
                Val Optimized Typed MAE: 140.475254,
                Val Hausdorff: 363.029241,
                Atom Type Acc: 45.04%

Epoch 227/300 - Train Loss: 0.792516, 
                Val MAE: 139.629196, Val Optimized MAE: 135.602117, 
                Val Optimized Typed MAE: 144.534781,
                Val Hausdorff: 378.426329,
                Atom Type Acc: 45.06%

Epoch 228/300 - Train Loss: 0.769736, 
                Val MAE: 139.073090, Val Optimized MAE: 135.353163, 
                Val Optimized Typed MAE: 144.192453,
                Val Hausdorff: 378.182144,
                Atom Type Acc: 45.35%

Epoch 229/300 - Train Loss: 0.768046, 
                Val MAE: 136.726746, Val Optimized MAE: 132.711700, 
                Val Optimized Typed MAE: 141.632579,
                Val Hausdorff: 363.810150,
                Atom Type Acc: 45.19%

Epoch 230/300 - Train Loss: 0.847219, 
                Val MAE: 138.879639, Val Optimized MAE: 134.929915, 
                Val Optimized Typed MAE: 143.999047,
                Val Hausdorff: 370.417603,
                Atom Type Acc: 43.65%

Epoch 231/300 - Train Loss: 0.865183, 
                Val MAE: 137.423386, Val Optimized MAE: 133.287760, 
                Val Optimized Typed MAE: 141.974468,
                Val Hausdorff: 371.805344,
                Atom Type Acc: 47.08%

Epoch 232/300 - Train Loss: 0.800846, 
                Val MAE: 137.850754, Val Optimized MAE: 134.145959, 
                Val Optimized Typed MAE: 143.124550,
                Val Hausdorff: 363.814445,
                Atom Type Acc: 44.41%

Epoch 233/300 - Train Loss: 0.760529, 
                Val MAE: 137.223740, Val Optimized MAE: 133.260054, 
                Val Optimized Typed MAE: 142.289685,
                Val Hausdorff: 367.153652,
                Atom Type Acc: 44.95%

Epoch 234/300 - Train Loss: 0.741803, 
                Val MAE: 137.692184, Val Optimized MAE: 134.047404, 
                Val Optimized Typed MAE: 142.915094,
                Val Hausdorff: 373.466559,
                Atom Type Acc: 45.37%

Epoch 235/300 - Train Loss: 0.751986, 
                Val MAE: 138.692719, Val Optimized MAE: 134.709932, 
                Val Optimized Typed MAE: 143.481114,
                Val Hausdorff: 378.136812,
                Atom Type Acc: 45.99%

Epoch 236/300 - Train Loss: 0.740932, 
                Val MAE: 136.966873, Val Optimized MAE: 132.921435, 
                Val Optimized Typed MAE: 141.778852,
                Val Hausdorff: 370.895214,
                Atom Type Acc: 45.90%

Epoch 237/300 - Train Loss: 0.727680, 
                Val MAE: 135.078781, Val Optimized MAE: 131.170265, 
                Val Optimized Typed MAE: 139.952606,
                Val Hausdorff: 363.978319,
                Atom Type Acc: 45.92%

Epoch 238/300 - Train Loss: 0.721929, 
                Val MAE: 138.628693, Val Optimized MAE: 134.540586, 
                Val Optimized Typed MAE: 143.394583,
                Val Hausdorff: 369.992385,
                Atom Type Acc: 44.64%

Epoch 239/300 - Train Loss: 0.725639, 
                Val MAE: 137.831680, Val Optimized MAE: 133.914620, 
                Val Optimized Typed MAE: 142.773890,
                Val Hausdorff: 369.094180,
                Atom Type Acc: 45.85%

Epoch 240/300 - Train Loss: 0.811233, 
                Val MAE: 138.690506, Val Optimized MAE: 134.402719, 
                Val Optimized Typed MAE: 143.114399,
                Val Hausdorff: 371.698155,
                Atom Type Acc: 47.82%

Epoch 241/300 - Train Loss: 0.833148, 
                Val MAE: 138.805969, Val Optimized MAE: 134.709712, 
                Val Optimized Typed MAE: 143.366116,
                Val Hausdorff: 374.189536,
                Atom Type Acc: 48.08%

Epoch 242/300 - Train Loss: 0.824214, 
                Val MAE: 133.005753, Val Optimized MAE: 129.044949, 
                Val Optimized Typed MAE: 137.754322,
                Val Hausdorff: 360.556029,
                Atom Type Acc: 46.06%

Epoch 243/300 - Train Loss: 0.765774, 
                Val MAE: 137.165848, Val Optimized MAE: 133.300650, 
                Val Optimized Typed MAE: 142.104442,
                Val Hausdorff: 364.391038,
                Atom Type Acc: 44.89%

Epoch 244/300 - Train Loss: 0.808473, 
                Val MAE: 136.367371, Val Optimized MAE: 132.317813, 
                Val Optimized Typed MAE: 141.182945,
                Val Hausdorff: 365.895066,
                Atom Type Acc: 44.38%

Epoch 245/300 - Train Loss: 0.756739, 
                Val MAE: 140.047180, Val Optimized MAE: 136.080467, 
                Val Optimized Typed MAE: 144.951264,
                Val Hausdorff: 375.453662,
                Atom Type Acc: 44.17%

Epoch 246/300 - Train Loss: 0.725607, 
                Val MAE: 136.876633, Val Optimized MAE: 132.721821, 
                Val Optimized Typed MAE: 141.754413,
                Val Hausdorff: 364.896221,
                Atom Type Acc: 43.35%

Epoch 247/300 - Train Loss: 0.740030, 
                Val MAE: 139.001221, Val Optimized MAE: 134.970213, 
                Val Optimized Typed MAE: 144.039654,
                Val Hausdorff: 364.980656,
                Atom Type Acc: 42.40%

Epoch 248/300 - Train Loss: 0.715220, 
                Val MAE: 138.650818, Val Optimized MAE: 134.885880, 
                Val Optimized Typed MAE: 143.742446,
                Val Hausdorff: 376.865801,
                Atom Type Acc: 45.26%

Epoch 249/300 - Train Loss: 0.738821, 
                Val MAE: 139.600586, Val Optimized MAE: 135.510933, 
                Val Optimized Typed MAE: 144.423039,
                Val Hausdorff: 376.326222,
                Atom Type Acc: 45.12%

Epoch 250/300 - Train Loss: 0.710922, 
                Val MAE: 138.188202, Val Optimized MAE: 134.288243, 
                Val Optimized Typed MAE: 143.017152,
                Val Hausdorff: 366.811612,
                Atom Type Acc: 47.22%

Epoch 251/300 - Train Loss: 0.697160, 
                Val MAE: 136.490097, Val Optimized MAE: 132.732778, 
                Val Optimized Typed MAE: 141.465550,
                Val Hausdorff: 368.261264,
                Atom Type Acc: 46.16%

Epoch 252/300 - Train Loss: 0.711898, 
                Val MAE: 139.313614, Val Optimized MAE: 135.512414, 
                Val Optimized Typed MAE: 144.157551,
                Val Hausdorff: 377.482838,
                Atom Type Acc: 47.02%

Epoch 253/300 - Train Loss: 0.771576, 
                Val MAE: 136.126144, Val Optimized MAE: 132.331512, 
                Val Optimized Typed MAE: 141.113417,
                Val Hausdorff: 368.595326,
                Atom Type Acc: 46.68%

Epoch 254/300 - Train Loss: 0.712257, 
                Val MAE: 137.980408, Val Optimized MAE: 134.069370, 
                Val Optimized Typed MAE: 142.791351,
                Val Hausdorff: 364.490457,
                Atom Type Acc: 46.46%

Epoch 255/300 - Train Loss: 0.721589, 
                Val MAE: 137.025787, Val Optimized MAE: 133.090529, 
                Val Optimized Typed MAE: 141.802216,
                Val Hausdorff: 367.821985,
                Atom Type Acc: 47.14%

Epoch 256/300 - Train Loss: 0.815967, 
                Val MAE: 136.755096, Val Optimized MAE: 132.748848, 
                Val Optimized Typed MAE: 141.700061,
                Val Hausdorff: 359.070374,
                Atom Type Acc: 44.23%

Epoch 257/300 - Train Loss: 0.776401, 
                Val MAE: 136.484756, Val Optimized MAE: 132.438089, 
                Val Optimized Typed MAE: 141.117931,
                Val Hausdorff: 368.519972,
                Atom Type Acc: 47.21%

Epoch 258/300 - Train Loss: 0.720361, 
                Val MAE: 134.759995, Val Optimized MAE: 130.948454, 
                Val Optimized Typed MAE: 139.839277,
                Val Hausdorff: 361.945354,
                Atom Type Acc: 44.50%

Epoch 259/300 - Train Loss: 0.897238, 
                Val MAE: 135.939713, Val Optimized MAE: 131.923348, 
                Val Optimized Typed MAE: 140.563073,
                Val Hausdorff: 360.750092,
                Atom Type Acc: 47.15%

Epoch 260/300 - Train Loss: 0.733625, 
                Val MAE: 136.295929, Val Optimized MAE: 132.056445, 
                Val Optimized Typed MAE: 140.662111,
                Val Hausdorff: 360.713206,
                Atom Type Acc: 48.25%

Epoch 261/300 - Train Loss: 0.711242, 
                Val MAE: 136.643906, Val Optimized MAE: 132.957934, 
                Val Optimized Typed MAE: 141.702904,
                Val Hausdorff: 369.351001,
                Atom Type Acc: 46.76%

Epoch 262/300 - Train Loss: 0.708906, 
                Val MAE: 137.460236, Val Optimized MAE: 133.772901, 
                Val Optimized Typed MAE: 142.451763,
                Val Hausdorff: 367.040223,
                Atom Type Acc: 47.21%

Epoch 263/300 - Train Loss: 0.721470, 
                Val MAE: 134.540726, Val Optimized MAE: 130.653132, 
                Val Optimized Typed MAE: 139.501023,
                Val Hausdorff: 355.863269,
                Atom Type Acc: 45.27%

Epoch 264/300 - Train Loss: 0.714186, 
                Val MAE: 135.629028, Val Optimized MAE: 131.943672, 
                Val Optimized Typed MAE: 140.647699,
                Val Hausdorff: 367.862038,
                Atom Type Acc: 46.86%

Epoch 265/300 - Train Loss: 0.694327, 
                Val MAE: 134.491913, Val Optimized MAE: 130.629982, 
                Val Optimized Typed MAE: 139.330544,
                Val Hausdorff: 358.720412,
                Atom Type Acc: 46.85%

Epoch 266/300 - Train Loss: 0.679697, 
                Val MAE: 135.810577, Val Optimized MAE: 132.088517, 
                Val Optimized Typed MAE: 140.737487,
                Val Hausdorff: 362.857017,
                Atom Type Acc: 47.93%

Epoch 267/300 - Train Loss: 0.695214, 
                Val MAE: 136.488678, Val Optimized MAE: 132.913147, 
                Val Optimized Typed MAE: 141.716359,
                Val Hausdorff: 375.956260,
                Atom Type Acc: 46.47%

Epoch 268/300 - Train Loss: 0.715813, 
                Val MAE: 137.196381, Val Optimized MAE: 133.316655, 
                Val Optimized Typed MAE: 142.030347,
                Val Hausdorff: 369.353269,
                Atom Type Acc: 47.12%

Epoch 269/300 - Train Loss: 0.653691, 
                Val MAE: 137.925385, Val Optimized MAE: 134.272893, 
                Val Optimized Typed MAE: 143.134455,
                Val Hausdorff: 373.768832,
                Atom Type Acc: 45.47%

Epoch 270/300 - Train Loss: 0.682980, 
                Val MAE: 137.883926, Val Optimized MAE: 134.085012, 
                Val Optimized Typed MAE: 142.760516,
                Val Hausdorff: 367.330051,
                Atom Type Acc: 46.98%

Epoch 271/300 - Train Loss: 0.700223, 
                Val MAE: 138.155914, Val Optimized MAE: 134.128477, 
                Val Optimized Typed MAE: 142.911110,
                Val Hausdorff: 367.076403,
                Atom Type Acc: 46.05%

Epoch 272/300 - Train Loss: 0.668128, 
                Val MAE: 137.344177, Val Optimized MAE: 133.482544, 
                Val Optimized Typed MAE: 142.254373,
                Val Hausdorff: 364.753821,
                Atom Type Acc: 45.85%

Epoch 273/300 - Train Loss: 0.648991, 
                Val MAE: 137.948151, Val Optimized MAE: 134.095553, 
                Val Optimized Typed MAE: 142.836390,
                Val Hausdorff: 364.804380,
                Atom Type Acc: 46.24%

Epoch 274/300 - Train Loss: 0.696147, 
                Val MAE: 139.376923, Val Optimized MAE: 135.505394, 
                Val Optimized Typed MAE: 144.234153,
                Val Hausdorff: 374.753642,
                Atom Type Acc: 46.35%

Epoch 275/300 - Train Loss: 0.802441, 
                Val MAE: 136.289688, Val Optimized MAE: 132.483783, 
                Val Optimized Typed MAE: 141.173048,
                Val Hausdorff: 358.364391,
                Atom Type Acc: 47.67%

Epoch 276/300 - Train Loss: 0.753835, 
                Val MAE: 137.148956, Val Optimized MAE: 133.257966, 
                Val Optimized Typed MAE: 141.920956,
                Val Hausdorff: 360.551223,
                Atom Type Acc: 48.12%

Epoch 277/300 - Train Loss: 0.676579, 
                Val MAE: 138.000198, Val Optimized MAE: 134.397432, 
                Val Optimized Typed MAE: 143.088989,
                Val Hausdorff: 364.513208,
                Atom Type Acc: 47.33%

Epoch 278/300 - Train Loss: 0.658842, 
                Val MAE: 139.136963, Val Optimized MAE: 135.410419, 
                Val Optimized Typed MAE: 144.129654,
                Val Hausdorff: 365.931327,
                Atom Type Acc: 47.43%

Epoch 279/300 - Train Loss: 0.661995, 
                Val MAE: 138.171158, Val Optimized MAE: 134.429597, 
                Val Optimized Typed MAE: 143.066864,
                Val Hausdorff: 367.227932,
                Atom Type Acc: 48.06%

Epoch 280/300 - Train Loss: 0.669381, 
                Val MAE: 137.858856, Val Optimized MAE: 134.228679, 
                Val Optimized Typed MAE: 143.007168,
                Val Hausdorff: 367.538368,
                Atom Type Acc: 47.01%

Epoch 281/300 - Train Loss: 0.676043, 
                Val MAE: 139.391129, Val Optimized MAE: 135.606483, 
                Val Optimized Typed MAE: 144.285573,
                Val Hausdorff: 363.587154,
                Atom Type Acc: 47.74%

Epoch 282/300 - Train Loss: 0.678851, 
                Val MAE: 139.113708, Val Optimized MAE: 135.095132, 
                Val Optimized Typed MAE: 143.765117,
                Val Hausdorff: 362.438954,
                Atom Type Acc: 48.32%

Epoch 283/300 - Train Loss: 0.653009, 
                Val MAE: 137.011063, Val Optimized MAE: 133.213631, 
                Val Optimized Typed MAE: 141.793813,
                Val Hausdorff: 365.501356,
                Atom Type Acc: 48.96%

Epoch 284/300 - Train Loss: 0.641807, 
                Val MAE: 139.666321, Val Optimized MAE: 136.084446, 
                Val Optimized Typed MAE: 144.708070,
                Val Hausdorff: 369.514031,
                Atom Type Acc: 48.87%

Epoch 285/300 - Train Loss: 0.644959, 
                Val MAE: 138.177338, Val Optimized MAE: 134.629109, 
                Val Optimized Typed MAE: 143.288565,
                Val Hausdorff: 365.961959,
                Atom Type Acc: 46.89%

Epoch 286/300 - Train Loss: 0.661177, 
                Val MAE: 137.382462, Val Optimized MAE: 133.514100, 
                Val Optimized Typed MAE: 142.136263,
                Val Hausdorff: 358.820687,
                Atom Type Acc: 48.15%

Epoch 287/300 - Train Loss: 0.646208, 
                Val MAE: 138.294708, Val Optimized MAE: 134.314193, 
                Val Optimized Typed MAE: 142.942473,
                Val Hausdorff: 360.206814,
                Atom Type Acc: 48.17%

Epoch 288/300 - Train Loss: 0.641367, 
                Val MAE: 140.155869, Val Optimized MAE: 136.330357, 
                Val Optimized Typed MAE: 145.036597,
                Val Hausdorff: 364.310297,
                Atom Type Acc: 46.67%

Epoch 289/300 - Train Loss: 0.632961, 
                Val MAE: 136.456696, Val Optimized MAE: 132.614227, 
                Val Optimized Typed MAE: 141.232705,
                Val Hausdorff: 358.900076,
                Atom Type Acc: 47.27%

Epoch 290/300 - Train Loss: 0.646192, 
                Val MAE: 138.029922, Val Optimized MAE: 134.389974, 
                Val Optimized Typed MAE: 143.047458,
                Val Hausdorff: 363.640468,
                Atom Type Acc: 47.83%

Epoch 291/300 - Train Loss: 0.648860, 
                Val MAE: 137.968109, Val Optimized MAE: 134.354212, 
                Val Optimized Typed MAE: 143.016931,
                Val Hausdorff: 364.225793,
                Atom Type Acc: 47.63%

Epoch 292/300 - Train Loss: 0.633912, 
                Val MAE: 139.187439, Val Optimized MAE: 135.450653, 
                Val Optimized Typed MAE: 144.189928,
                Val Hausdorff: 359.487191,
                Atom Type Acc: 46.00%

Epoch 293/300 - Train Loss: 0.671423, 
                Val MAE: 138.869202, Val Optimized MAE: 135.173363, 
                Val Optimized Typed MAE: 143.952076,
                Val Hausdorff: 368.109364,
                Atom Type Acc: 46.48%

Epoch 294/300 - Train Loss: 0.741312, 
                Val MAE: 138.134445, Val Optimized MAE: 134.293059, 
                Val Optimized Typed MAE: 142.932716,
                Val Hausdorff: 361.418061,
                Atom Type Acc: 46.99%

Epoch 295/300 - Train Loss: 0.748294, 
                Val MAE: 135.470673, Val Optimized MAE: 131.716646, 
                Val Optimized Typed MAE: 140.461461,
                Val Hausdorff: 358.073292,
                Atom Type Acc: 46.17%

Epoch 296/300 - Train Loss: 0.931146, 
                Val MAE: 134.937500, Val Optimized MAE: 131.249550, 
                Val Optimized Typed MAE: 139.894733,
                Val Hausdorff: 360.099460,
                Atom Type Acc: 48.10%

Epoch 297/300 - Train Loss: 0.685650, 
                Val MAE: 132.811981, Val Optimized MAE: 129.141651, 
                Val Optimized Typed MAE: 137.869529,
                Val Hausdorff: 360.215808,
                Atom Type Acc: 46.51%

Epoch 298/300 - Train Loss: 0.634969, 
                Val MAE: 137.864441, Val Optimized MAE: 134.305766, 
                Val Optimized Typed MAE: 142.929736,
                Val Hausdorff: 365.877539,
                Atom Type Acc: 48.32%

Epoch 299/300 - Train Loss: 0.616818, 
                Val MAE: 139.055298, Val Optimized MAE: 135.453562, 
                Val Optimized Typed MAE: 144.135782,
                Val Hausdorff: 367.473496,
                Atom Type Acc: 47.78%

Epoch 300/300 - Train Loss: 0.625256, 
                Val MAE: 138.140961, Val Optimized MAE: 134.512368, 
                Val Optimized Typed MAE: 143.214052,
                Val Hausdorff: 364.629679,
                Atom Type Acc: 47.77%
Training complete. Model saved to 'diffusion_results/FracPositionRegressionXPDF_20250517_182559_job35_task0/samples/training_samples/pos_frac_T1000_lr0.0001_epochs300_batch64_cond64_with_atoms_20250517-182601/vector_conditioned_rgb_model.pt'
Test MAE: 139.9578,
        Test Optimized MAE: 136.2071,
        Test Optimized Typed MAE: 145.4515,
        Test Hausdorff: 367.1611,
        Test Atom Type Accuracy: 45.74%
Final test MAE: 139.9578, Test Hausdorff: 367.1611, Test Atom Type Accuracy: 45.74%
Final metrics saved to diffusion_results/FracPositionRegressionXPDF_20250517_182559_job35_task0/samples/training_samples/pos_frac_T1000_lr0.0001_epochs300_batch64_cond64_with_atoms_20250517-182601/final_metrics.csv
----------------------------------------
Completed job with config file: configs/diffusion_xpdf_frac_T1000.yaml
----------------------------------------

----------------------------------------
Starting job with config file: configs/diffusion_xrd_frac_base_long.yaml
----------------------------------------
Running experiment with model type: Diffusion
Loaded atom mapping with 54 categories for visualization
Loaded atom mapping with 54 categories
Created dataset with 2013 samples, image shape: torch.Size([2013, 3, 10, 10]), conditioning shape: torch.Size([2013, 580])
Atom types shape: torch.Size([2013, 1, 10, 10]), with 54 categories
Loaded atom mapping with 54 categories
Created dataset with 252 samples, image shape: torch.Size([252, 3, 10, 10]), conditioning shape: torch.Size([252, 580])
Atom types shape: torch.Size([252, 1, 10, 10]), with 54 categories
Loaded atom mapping with 54 categories
Created dataset with 252 samples, image shape: torch.Size([252, 3, 10, 10]), conditioning shape: torch.Size([252, 580])
Atom types shape: torch.Size([252, 1, 10, 10]), with 54 categories
Using device: cuda:0
----------------------------------------
Completed job with config file: configs/diffusion_xrd_frac_base_long.yaml
----------------------------------------

----------------------------------------
Starting job with config file: configs/diffusion_xrd_abs_base_long.yaml
----------------------------------------
Running experiment with model type: Diffusion
Loaded atom mapping with 54 categories for visualization
Loaded atom mapping with 54 categories
Created dataset with 2013 samples, image shape: torch.Size([2013, 3, 10, 10]), conditioning shape: torch.Size([2013, 580])
Atom types shape: torch.Size([2013, 1, 10, 10]), with 54 categories
Loaded atom mapping with 54 categories
Created dataset with 252 samples, image shape: torch.Size([252, 3, 10, 10]), conditioning shape: torch.Size([252, 580])
Atom types shape: torch.Size([252, 1, 10, 10]), with 54 categories
Loaded atom mapping with 54 categories
Created dataset with 252 samples, image shape: torch.Size([252, 3, 10, 10]), conditioning shape: torch.Size([252, 580])
Atom types shape: torch.Size([252, 1, 10, 10]), with 54 categories
Using device: cuda:0
----------------------------------------
Completed job with config file: configs/diffusion_xrd_abs_base_long.yaml
----------------------------------------

----------------------------------------
Starting job with config file: configs/diffusion_xrd_abs_T1000.yaml
----------------------------------------
Running experiment with model type: Diffusion
Loaded atom mapping with 54 categories for visualization
Loaded atom mapping with 54 categories
Created dataset with 2013 samples, image shape: torch.Size([2013, 3, 10, 10]), conditioning shape: torch.Size([2013, 580])
Atom types shape: torch.Size([2013, 1, 10, 10]), with 54 categories
Loaded atom mapping with 54 categories
Created dataset with 252 samples, image shape: torch.Size([252, 3, 10, 10]), conditioning shape: torch.Size([252, 580])
Atom types shape: torch.Size([252, 1, 10, 10]), with 54 categories
Loaded atom mapping with 54 categories
Created dataset with 252 samples, image shape: torch.Size([252, 3, 10, 10]), conditioning shape: torch.Size([252, 580])
Atom types shape: torch.Size([252, 1, 10, 10]), with 54 categories
Using device: cuda:0

Epoch 1/300 - Train Loss: 13.196533, 
                Val MAE: 115.956512, Val Optimized MAE: 108.066561, 
                Val Optimized Typed MAE: 124.295445,
                Val Hausdorff: 384.281236,
                Atom Type Acc: 11.13%

Epoch 2/300 - Train Loss: 10.564325, 
                Val MAE: 25.412281, Val Optimized MAE: 19.755857, 
                Val Optimized Typed MAE: 34.531667,
                Val Hausdorff: 123.442622,
                Atom Type Acc: 16.05%

Epoch 3/300 - Train Loss: 10.209516, 
                Val MAE: 9.946225, Val Optimized MAE: 5.784647, 
                Val Optimized Typed MAE: 20.742390,
                Val Hausdorff: 56.320083,
                Atom Type Acc: 15.81%

Epoch 4/300 - Train Loss: 9.937757, 
                Val MAE: 6.385723, Val Optimized MAE: 3.989734, 
                Val Optimized Typed MAE: 16.978995,
                Val Hausdorff: 24.572735,
                Atom Type Acc: 21.70%

Epoch 5/300 - Train Loss: 9.649972, 
                Val MAE: 5.727029, Val Optimized MAE: 3.971053, 
                Val Optimized Typed MAE: 14.635632,
                Val Hausdorff: 19.097679,
                Atom Type Acc: 30.18%

Epoch 6/300 - Train Loss: 9.430856, 
                Val MAE: 5.356245, Val Optimized MAE: 4.095859, 
                Val Optimized Typed MAE: 14.145963,
                Val Hausdorff: 12.475566,
                Atom Type Acc: 33.20%

Epoch 7/300 - Train Loss: 9.429472, 
                Val MAE: 5.209776, Val Optimized MAE: 4.188039, 
                Val Optimized Typed MAE: 14.886225,
                Val Hausdorff: 10.131716,
                Atom Type Acc: 30.45%

Epoch 8/300 - Train Loss: 9.380982, 
                Val MAE: 5.205605, Val Optimized MAE: 4.226654, 
                Val Optimized Typed MAE: 14.802568,
                Val Hausdorff: 10.586532,
                Atom Type Acc: 30.98%

Epoch 9/300 - Train Loss: 9.351194, 
                Val MAE: 5.158818, Val Optimized MAE: 4.245791, 
                Val Optimized Typed MAE: 13.319036,
                Val Hausdorff: 9.470757,
                Atom Type Acc: 38.97%

Epoch 10/300 - Train Loss: 9.153723, 
                Val MAE: 5.196887, Val Optimized MAE: 4.198510, 
                Val Optimized Typed MAE: 14.592081,
                Val Hausdorff: 10.010044,
                Atom Type Acc: 32.25%

Epoch 11/300 - Train Loss: 9.100417, 
                Val MAE: 5.196174, Val Optimized MAE: 4.219642, 
                Val Optimized Typed MAE: 14.320758,
                Val Hausdorff: 10.081752,
                Atom Type Acc: 33.12%

Epoch 12/300 - Train Loss: 8.986449, 
                Val MAE: 5.182699, Val Optimized MAE: 4.240420, 
                Val Optimized Typed MAE: 13.865055,
                Val Hausdorff: 10.040947,
                Atom Type Acc: 35.60%

Epoch 13/300 - Train Loss: 9.079029, 
                Val MAE: 5.164063, Val Optimized MAE: 4.245406, 
                Val Optimized Typed MAE: 13.790214,
                Val Hausdorff: 9.373769,
                Atom Type Acc: 36.28%

Epoch 14/300 - Train Loss: 9.067819, 
                Val MAE: 5.189705, Val Optimized MAE: 4.245851, 
                Val Optimized Typed MAE: 13.486561,
                Val Hausdorff: 10.522222,
                Atom Type Acc: 38.74%

Epoch 15/300 - Train Loss: 8.966496, 
                Val MAE: 5.128095, Val Optimized MAE: 4.275986, 
                Val Optimized Typed MAE: 13.550961,
                Val Hausdorff: 8.957378,
                Atom Type Acc: 38.63%

Epoch 16/300 - Train Loss: 9.060479, 
                Val MAE: 5.131174, Val Optimized MAE: 4.264053, 
                Val Optimized Typed MAE: 13.806098,
                Val Hausdorff: 8.611664,
                Atom Type Acc: 36.92%

Epoch 17/300 - Train Loss: 8.923160, 
                Val MAE: 5.174833, Val Optimized MAE: 4.281963, 
                Val Optimized Typed MAE: 14.433103,
                Val Hausdorff: 9.918815,
                Atom Type Acc: 34.04%

Epoch 18/300 - Train Loss: 8.977873, 
                Val MAE: 5.180236, Val Optimized MAE: 4.242829, 
                Val Optimized Typed MAE: 13.582364,
                Val Hausdorff: 9.917372,
                Atom Type Acc: 38.25%

Epoch 19/300 - Train Loss: 8.946212, 
                Val MAE: 5.181775, Val Optimized MAE: 4.238776, 
                Val Optimized Typed MAE: 14.180481,
                Val Hausdorff: 9.730874,
                Atom Type Acc: 35.26%

Epoch 20/300 - Train Loss: 9.076774, 
                Val MAE: 5.220246, Val Optimized MAE: 4.263712, 
                Val Optimized Typed MAE: 14.338075,
                Val Hausdorff: 11.472879,
                Atom Type Acc: 34.74%

Epoch 21/300 - Train Loss: 8.758014, 
                Val MAE: 5.194500, Val Optimized MAE: 4.239877, 
                Val Optimized Typed MAE: 15.118237,
                Val Hausdorff: 10.021101,
                Atom Type Acc: 32.43%

Epoch 22/300 - Train Loss: 8.698862, 
                Val MAE: 5.197816, Val Optimized MAE: 4.243354, 
                Val Optimized Typed MAE: 15.262520,
                Val Hausdorff: 9.916282,
                Atom Type Acc: 32.26%

Epoch 23/300 - Train Loss: 8.896321, 
                Val MAE: 5.222805, Val Optimized MAE: 4.214725, 
                Val Optimized Typed MAE: 16.598583,
                Val Hausdorff: 9.905076,
                Atom Type Acc: 27.69%

Epoch 24/300 - Train Loss: 8.838603, 
                Val MAE: 5.214020, Val Optimized MAE: 4.206588, 
                Val Optimized Typed MAE: 16.546281,
                Val Hausdorff: 9.527541,
                Atom Type Acc: 28.25%

Epoch 25/300 - Train Loss: 8.789194, 
                Val MAE: 5.226911, Val Optimized MAE: 4.230309, 
                Val Optimized Typed MAE: 17.801957,
                Val Hausdorff: 10.006739,
                Atom Type Acc: 23.58%

Epoch 26/300 - Train Loss: 8.544332, 
                Val MAE: 5.305766, Val Optimized MAE: 4.155808, 
                Val Optimized Typed MAE: 18.508052,
                Val Hausdorff: 11.097101,
                Atom Type Acc: 21.11%

Epoch 27/300 - Train Loss: 8.683793, 
                Val MAE: 5.329672, Val Optimized MAE: 4.140417, 
                Val Optimized Typed MAE: 19.300902,
                Val Hausdorff: 11.216592,
                Atom Type Acc: 18.42%

Epoch 28/300 - Train Loss: 8.763512, 
                Val MAE: 5.354004, Val Optimized MAE: 4.180923, 
                Val Optimized Typed MAE: 19.757578,
                Val Hausdorff: 12.286945,
                Atom Type Acc: 16.73%

Epoch 29/300 - Train Loss: 8.474634, 
                Val MAE: 5.309401, Val Optimized MAE: 4.181086, 
                Val Optimized Typed MAE: 19.422936,
                Val Hausdorff: 11.518792,
                Atom Type Acc: 18.00%

Epoch 30/300 - Train Loss: 8.420898, 
                Val MAE: 5.303768, Val Optimized MAE: 4.168314, 
                Val Optimized Typed MAE: 20.237728,
                Val Hausdorff: 11.203109,
                Atom Type Acc: 15.31%

Epoch 31/300 - Train Loss: 8.624785, 
                Val MAE: 5.410682, Val Optimized MAE: 4.121629, 
                Val Optimized Typed MAE: 19.373718,
                Val Hausdorff: 11.785280,
                Atom Type Acc: 17.86%

Epoch 32/300 - Train Loss: 8.446279, 
                Val MAE: 5.311436, Val Optimized MAE: 4.150129, 
                Val Optimized Typed MAE: 20.080970,
                Val Hausdorff: 10.400626,
                Atom Type Acc: 15.35%

Epoch 33/300 - Train Loss: 8.427093, 
                Val MAE: 5.325405, Val Optimized MAE: 4.183109, 
                Val Optimized Typed MAE: 20.342183,
                Val Hausdorff: 11.287987,
                Atom Type Acc: 14.67%

Epoch 34/300 - Train Loss: 8.178655, 
                Val MAE: 5.368593, Val Optimized MAE: 4.149541, 
                Val Optimized Typed MAE: 19.827418,
                Val Hausdorff: 11.199708,
                Atom Type Acc: 16.02%

Epoch 35/300 - Train Loss: 8.304060, 
                Val MAE: 5.415893, Val Optimized MAE: 4.147994, 
                Val Optimized Typed MAE: 19.846046,
                Val Hausdorff: 11.458806,
                Atom Type Acc: 16.44%

Epoch 36/300 - Train Loss: 8.281813, 
                Val MAE: 5.338230, Val Optimized MAE: 4.152730, 
                Val Optimized Typed MAE: 20.575818,
                Val Hausdorff: 10.630715,
                Atom Type Acc: 14.32%

Epoch 37/300 - Train Loss: 8.139468, 
                Val MAE: 5.358969, Val Optimized MAE: 4.165104, 
                Val Optimized Typed MAE: 20.834639,
                Val Hausdorff: 10.544480,
                Atom Type Acc: 13.00%

Epoch 38/300 - Train Loss: 8.101205, 
                Val MAE: 5.390006, Val Optimized MAE: 4.146455, 
                Val Optimized Typed MAE: 20.971615,
                Val Hausdorff: 11.364390,
                Atom Type Acc: 12.29%

Epoch 39/300 - Train Loss: 8.227115, 
                Val MAE: 5.280424, Val Optimized MAE: 4.189137, 
                Val Optimized Typed MAE: 21.149082,
                Val Hausdorff: 10.201415,
                Atom Type Acc: 12.17%

Epoch 40/300 - Train Loss: 8.159208, 
                Val MAE: 5.392127, Val Optimized MAE: 4.143094, 
                Val Optimized Typed MAE: 21.099878,
                Val Hausdorff: 10.900573,
                Atom Type Acc: 12.00%

Epoch 41/300 - Train Loss: 8.122408, 
                Val MAE: 5.447479, Val Optimized MAE: 4.117259, 
                Val Optimized Typed MAE: 20.838456,
                Val Hausdorff: 12.174622,
                Atom Type Acc: 12.86%

Epoch 42/300 - Train Loss: 8.220819, 
                Val MAE: 5.554181, Val Optimized MAE: 4.142414, 
                Val Optimized Typed MAE: 21.051609,
                Val Hausdorff: 13.320332,
                Atom Type Acc: 11.85%

Epoch 43/300 - Train Loss: 8.014345, 
                Val MAE: 5.470659, Val Optimized MAE: 4.116112, 
                Val Optimized Typed MAE: 20.456017,
                Val Hausdorff: 11.731914,
                Atom Type Acc: 13.73%

Epoch 44/300 - Train Loss: 7.923445, 
                Val MAE: 5.433732, Val Optimized MAE: 4.149062, 
                Val Optimized Typed MAE: 20.923995,
                Val Hausdorff: 11.090052,
                Atom Type Acc: 12.09%

Epoch 45/300 - Train Loss: 8.005314, 
                Val MAE: 5.493865, Val Optimized MAE: 4.103156, 
                Val Optimized Typed MAE: 20.893081,
                Val Hausdorff: 12.104887,
                Atom Type Acc: 12.53%

Epoch 46/300 - Train Loss: 7.900135, 
                Val MAE: 5.506876, Val Optimized MAE: 4.093640, 
                Val Optimized Typed MAE: 20.859721,
                Val Hausdorff: 12.653600,
                Atom Type Acc: 12.23%

Epoch 47/300 - Train Loss: 7.804248, 
                Val MAE: 5.567261, Val Optimized MAE: 4.101466, 
                Val Optimized Typed MAE: 20.836342,
                Val Hausdorff: 12.257220,
                Atom Type Acc: 12.44%

Epoch 48/300 - Train Loss: 7.860466, 
                Val MAE: 5.664967, Val Optimized MAE: 4.078464, 
                Val Optimized Typed MAE: 20.832403,
                Val Hausdorff: 13.856552,
                Atom Type Acc: 12.20%

Epoch 49/300 - Train Loss: 7.746841, 
                Val MAE: 5.528143, Val Optimized MAE: 4.104320, 
                Val Optimized Typed MAE: 20.765284,
                Val Hausdorff: 11.768801,
                Atom Type Acc: 12.18%

Epoch 50/300 - Train Loss: 7.733095, 
                Val MAE: 5.702454, Val Optimized MAE: 4.028965, 
                Val Optimized Typed MAE: 20.848798,
                Val Hausdorff: 13.685514,
                Atom Type Acc: 11.85%

Epoch 51/300 - Train Loss: 7.685876, 
                Val MAE: 5.694890, Val Optimized MAE: 4.110016, 
                Val Optimized Typed MAE: 20.845142,
                Val Hausdorff: 13.114778,
                Atom Type Acc: 11.94%

Epoch 52/300 - Train Loss: 7.503609, 
                Val MAE: 5.629074, Val Optimized MAE: 4.038235, 
                Val Optimized Typed MAE: 20.703062,
                Val Hausdorff: 12.573134,
                Atom Type Acc: 12.57%

Epoch 53/300 - Train Loss: 7.494902, 
                Val MAE: 5.583025, Val Optimized MAE: 4.086985, 
                Val Optimized Typed MAE: 20.926574,
                Val Hausdorff: 11.937801,
                Atom Type Acc: 11.88%

Epoch 54/300 - Train Loss: 7.693759, 
                Val MAE: 5.627031, Val Optimized MAE: 4.048963, 
                Val Optimized Typed MAE: 20.748851,
                Val Hausdorff: 12.606330,
                Atom Type Acc: 12.67%

Epoch 55/300 - Train Loss: 7.696019, 
                Val MAE: 5.759654, Val Optimized MAE: 4.047959, 
                Val Optimized Typed MAE: 20.651758,
                Val Hausdorff: 12.719284,
                Atom Type Acc: 12.97%

Epoch 56/300 - Train Loss: 7.436530, 
                Val MAE: 5.606082, Val Optimized MAE: 4.095877, 
                Val Optimized Typed MAE: 20.674730,
                Val Hausdorff: 12.846111,
                Atom Type Acc: 13.06%

Epoch 57/300 - Train Loss: 7.336228, 
                Val MAE: 5.693315, Val Optimized MAE: 4.083880, 
                Val Optimized Typed MAE: 20.668987,
                Val Hausdorff: 12.509911,
                Atom Type Acc: 12.81%

Epoch 58/300 - Train Loss: 7.519070, 
                Val MAE: 5.768932, Val Optimized MAE: 4.055042, 
                Val Optimized Typed MAE: 20.734776,
                Val Hausdorff: 14.638521,
                Atom Type Acc: 12.70%

Epoch 59/300 - Train Loss: 7.388264, 
                Val MAE: 5.825505, Val Optimized MAE: 4.070238, 
                Val Optimized Typed MAE: 20.346345,
                Val Hausdorff: 14.241391,
                Atom Type Acc: 14.37%

Epoch 60/300 - Train Loss: 7.496052, 
                Val MAE: 5.754136, Val Optimized MAE: 4.096824, 
                Val Optimized Typed MAE: 20.651486,
                Val Hausdorff: 12.361315,
                Atom Type Acc: 12.98%

Epoch 61/300 - Train Loss: 7.486295, 
                Val MAE: 5.845345, Val Optimized MAE: 4.061553, 
                Val Optimized Typed MAE: 20.548670,
                Val Hausdorff: 14.324242,
                Atom Type Acc: 13.75%

Epoch 62/300 - Train Loss: 7.264326, 
                Val MAE: 5.752311, Val Optimized MAE: 4.069258, 
                Val Optimized Typed MAE: 20.409756,
                Val Hausdorff: 13.937764,
                Atom Type Acc: 13.98%

Epoch 63/300 - Train Loss: 7.053286, 
                Val MAE: 5.878855, Val Optimized MAE: 4.083112, 
                Val Optimized Typed MAE: 20.290923,
                Val Hausdorff: 14.019493,
                Atom Type Acc: 14.83%

Epoch 64/300 - Train Loss: 7.287867, 
                Val MAE: 5.807768, Val Optimized MAE: 4.075926, 
                Val Optimized Typed MAE: 20.237550,
                Val Hausdorff: 14.766569,
                Atom Type Acc: 14.47%

Epoch 65/300 - Train Loss: 7.263418, 
                Val MAE: 5.881862, Val Optimized MAE: 4.034111, 
                Val Optimized Typed MAE: 20.368779,
                Val Hausdorff: 14.021630,
                Atom Type Acc: 13.91%

Epoch 66/300 - Train Loss: 7.299416, 
                Val MAE: 6.052762, Val Optimized MAE: 4.037320, 
                Val Optimized Typed MAE: 20.070672,
                Val Hausdorff: 17.750177,
                Atom Type Acc: 14.93%

Epoch 67/300 - Train Loss: 7.219477, 
                Val MAE: 6.036908, Val Optimized MAE: 4.043064, 
                Val Optimized Typed MAE: 20.174576,
                Val Hausdorff: 15.697778,
                Atom Type Acc: 14.06%

Epoch 68/300 - Train Loss: 6.908733, 
                Val MAE: 5.950027, Val Optimized MAE: 4.034845, 
                Val Optimized Typed MAE: 20.053852,
                Val Hausdorff: 14.597112,
                Atom Type Acc: 14.83%

Epoch 69/300 - Train Loss: 7.111880, 
                Val MAE: 6.276182, Val Optimized MAE: 4.046159, 
                Val Optimized Typed MAE: 19.906885,
                Val Hausdorff: 17.569271,
                Atom Type Acc: 16.00%

Epoch 70/300 - Train Loss: 6.988178, 
                Val MAE: 6.160269, Val Optimized MAE: 4.059392, 
                Val Optimized Typed MAE: 20.034447,
                Val Hausdorff: 17.396160,
                Atom Type Acc: 15.07%

Epoch 71/300 - Train Loss: 7.004583, 
                Val MAE: 6.275266, Val Optimized MAE: 4.089586, 
                Val Optimized Typed MAE: 20.153953,
                Val Hausdorff: 15.553018,
                Atom Type Acc: 15.03%

Epoch 72/300 - Train Loss: 6.963266, 
                Val MAE: 6.217784, Val Optimized MAE: 4.046683, 
                Val Optimized Typed MAE: 19.847432,
                Val Hausdorff: 16.890641,
                Atom Type Acc: 15.54%

Epoch 73/300 - Train Loss: 7.000177, 
                Val MAE: 6.478979, Val Optimized MAE: 4.053727, 
                Val Optimized Typed MAE: 19.535328,
                Val Hausdorff: 18.032736,
                Atom Type Acc: 16.90%

Epoch 74/300 - Train Loss: 7.067758, 
                Val MAE: 6.458517, Val Optimized MAE: 4.028848, 
                Val Optimized Typed MAE: 19.684463,
                Val Hausdorff: 18.894188,
                Atom Type Acc: 16.48%

Epoch 75/300 - Train Loss: 6.986654, 
                Val MAE: 6.363241, Val Optimized MAE: 4.060093, 
                Val Optimized Typed MAE: 20.227645,
                Val Hausdorff: 17.605236,
                Atom Type Acc: 15.06%

Epoch 76/300 - Train Loss: 6.894599, 
                Val MAE: 6.312213, Val Optimized MAE: 4.040988, 
                Val Optimized Typed MAE: 19.813930,
                Val Hausdorff: 18.576280,
                Atom Type Acc: 16.50%

Epoch 77/300 - Train Loss: 6.894235, 
                Val MAE: 6.934636, Val Optimized MAE: 4.028115, 
                Val Optimized Typed MAE: 19.909014,
                Val Hausdorff: 20.492075,
                Atom Type Acc: 16.45%

Epoch 78/300 - Train Loss: 6.829075, 
                Val MAE: 6.539512, Val Optimized MAE: 4.096312, 
                Val Optimized Typed MAE: 19.779046,
                Val Hausdorff: 19.327721,
                Atom Type Acc: 16.49%

Epoch 79/300 - Train Loss: 6.741508, 
                Val MAE: 6.435223, Val Optimized MAE: 4.018590, 
                Val Optimized Typed MAE: 19.738369,
                Val Hausdorff: 18.307254,
                Atom Type Acc: 16.67%

Epoch 80/300 - Train Loss: 6.722522, 
                Val MAE: 6.909251, Val Optimized MAE: 4.110200, 
                Val Optimized Typed MAE: 19.512596,
                Val Hausdorff: 22.641592,
                Atom Type Acc: 17.83%

Epoch 81/300 - Train Loss: 6.821848, 
                Val MAE: 6.369197, Val Optimized MAE: 4.059372, 
                Val Optimized Typed MAE: 19.408639,
                Val Hausdorff: 18.693827,
                Atom Type Acc: 18.06%

Epoch 82/300 - Train Loss: 6.612746, 
                Val MAE: 6.589153, Val Optimized MAE: 4.073698, 
                Val Optimized Typed MAE: 19.643817,
                Val Hausdorff: 20.906479,
                Atom Type Acc: 17.19%

Epoch 83/300 - Train Loss: 6.654646, 
                Val MAE: 7.000453, Val Optimized MAE: 4.090584, 
                Val Optimized Typed MAE: 19.216796,
                Val Hausdorff: 20.411778,
                Atom Type Acc: 18.83%

Epoch 84/300 - Train Loss: 6.751342, 
                Val MAE: 7.222366, Val Optimized MAE: 4.136881, 
                Val Optimized Typed MAE: 19.630446,
                Val Hausdorff: 23.919635,
                Atom Type Acc: 17.59%

Epoch 85/300 - Train Loss: 6.713504, 
                Val MAE: 6.962248, Val Optimized MAE: 4.043464, 
                Val Optimized Typed MAE: 18.831046,
                Val Hausdorff: 20.609399,
                Atom Type Acc: 20.04%

Epoch 86/300 - Train Loss: 6.374278, 
                Val MAE: 7.102438, Val Optimized MAE: 4.088285, 
                Val Optimized Typed MAE: 19.044818,
                Val Hausdorff: 21.588779,
                Atom Type Acc: 19.66%

Epoch 87/300 - Train Loss: 6.471208, 
                Val MAE: 7.003719, Val Optimized MAE: 4.096499, 
                Val Optimized Typed MAE: 19.145926,
                Val Hausdorff: 21.558966,
                Atom Type Acc: 19.68%

Epoch 88/300 - Train Loss: 6.532072, 
                Val MAE: 6.731692, Val Optimized MAE: 4.128617, 
                Val Optimized Typed MAE: 18.859596,
                Val Hausdorff: 20.942378,
                Atom Type Acc: 20.69%

Epoch 89/300 - Train Loss: 6.401937, 
                Val MAE: 7.351292, Val Optimized MAE: 4.095414, 
                Val Optimized Typed MAE: 19.338320,
                Val Hausdorff: 22.120685,
                Atom Type Acc: 18.97%

Epoch 90/300 - Train Loss: 6.549094, 
                Val MAE: 7.006092, Val Optimized MAE: 4.161615, 
                Val Optimized Typed MAE: 19.610984,
                Val Hausdorff: 22.217874,
                Atom Type Acc: 18.29%

Epoch 91/300 - Train Loss: 6.358952, 
                Val MAE: 7.007992, Val Optimized MAE: 4.027220, 
                Val Optimized Typed MAE: 18.794754,
                Val Hausdorff: 22.267736,
                Atom Type Acc: 20.78%

Epoch 92/300 - Train Loss: 6.339330, 
                Val MAE: 7.482655, Val Optimized MAE: 4.133084, 
                Val Optimized Typed MAE: 19.272632,
                Val Hausdorff: 24.124058,
                Atom Type Acc: 19.62%

Epoch 93/300 - Train Loss: 6.522704, 
                Val MAE: 7.559638, Val Optimized MAE: 4.171065, 
                Val Optimized Typed MAE: 19.140797,
                Val Hausdorff: 24.816496,
                Atom Type Acc: 19.75%

Epoch 94/300 - Train Loss: 6.362916, 
                Val MAE: 7.465691, Val Optimized MAE: 4.116694, 
                Val Optimized Typed MAE: 19.152443,
                Val Hausdorff: 22.723352,
                Atom Type Acc: 20.10%

Epoch 95/300 - Train Loss: 6.515288, 
                Val MAE: 7.015836, Val Optimized MAE: 4.034369, 
                Val Optimized Typed MAE: 18.799912,
                Val Hausdorff: 22.028833,
                Atom Type Acc: 21.09%

Epoch 96/300 - Train Loss: 6.297191, 
                Val MAE: 7.131085, Val Optimized MAE: 4.071134, 
                Val Optimized Typed MAE: 18.658032,
                Val Hausdorff: 22.794368,
                Atom Type Acc: 21.58%

Epoch 97/300 - Train Loss: 6.213201, 
                Val MAE: 7.650378, Val Optimized MAE: 4.125806, 
                Val Optimized Typed MAE: 19.047752,
                Val Hausdorff: 25.248171,
                Atom Type Acc: 19.71%

Epoch 98/300 - Train Loss: 6.175307, 
                Val MAE: 7.337747, Val Optimized MAE: 4.101586, 
                Val Optimized Typed MAE: 19.545220,
                Val Hausdorff: 23.807090,
                Atom Type Acc: 18.52%

Epoch 99/300 - Train Loss: 6.261075, 
                Val MAE: 7.278404, Val Optimized MAE: 4.181200, 
                Val Optimized Typed MAE: 19.114021,
                Val Hausdorff: 24.775032,
                Atom Type Acc: 20.30%

Epoch 100/300 - Train Loss: 6.231970, 
                Val MAE: 7.506697, Val Optimized MAE: 4.098179, 
                Val Optimized Typed MAE: 18.683185,
                Val Hausdorff: 23.877833,
                Atom Type Acc: 21.94%

Epoch 101/300 - Train Loss: 6.259303, 
                Val MAE: 7.247835, Val Optimized MAE: 4.149854, 
                Val Optimized Typed MAE: 18.943664,
                Val Hausdorff: 23.231713,
                Atom Type Acc: 21.19%

Epoch 102/300 - Train Loss: 6.133980, 
                Val MAE: 7.315123, Val Optimized MAE: 4.106689, 
                Val Optimized Typed MAE: 18.688905,
                Val Hausdorff: 24.065597,
                Atom Type Acc: 22.06%

Epoch 103/300 - Train Loss: 6.241662, 
                Val MAE: 7.729578, Val Optimized MAE: 4.164571, 
                Val Optimized Typed MAE: 18.554716,
                Val Hausdorff: 24.491953,
                Atom Type Acc: 22.45%

Epoch 104/300 - Train Loss: 6.091639, 
                Val MAE: 7.772709, Val Optimized MAE: 4.138739, 
                Val Optimized Typed MAE: 18.703646,
                Val Hausdorff: 25.152094,
                Atom Type Acc: 21.90%

Epoch 105/300 - Train Loss: 6.303070, 
                Val MAE: 8.277402, Val Optimized MAE: 4.293477, 
                Val Optimized Typed MAE: 18.941254,
                Val Hausdorff: 29.919907,
                Atom Type Acc: 21.85%

Epoch 106/300 - Train Loss: 6.004728, 
                Val MAE: 7.638568, Val Optimized MAE: 4.107624, 
                Val Optimized Typed MAE: 18.951702,
                Val Hausdorff: 25.714269,
                Atom Type Acc: 20.40%

Epoch 107/300 - Train Loss: 6.071731, 
                Val MAE: 8.108274, Val Optimized MAE: 4.065109, 
                Val Optimized Typed MAE: 18.473665,
                Val Hausdorff: 26.060448,
                Atom Type Acc: 22.27%

Epoch 108/300 - Train Loss: 6.145351, 
                Val MAE: 8.094985, Val Optimized MAE: 4.197022, 
                Val Optimized Typed MAE: 18.479412,
                Val Hausdorff: 26.965779,
                Atom Type Acc: 23.53%

Epoch 109/300 - Train Loss: 6.173917, 
                Val MAE: 8.098260, Val Optimized MAE: 4.289156, 
                Val Optimized Typed MAE: 18.342046,
                Val Hausdorff: 30.706903,
                Atom Type Acc: 24.12%

Epoch 110/300 - Train Loss: 6.018866, 
                Val MAE: 8.258932, Val Optimized MAE: 4.184136, 
                Val Optimized Typed MAE: 18.740981,
                Val Hausdorff: 29.399099,
                Atom Type Acc: 21.43%

Epoch 111/300 - Train Loss: 6.216232, 
                Val MAE: 8.128382, Val Optimized MAE: 4.233909, 
                Val Optimized Typed MAE: 18.398413,
                Val Hausdorff: 29.571448,
                Atom Type Acc: 23.27%

Epoch 112/300 - Train Loss: 6.010718, 
                Val MAE: 7.966005, Val Optimized MAE: 4.204568, 
                Val Optimized Typed MAE: 18.891538,
                Val Hausdorff: 28.817161,
                Atom Type Acc: 21.81%

Epoch 113/300 - Train Loss: 6.045140, 
                Val MAE: 8.276680, Val Optimized MAE: 4.302332, 
                Val Optimized Typed MAE: 18.668115,
                Val Hausdorff: 30.700436,
                Atom Type Acc: 22.43%

Epoch 114/300 - Train Loss: 5.867457, 
                Val MAE: 8.163237, Val Optimized MAE: 4.238125, 
                Val Optimized Typed MAE: 19.240624,
                Val Hausdorff: 31.753692,
                Atom Type Acc: 20.42%

Epoch 115/300 - Train Loss: 6.027676, 
                Val MAE: 8.368560, Val Optimized MAE: 4.319042, 
                Val Optimized Typed MAE: 19.057298,
                Val Hausdorff: 31.441447,
                Atom Type Acc: 21.57%

Epoch 116/300 - Train Loss: 5.876347, 
                Val MAE: 8.558829, Val Optimized MAE: 4.241896, 
                Val Optimized Typed MAE: 18.459367,
                Val Hausdorff: 29.617185,
                Atom Type Acc: 24.07%

Epoch 117/300 - Train Loss: 5.758593, 
                Val MAE: 8.579779, Val Optimized MAE: 4.394550, 
                Val Optimized Typed MAE: 18.522771,
                Val Hausdorff: 31.347998,
                Atom Type Acc: 23.42%

Epoch 118/300 - Train Loss: 5.804533, 
                Val MAE: 8.901123, Val Optimized MAE: 4.300170, 
                Val Optimized Typed MAE: 18.594482,
                Val Hausdorff: 30.434657,
                Atom Type Acc: 22.62%

Epoch 119/300 - Train Loss: 5.833692, 
                Val MAE: 9.322257, Val Optimized MAE: 4.436841, 
                Val Optimized Typed MAE: 18.889566,
                Val Hausdorff: 34.535481,
                Atom Type Acc: 23.13%

Epoch 120/300 - Train Loss: 5.785430, 
                Val MAE: 9.118239, Val Optimized MAE: 4.376989, 
                Val Optimized Typed MAE: 17.783819,
                Val Hausdorff: 32.817724,
                Atom Type Acc: 26.48%

Epoch 121/300 - Train Loss: 5.841366, 
                Val MAE: 8.385653, Val Optimized MAE: 4.349844, 
                Val Optimized Typed MAE: 18.891875,
                Val Hausdorff: 30.544049,
                Atom Type Acc: 22.79%

Epoch 122/300 - Train Loss: 5.726069, 
                Val MAE: 8.456080, Val Optimized MAE: 4.279478, 
                Val Optimized Typed MAE: 18.747700,
                Val Hausdorff: 31.470240,
                Atom Type Acc: 22.24%

Epoch 123/300 - Train Loss: 5.854110, 
                Val MAE: 9.037432, Val Optimized MAE: 4.503869, 
                Val Optimized Typed MAE: 18.920351,
                Val Hausdorff: 34.322455,
                Atom Type Acc: 23.38%

Epoch 124/300 - Train Loss: 5.828350, 
                Val MAE: 9.277896, Val Optimized MAE: 4.494548, 
                Val Optimized Typed MAE: 18.433110,
                Val Hausdorff: 35.951199,
                Atom Type Acc: 23.95%

Epoch 125/300 - Train Loss: 5.876378, 
                Val MAE: 8.511698, Val Optimized MAE: 4.276246, 
                Val Optimized Typed MAE: 18.859614,
                Val Hausdorff: 33.113154,
                Atom Type Acc: 22.12%

Epoch 126/300 - Train Loss: 5.711831, 
                Val MAE: 9.050501, Val Optimized MAE: 4.444301, 
                Val Optimized Typed MAE: 18.467373,
                Val Hausdorff: 34.452048,
                Atom Type Acc: 24.48%

Epoch 127/300 - Train Loss: 5.676709, 
                Val MAE: 8.473388, Val Optimized MAE: 4.371172, 
                Val Optimized Typed MAE: 18.658921,
                Val Hausdorff: 32.918239,
                Atom Type Acc: 23.52%

Epoch 128/300 - Train Loss: 5.557143, 
                Val MAE: 9.211595, Val Optimized MAE: 4.528608, 
                Val Optimized Typed MAE: 18.587252,
                Val Hausdorff: 36.136797,
                Atom Type Acc: 23.97%

Epoch 129/300 - Train Loss: 5.641212, 
                Val MAE: 8.909130, Val Optimized MAE: 4.465988, 
                Val Optimized Typed MAE: 18.655602,
                Val Hausdorff: 34.799815,
                Atom Type Acc: 23.56%

Epoch 130/300 - Train Loss: 5.590187, 
                Val MAE: 9.350330, Val Optimized MAE: 4.459461, 
                Val Optimized Typed MAE: 18.462958,
                Val Hausdorff: 36.266153,
                Atom Type Acc: 24.67%

Epoch 131/300 - Train Loss: 5.465086, 
                Val MAE: 8.655319, Val Optimized MAE: 4.203099, 
                Val Optimized Typed MAE: 18.245616,
                Val Hausdorff: 31.002170,
                Atom Type Acc: 25.49%

Epoch 132/300 - Train Loss: 5.458633, 
                Val MAE: 9.524529, Val Optimized MAE: 4.376942, 
                Val Optimized Typed MAE: 18.299900,
                Val Hausdorff: 33.673292,
                Atom Type Acc: 24.90%

Epoch 133/300 - Train Loss: 5.561410, 
                Val MAE: 9.024330, Val Optimized MAE: 4.396572, 
                Val Optimized Typed MAE: 17.996611,
                Val Hausdorff: 34.328748,
                Atom Type Acc: 26.58%

Epoch 134/300 - Train Loss: 5.537337, 
                Val MAE: 8.759147, Val Optimized MAE: 4.493915, 
                Val Optimized Typed MAE: 18.457072,
                Val Hausdorff: 33.401105,
                Atom Type Acc: 24.76%

Epoch 135/300 - Train Loss: 5.569805, 
                Val MAE: 8.976924, Val Optimized MAE: 4.376816, 
                Val Optimized Typed MAE: 18.350215,
                Val Hausdorff: 34.571297,
                Atom Type Acc: 24.33%

Epoch 136/300 - Train Loss: 5.479303, 
                Val MAE: 9.965122, Val Optimized MAE: 4.672439, 
                Val Optimized Typed MAE: 18.241136,
                Val Hausdorff: 36.737124,
                Atom Type Acc: 26.10%

Epoch 137/300 - Train Loss: 5.576600, 
                Val MAE: 9.529064, Val Optimized MAE: 4.642927, 
                Val Optimized Typed MAE: 18.258765,
                Val Hausdorff: 38.444402,
                Atom Type Acc: 26.51%

Epoch 138/300 - Train Loss: 5.579834, 
                Val MAE: 9.524711, Val Optimized MAE: 4.577269, 
                Val Optimized Typed MAE: 18.421968,
                Val Hausdorff: 38.325052,
                Atom Type Acc: 24.67%

Epoch 139/300 - Train Loss: 5.727958, 
                Val MAE: 10.488110, Val Optimized MAE: 4.969560, 
                Val Optimized Typed MAE: 18.334199,
                Val Hausdorff: 41.219314,
                Atom Type Acc: 26.81%

Epoch 140/300 - Train Loss: 5.511503, 
                Val MAE: 10.530054, Val Optimized MAE: 5.102867, 
                Val Optimized Typed MAE: 18.640139,
                Val Hausdorff: 43.185202,
                Atom Type Acc: 26.45%

Epoch 141/300 - Train Loss: 5.555566, 
                Val MAE: 9.846137, Val Optimized MAE: 4.620094, 
                Val Optimized Typed MAE: 18.616265,
                Val Hausdorff: 37.263309,
                Atom Type Acc: 25.02%

Epoch 142/300 - Train Loss: 5.366697, 
                Val MAE: 9.402704, Val Optimized MAE: 4.603915, 
                Val Optimized Typed MAE: 17.888318,
                Val Hausdorff: 37.312484,
                Atom Type Acc: 27.66%

Epoch 143/300 - Train Loss: 5.376662, 
                Val MAE: 10.108327, Val Optimized MAE: 4.781944, 
                Val Optimized Typed MAE: 18.619379,
                Val Hausdorff: 40.172018,
                Atom Type Acc: 25.06%

Epoch 144/300 - Train Loss: 5.430048, 
                Val MAE: 10.627172, Val Optimized MAE: 5.101372, 
                Val Optimized Typed MAE: 18.248673,
                Val Hausdorff: 43.934870,
                Atom Type Acc: 28.58%

Epoch 145/300 - Train Loss: 5.308420, 
                Val MAE: 10.049377, Val Optimized MAE: 4.830707, 
                Val Optimized Typed MAE: 18.576665,
                Val Hausdorff: 39.284517,
                Atom Type Acc: 25.75%

Epoch 146/300 - Train Loss: 5.307961, 
                Val MAE: 10.382470, Val Optimized MAE: 4.860437, 
                Val Optimized Typed MAE: 18.176371,
                Val Hausdorff: 40.474943,
                Atom Type Acc: 27.62%

Epoch 147/300 - Train Loss: 5.205258, 
                Val MAE: 10.455295, Val Optimized MAE: 5.087026, 
                Val Optimized Typed MAE: 18.749907,
                Val Hausdorff: 44.040866,
                Atom Type Acc: 25.00%

Epoch 148/300 - Train Loss: 5.244078, 
                Val MAE: 10.538020, Val Optimized MAE: 5.023283, 
                Val Optimized Typed MAE: 18.693478,
                Val Hausdorff: 42.205096,
                Atom Type Acc: 25.90%

Epoch 149/300 - Train Loss: 5.408859, 
                Val MAE: 11.088037, Val Optimized MAE: 5.205122, 
                Val Optimized Typed MAE: 18.666457,
                Val Hausdorff: 43.143433,
                Atom Type Acc: 26.41%

Epoch 150/300 - Train Loss: 5.239426, 
                Val MAE: 10.052464, Val Optimized MAE: 4.889237, 
                Val Optimized Typed MAE: 18.739348,
                Val Hausdorff: 40.995668,
                Atom Type Acc: 25.46%

Epoch 151/300 - Train Loss: 5.191010, 
                Val MAE: 11.311856, Val Optimized MAE: 5.252986, 
                Val Optimized Typed MAE: 18.257519,
                Val Hausdorff: 44.508953,
                Atom Type Acc: 28.47%

Epoch 152/300 - Train Loss: 5.364811, 
                Val MAE: 10.751607, Val Optimized MAE: 5.145900, 
                Val Optimized Typed MAE: 18.188443,
                Val Hausdorff: 42.287269,
                Atom Type Acc: 27.96%

Epoch 153/300 - Train Loss: 5.077429, 
                Val MAE: 10.811708, Val Optimized MAE: 5.109587, 
                Val Optimized Typed MAE: 18.455439,
                Val Hausdorff: 42.661819,
                Atom Type Acc: 27.23%

Epoch 154/300 - Train Loss: 5.120802, 
                Val MAE: 11.723561, Val Optimized MAE: 5.513383, 
                Val Optimized Typed MAE: 18.661585,
                Val Hausdorff: 45.667503,
                Atom Type Acc: 27.94%

Epoch 155/300 - Train Loss: 5.230775, 
                Val MAE: 10.765141, Val Optimized MAE: 5.070508, 
                Val Optimized Typed MAE: 18.567297,
                Val Hausdorff: 43.756287,
                Atom Type Acc: 26.83%

Epoch 156/300 - Train Loss: 5.176701, 
                Val MAE: 10.936020, Val Optimized MAE: 5.284472, 
                Val Optimized Typed MAE: 18.099498,
                Val Hausdorff: 43.345950,
                Atom Type Acc: 30.21%

Epoch 157/300 - Train Loss: 5.353238, 
                Val MAE: 10.713169, Val Optimized MAE: 5.136943, 
                Val Optimized Typed MAE: 18.238046,
                Val Hausdorff: 43.379615,
                Atom Type Acc: 27.91%

Epoch 158/300 - Train Loss: 5.119230, 
                Val MAE: 10.779295, Val Optimized MAE: 5.192027, 
                Val Optimized Typed MAE: 18.626357,
                Val Hausdorff: 46.200540,
                Atom Type Acc: 27.74%

Epoch 159/300 - Train Loss: 5.245313, 
                Val MAE: 10.751097, Val Optimized MAE: 5.285809, 
                Val Optimized Typed MAE: 18.708224,
                Val Hausdorff: 43.054072,
                Atom Type Acc: 26.89%

Epoch 160/300 - Train Loss: 5.193497, 
                Val MAE: 12.480490, Val Optimized MAE: 5.960305, 
                Val Optimized Typed MAE: 19.230211,
                Val Hausdorff: 50.850420,
                Atom Type Acc: 27.53%

Epoch 161/300 - Train Loss: 5.187641, 
                Val MAE: 11.213717, Val Optimized MAE: 5.351515, 
                Val Optimized Typed MAE: 18.576151,
                Val Hausdorff: 45.134584,
                Atom Type Acc: 28.19%

Epoch 162/300 - Train Loss: 5.114197, 
                Val MAE: 11.601452, Val Optimized MAE: 5.611849, 
                Val Optimized Typed MAE: 18.975577,
                Val Hausdorff: 45.824499,
                Atom Type Acc: 27.25%

Epoch 163/300 - Train Loss: 5.140901, 
                Val MAE: 11.689139, Val Optimized MAE: 5.574889, 
                Val Optimized Typed MAE: 18.726712,
                Val Hausdorff: 47.675721,
                Atom Type Acc: 27.80%

Epoch 164/300 - Train Loss: 5.137366, 
                Val MAE: 12.828144, Val Optimized MAE: 6.093014, 
                Val Optimized Typed MAE: 20.108729,
                Val Hausdorff: 51.006422,
                Atom Type Acc: 25.13%

Epoch 165/300 - Train Loss: 4.969629, 
                Val MAE: 12.297445, Val Optimized MAE: 5.884772, 
                Val Optimized Typed MAE: 18.962237,
                Val Hausdorff: 48.530001,
                Atom Type Acc: 27.88%

Epoch 166/300 - Train Loss: 4.978166, 
                Val MAE: 12.129680, Val Optimized MAE: 6.065368, 
                Val Optimized Typed MAE: 19.260664,
                Val Hausdorff: 49.709459,
                Atom Type Acc: 28.07%

Epoch 167/300 - Train Loss: 5.012592, 
                Val MAE: 11.249682, Val Optimized MAE: 5.322222, 
                Val Optimized Typed MAE: 18.706925,
                Val Hausdorff: 45.006428,
                Atom Type Acc: 27.73%

Epoch 168/300 - Train Loss: 4.994990, 
                Val MAE: 12.656219, Val Optimized MAE: 6.064635, 
                Val Optimized Typed MAE: 19.521012,
                Val Hausdorff: 49.351420,
                Atom Type Acc: 26.38%

Epoch 169/300 - Train Loss: 5.121534, 
                Val MAE: 13.405762, Val Optimized MAE: 6.457324, 
                Val Optimized Typed MAE: 19.358082,
                Val Hausdorff: 50.243433,
                Atom Type Acc: 28.38%

Epoch 170/300 - Train Loss: 5.093868, 
                Val MAE: 13.467473, Val Optimized MAE: 6.776789, 
                Val Optimized Typed MAE: 19.730754,
                Val Hausdorff: 54.473812,
                Atom Type Acc: 29.17%

Epoch 171/300 - Train Loss: 4.931254, 
                Val MAE: 12.524295, Val Optimized MAE: 6.195356, 
                Val Optimized Typed MAE: 18.895322,
                Val Hausdorff: 50.025318,
                Atom Type Acc: 30.18%

Epoch 172/300 - Train Loss: 5.068737, 
                Val MAE: 13.537239, Val Optimized MAE: 7.042722, 
                Val Optimized Typed MAE: 19.865256,
                Val Hausdorff: 56.927192,
                Atom Type Acc: 28.31%

Epoch 173/300 - Train Loss: 5.045009, 
                Val MAE: 13.779191, Val Optimized MAE: 6.977492, 
                Val Optimized Typed MAE: 19.846484,
                Val Hausdorff: 57.079793,
                Atom Type Acc: 28.98%

Epoch 174/300 - Train Loss: 5.106444, 
                Val MAE: 13.768357, Val Optimized MAE: 7.082558, 
                Val Optimized Typed MAE: 20.334770,
                Val Hausdorff: 58.914689,
                Atom Type Acc: 26.75%

Epoch 175/300 - Train Loss: 4.859159, 
                Val MAE: 13.117041, Val Optimized MAE: 6.787679, 
                Val Optimized Typed MAE: 19.987081,
                Val Hausdorff: 55.817498,
                Atom Type Acc: 28.02%

Epoch 176/300 - Train Loss: 4.981029, 
                Val MAE: 12.852242, Val Optimized MAE: 6.360049, 
                Val Optimized Typed MAE: 19.184183,
                Val Hausdorff: 52.280983,
                Atom Type Acc: 29.12%

Epoch 177/300 - Train Loss: 4.914783, 
                Val MAE: 14.319252, Val Optimized MAE: 7.443090, 
                Val Optimized Typed MAE: 20.257189,
                Val Hausdorff: 56.486480,
                Atom Type Acc: 29.01%

Epoch 178/300 - Train Loss: 4.882390, 
                Val MAE: 14.254036, Val Optimized MAE: 7.273828, 
                Val Optimized Typed MAE: 20.021484,
                Val Hausdorff: 58.199217,
                Atom Type Acc: 29.22%

Epoch 179/300 - Train Loss: 4.956470, 
                Val MAE: 15.903159, Val Optimized MAE: 8.204042, 
                Val Optimized Typed MAE: 21.372779,
                Val Hausdorff: 61.987043,
                Atom Type Acc: 27.40%

Epoch 180/300 - Train Loss: 4.862237, 
                Val MAE: 13.832829, Val Optimized MAE: 7.199882, 
                Val Optimized Typed MAE: 20.022852,
                Val Hausdorff: 57.509954,
                Atom Type Acc: 29.28%

Epoch 181/300 - Train Loss: 4.800226, 
                Val MAE: 14.795857, Val Optimized MAE: 7.650121, 
                Val Optimized Typed MAE: 20.869193,
                Val Hausdorff: 58.119763,
                Atom Type Acc: 27.56%

Epoch 182/300 - Train Loss: 4.848508, 
                Val MAE: 13.563095, Val Optimized MAE: 6.919884, 
                Val Optimized Typed MAE: 19.626083,
                Val Hausdorff: 55.769791,
                Atom Type Acc: 29.32%

Epoch 183/300 - Train Loss: 4.990966, 
                Val MAE: 15.087529, Val Optimized MAE: 7.967088, 
                Val Optimized Typed MAE: 20.271549,
                Val Hausdorff: 59.659394,
                Atom Type Acc: 30.57%

Epoch 184/300 - Train Loss: 4.973467, 
                Val MAE: 14.018785, Val Optimized MAE: 7.367136, 
                Val Optimized Typed MAE: 20.171886,
                Val Hausdorff: 56.914569,
                Atom Type Acc: 29.26%

Epoch 185/300 - Train Loss: 4.785589, 
                Val MAE: 14.625403, Val Optimized MAE: 7.751493, 
                Val Optimized Typed MAE: 20.345185,
                Val Hausdorff: 58.369835,
                Atom Type Acc: 29.42%

Epoch 186/300 - Train Loss: 4.723993, 
                Val MAE: 13.855539, Val Optimized MAE: 7.191381, 
                Val Optimized Typed MAE: 20.208069,
                Val Hausdorff: 57.947127,
                Atom Type Acc: 28.56%

Epoch 187/300 - Train Loss: 4.815433, 
                Val MAE: 15.455564, Val Optimized MAE: 8.369277, 
                Val Optimized Typed MAE: 21.063584,
                Val Hausdorff: 61.803209,
                Atom Type Acc: 29.63%

Epoch 188/300 - Train Loss: 5.047851, 
                Val MAE: 15.096586, Val Optimized MAE: 8.310094, 
                Val Optimized Typed MAE: 21.094789,
                Val Hausdorff: 64.142975,
                Atom Type Acc: 29.11%

Epoch 189/300 - Train Loss: 5.012854, 
                Val MAE: 15.113530, Val Optimized MAE: 7.909461, 
                Val Optimized Typed MAE: 21.063566,
                Val Hausdorff: 61.450548,
                Atom Type Acc: 27.88%

Epoch 190/300 - Train Loss: 4.841907, 
                Val MAE: 14.681499, Val Optimized MAE: 7.724090, 
                Val Optimized Typed MAE: 21.021904,
                Val Hausdorff: 58.659316,
                Atom Type Acc: 27.26%

Epoch 191/300 - Train Loss: 4.900871, 
                Val MAE: 16.566723, Val Optimized MAE: 8.954617, 
                Val Optimized Typed MAE: 21.621034,
                Val Hausdorff: 65.010732,
                Atom Type Acc: 29.33%

Epoch 192/300 - Train Loss: 4.871120, 
                Val MAE: 17.637133, Val Optimized MAE: 9.283215, 
                Val Optimized Typed MAE: 23.170421,
                Val Hausdorff: 65.441007,
                Atom Type Acc: 24.16%

Epoch 193/300 - Train Loss: 4.659853, 
                Val MAE: 16.326042, Val Optimized MAE: 8.978954, 
                Val Optimized Typed MAE: 21.941354,
                Val Hausdorff: 67.716108,
                Atom Type Acc: 27.75%

Epoch 194/300 - Train Loss: 4.679844, 
                Val MAE: 16.822691, Val Optimized MAE: 9.060478, 
                Val Optimized Typed MAE: 22.133171,
                Val Hausdorff: 62.008291,
                Atom Type Acc: 28.22%

Epoch 195/300 - Train Loss: 4.634820, 
                Val MAE: 17.481220, Val Optimized MAE: 9.412777, 
                Val Optimized Typed MAE: 22.374004,
                Val Hausdorff: 66.967647,
                Atom Type Acc: 28.11%

Epoch 196/300 - Train Loss: 4.744860, 
                Val MAE: 17.030500, Val Optimized MAE: 9.369033, 
                Val Optimized Typed MAE: 21.981695,
                Val Hausdorff: 68.343743,
                Atom Type Acc: 29.29%

Epoch 197/300 - Train Loss: 4.764060, 
                Val MAE: 15.727197, Val Optimized MAE: 8.704830, 
                Val Optimized Typed MAE: 21.660452,
                Val Hausdorff: 62.245600,
                Atom Type Acc: 28.12%

Epoch 198/300 - Train Loss: 4.637408, 
                Val MAE: 15.193901, Val Optimized MAE: 8.257157, 
                Val Optimized Typed MAE: 20.740138,
                Val Hausdorff: 61.121799,
                Atom Type Acc: 30.01%

Epoch 199/300 - Train Loss: 4.735480, 
                Val MAE: 17.018656, Val Optimized MAE: 9.603002, 
                Val Optimized Typed MAE: 22.183903,
                Val Hausdorff: 65.610510,
                Atom Type Acc: 29.05%

Epoch 200/300 - Train Loss: 4.684932, 
                Val MAE: 17.228273, Val Optimized MAE: 9.934688, 
                Val Optimized Typed MAE: 22.405982,
                Val Hausdorff: 69.407524,
                Atom Type Acc: 28.87%

Epoch 201/300 - Train Loss: 4.595337, 
                Val MAE: 16.937109, Val Optimized MAE: 9.190019, 
                Val Optimized Typed MAE: 21.840028,
                Val Hausdorff: 64.480081,
                Atom Type Acc: 29.41%

Epoch 202/300 - Train Loss: 4.846689, 
                Val MAE: 17.319366, Val Optimized MAE: 9.923416, 
                Val Optimized Typed MAE: 22.731380,
                Val Hausdorff: 70.073173,
                Atom Type Acc: 28.82%

Epoch 203/300 - Train Loss: 4.639418, 
                Val MAE: 17.820295, Val Optimized MAE: 10.189332, 
                Val Optimized Typed MAE: 23.299019,
                Val Hausdorff: 67.647596,
                Atom Type Acc: 27.07%

Epoch 204/300 - Train Loss: 4.739351, 
                Val MAE: 18.424236, Val Optimized MAE: 10.353111, 
                Val Optimized Typed MAE: 22.930302,
                Val Hausdorff: 68.990350,
                Atom Type Acc: 29.58%

Epoch 205/300 - Train Loss: 4.785448, 
                Val MAE: 17.116989, Val Optimized MAE: 9.675682, 
                Val Optimized Typed MAE: 22.376924,
                Val Hausdorff: 69.747826,
                Atom Type Acc: 28.57%

Epoch 206/300 - Train Loss: 4.573410, 
                Val MAE: 19.550722, Val Optimized MAE: 11.672531, 
                Val Optimized Typed MAE: 24.490214,
                Val Hausdorff: 74.675666,
                Atom Type Acc: 27.50%

Epoch 207/300 - Train Loss: 4.619720, 
                Val MAE: 18.216867, Val Optimized MAE: 10.713295, 
                Val Optimized Typed MAE: 23.201724,
                Val Hausdorff: 71.654795,
                Atom Type Acc: 29.30%

Epoch 208/300 - Train Loss: 4.630180, 
                Val MAE: 19.801340, Val Optimized MAE: 11.985784, 
                Val Optimized Typed MAE: 24.478929,
                Val Hausdorff: 75.055717,
                Atom Type Acc: 29.40%

Epoch 209/300 - Train Loss: 4.463525, 
                Val MAE: 18.860704, Val Optimized MAE: 11.097714, 
                Val Optimized Typed MAE: 23.344229,
                Val Hausdorff: 71.450433,
                Atom Type Acc: 29.89%

Epoch 210/300 - Train Loss: 4.811955, 
                Val MAE: 20.528349, Val Optimized MAE: 12.499938, 
                Val Optimized Typed MAE: 24.881079,
                Val Hausdorff: 76.584325,
                Atom Type Acc: 29.11%

Epoch 211/300 - Train Loss: 4.659153, 
                Val MAE: 19.186064, Val Optimized MAE: 11.326252, 
                Val Optimized Typed MAE: 24.125220,
                Val Hausdorff: 71.225171,
                Atom Type Acc: 28.31%

Epoch 212/300 - Train Loss: 4.605548, 
                Val MAE: 19.343964, Val Optimized MAE: 11.827055, 
                Val Optimized Typed MAE: 24.370004,
                Val Hausdorff: 76.631778,
                Atom Type Acc: 28.39%

Epoch 213/300 - Train Loss: 4.526556, 
                Val MAE: 22.316311, Val Optimized MAE: 13.980937, 
                Val Optimized Typed MAE: 26.976876,
                Val Hausdorff: 83.474486,
                Atom Type Acc: 26.99%

Epoch 214/300 - Train Loss: 4.483927, 
                Val MAE: 21.115028, Val Optimized MAE: 12.926450, 
                Val Optimized Typed MAE: 24.993818,
                Val Hausdorff: 78.068698,
                Atom Type Acc: 30.27%

Epoch 215/300 - Train Loss: 4.442261, 
                Val MAE: 20.520008, Val Optimized MAE: 12.568474, 
                Val Optimized Typed MAE: 24.993373,
                Val Hausdorff: 77.390696,
                Atom Type Acc: 28.89%

Epoch 216/300 - Train Loss: 4.700331, 
                Val MAE: 20.254389, Val Optimized MAE: 12.468550, 
                Val Optimized Typed MAE: 24.834262,
                Val Hausdorff: 77.840044,
                Atom Type Acc: 29.40%

Epoch 217/300 - Train Loss: 4.623663, 
                Val MAE: 21.163198, Val Optimized MAE: 13.377409, 
                Val Optimized Typed MAE: 25.637535,
                Val Hausdorff: 79.532372,
                Atom Type Acc: 29.57%

Epoch 218/300 - Train Loss: 4.412725, 
                Val MAE: 24.075083, Val Optimized MAE: 15.537676, 
                Val Optimized Typed MAE: 27.553435,
                Val Hausdorff: 85.964327,
                Atom Type Acc: 30.12%

Epoch 219/300 - Train Loss: 4.518525, 
                Val MAE: 22.341349, Val Optimized MAE: 14.227838, 
                Val Optimized Typed MAE: 26.929177,
                Val Hausdorff: 80.140106,
                Atom Type Acc: 27.72%

Epoch 220/300 - Train Loss: 4.440525, 
                Val MAE: 23.455133, Val Optimized MAE: 14.942161, 
                Val Optimized Typed MAE: 26.841754,
                Val Hausdorff: 82.628901,
                Atom Type Acc: 30.62%

Epoch 221/300 - Train Loss: 4.441571, 
                Val MAE: 23.509180, Val Optimized MAE: 15.206807, 
                Val Optimized Typed MAE: 27.928797,
                Val Hausdorff: 82.735086,
                Atom Type Acc: 27.92%

Epoch 222/300 - Train Loss: 4.447016, 
                Val MAE: 21.636848, Val Optimized MAE: 14.131574, 
                Val Optimized Typed MAE: 26.616736,
                Val Hausdorff: 80.220207,
                Atom Type Acc: 28.86%

Epoch 223/300 - Train Loss: 4.469965, 
                Val MAE: 21.405104, Val Optimized MAE: 13.704151, 
                Val Optimized Typed MAE: 25.777433,
                Val Hausdorff: 78.226579,
                Atom Type Acc: 30.31%

Epoch 224/300 - Train Loss: 4.407811, 
                Val MAE: 22.117453, Val Optimized MAE: 14.021521, 
                Val Optimized Typed MAE: 26.002419,
                Val Hausdorff: 82.915295,
                Atom Type Acc: 30.17%

Epoch 225/300 - Train Loss: 4.418815, 
                Val MAE: 23.208637, Val Optimized MAE: 15.248275, 
                Val Optimized Typed MAE: 26.765344,
                Val Hausdorff: 85.528101,
                Atom Type Acc: 31.76%

Epoch 226/300 - Train Loss: 4.453084, 
                Val MAE: 24.003347, Val Optimized MAE: 15.938377, 
                Val Optimized Typed MAE: 27.995886,
                Val Hausdorff: 83.987458,
                Atom Type Acc: 29.40%

Epoch 227/300 - Train Loss: 4.374553, 
                Val MAE: 22.967382, Val Optimized MAE: 15.246176, 
                Val Optimized Typed MAE: 27.319625,
                Val Hausdorff: 84.833091,
                Atom Type Acc: 29.56%

Epoch 228/300 - Train Loss: 4.422033, 
                Val MAE: 23.959618, Val Optimized MAE: 15.878118, 
                Val Optimized Typed MAE: 28.219952,
                Val Hausdorff: 87.042820,
                Atom Type Acc: 28.74%

Epoch 229/300 - Train Loss: 4.443965, 
                Val MAE: 24.590101, Val Optimized MAE: 16.668890, 
                Val Optimized Typed MAE: 28.758509,
                Val Hausdorff: 86.108959,
                Atom Type Acc: 29.65%

Epoch 230/300 - Train Loss: 4.366769, 
                Val MAE: 24.176504, Val Optimized MAE: 16.151609, 
                Val Optimized Typed MAE: 28.655198,
                Val Hausdorff: 88.193509,
                Atom Type Acc: 28.67%

Epoch 231/300 - Train Loss: 4.405192, 
                Val MAE: 24.742260, Val Optimized MAE: 16.977685, 
                Val Optimized Typed MAE: 28.890811,
                Val Hausdorff: 91.044374,
                Atom Type Acc: 29.83%

Epoch 232/300 - Train Loss: 4.464816, 
                Val MAE: 27.029667, Val Optimized MAE: 18.045505, 
                Val Optimized Typed MAE: 30.354593,
                Val Hausdorff: 91.526889,
                Atom Type Acc: 28.22%

Epoch 233/300 - Train Loss: 4.397885, 
                Val MAE: 25.850264, Val Optimized MAE: 17.596706, 
                Val Optimized Typed MAE: 29.952872,
                Val Hausdorff: 89.923453,
                Atom Type Acc: 28.52%

Epoch 234/300 - Train Loss: 4.353233, 
                Val MAE: 25.195868, Val Optimized MAE: 17.369533, 
                Val Optimized Typed MAE: 30.125155,
                Val Hausdorff: 90.256799,
                Atom Type Acc: 27.57%

Epoch 235/300 - Train Loss: 4.387954, 
                Val MAE: 27.075163, Val Optimized MAE: 18.851590, 
                Val Optimized Typed MAE: 31.340804,
                Val Hausdorff: 92.759136,
                Atom Type Acc: 27.88%

Epoch 236/300 - Train Loss: 4.415322, 
                Val MAE: 25.982370, Val Optimized MAE: 17.723226, 
                Val Optimized Typed MAE: 29.909778,
                Val Hausdorff: 86.819061,
                Atom Type Acc: 29.35%

Epoch 237/300 - Train Loss: 4.312427, 
                Val MAE: 26.495876, Val Optimized MAE: 18.420210, 
                Val Optimized Typed MAE: 30.056953,
                Val Hausdorff: 91.558700,
                Atom Type Acc: 31.46%

Epoch 238/300 - Train Loss: 4.288490, 
                Val MAE: 27.079117, Val Optimized MAE: 18.275335, 
                Val Optimized Typed MAE: 29.903425,
                Val Hausdorff: 90.776143,
                Atom Type Acc: 30.74%

Epoch 239/300 - Train Loss: 4.384287, 
                Val MAE: 25.644030, Val Optimized MAE: 17.894128, 
                Val Optimized Typed MAE: 29.848081,
                Val Hausdorff: 90.529261,
                Atom Type Acc: 29.97%

Epoch 240/300 - Train Loss: 4.315416, 
                Val MAE: 27.196682, Val Optimized MAE: 18.983867, 
                Val Optimized Typed MAE: 31.565667,
                Val Hausdorff: 94.849679,
                Atom Type Acc: 27.89%

Epoch 241/300 - Train Loss: 4.357406, 
                Val MAE: 26.702709, Val Optimized MAE: 18.944527, 
                Val Optimized Typed MAE: 30.955510,
                Val Hausdorff: 93.564179,
                Atom Type Acc: 28.94%

Epoch 242/300 - Train Loss: 4.303232, 
                Val MAE: 27.830059, Val Optimized MAE: 20.113376, 
                Val Optimized Typed MAE: 32.092357,
                Val Hausdorff: 97.213032,
                Atom Type Acc: 29.42%

Epoch 243/300 - Train Loss: 4.354938, 
                Val MAE: 28.712702, Val Optimized MAE: 20.385392, 
                Val Optimized Typed MAE: 32.722835,
                Val Hausdorff: 92.347133,
                Atom Type Acc: 28.04%

Epoch 244/300 - Train Loss: 4.460780, 
                Val MAE: 28.327543, Val Optimized MAE: 20.669729, 
                Val Optimized Typed MAE: 33.093495,
                Val Hausdorff: 98.889819,
                Atom Type Acc: 28.38%

Epoch 245/300 - Train Loss: 4.288232, 
                Val MAE: 30.762617, Val Optimized MAE: 22.709878, 
                Val Optimized Typed MAE: 34.814766,
                Val Hausdorff: 101.698623,
                Atom Type Acc: 28.63%

Epoch 246/300 - Train Loss: 4.428617, 
                Val MAE: 30.269703, Val Optimized MAE: 22.168362, 
                Val Optimized Typed MAE: 34.848254,
                Val Hausdorff: 102.328891,
                Atom Type Acc: 26.86%

Epoch 247/300 - Train Loss: 4.332853, 
                Val MAE: 29.956041, Val Optimized MAE: 22.237578, 
                Val Optimized Typed MAE: 34.788495,
                Val Hausdorff: 102.072254,
                Atom Type Acc: 27.38%

Epoch 248/300 - Train Loss: 4.266959, 
                Val MAE: 30.724047, Val Optimized MAE: 22.755063, 
                Val Optimized Typed MAE: 34.732470,
                Val Hausdorff: 99.862114,
                Atom Type Acc: 29.26%

Epoch 249/300 - Train Loss: 4.164041, 
                Val MAE: 30.401794, Val Optimized MAE: 22.389109, 
                Val Optimized Typed MAE: 34.795007,
                Val Hausdorff: 98.981629,
                Atom Type Acc: 27.94%

Epoch 250/300 - Train Loss: 4.164492, 
                Val MAE: 33.861435, Val Optimized MAE: 25.550058, 
                Val Optimized Typed MAE: 37.501739,
                Val Hausdorff: 106.963067,
                Atom Type Acc: 29.22%

Epoch 251/300 - Train Loss: 4.186021, 
                Val MAE: 32.618382, Val Optimized MAE: 24.133710, 
                Val Optimized Typed MAE: 35.945000,
                Val Hausdorff: 106.916930,
                Atom Type Acc: 29.73%

Epoch 252/300 - Train Loss: 4.120937, 
                Val MAE: 31.557697, Val Optimized MAE: 23.640184, 
                Val Optimized Typed MAE: 35.372683,
                Val Hausdorff: 101.416343,
                Atom Type Acc: 30.13%

Epoch 253/300 - Train Loss: 4.112960, 
                Val MAE: 32.322388, Val Optimized MAE: 24.486412, 
                Val Optimized Typed MAE: 35.918630,
                Val Hausdorff: 106.184764,
                Atom Type Acc: 31.13%

Epoch 254/300 - Train Loss: 4.115213, 
                Val MAE: 33.358757, Val Optimized MAE: 25.000740, 
                Val Optimized Typed MAE: 36.947118,
                Val Hausdorff: 109.202436,
                Atom Type Acc: 29.42%

Epoch 255/300 - Train Loss: 4.246195, 
                Val MAE: 33.292179, Val Optimized MAE: 25.484283, 
                Val Optimized Typed MAE: 37.546378,
                Val Hausdorff: 109.517951,
                Atom Type Acc: 28.52%

Epoch 256/300 - Train Loss: 4.270640, 
                Val MAE: 32.617783, Val Optimized MAE: 24.768473, 
                Val Optimized Typed MAE: 36.943490,
                Val Hausdorff: 104.889472,
                Atom Type Acc: 28.59%

Epoch 257/300 - Train Loss: 4.129158, 
                Val MAE: 32.535469, Val Optimized MAE: 24.426889, 
                Val Optimized Typed MAE: 35.785655,
                Val Hausdorff: 110.787228,
                Atom Type Acc: 31.19%

Epoch 258/300 - Train Loss: 4.061066, 
                Val MAE: 33.869797, Val Optimized MAE: 25.703957, 
                Val Optimized Typed MAE: 37.233257,
                Val Hausdorff: 108.224683,
                Atom Type Acc: 30.53%

Epoch 259/300 - Train Loss: 4.069228, 
                Val MAE: 33.780796, Val Optimized MAE: 25.806874, 
                Val Optimized Typed MAE: 37.291855,
                Val Hausdorff: 109.154281,
                Atom Type Acc: 30.88%

Epoch 260/300 - Train Loss: 4.190765, 
                Val MAE: 34.437302, Val Optimized MAE: 26.627758, 
                Val Optimized Typed MAE: 38.116572,
                Val Hausdorff: 110.924009,
                Atom Type Acc: 30.75%

Epoch 261/300 - Train Loss: 4.200360, 
                Val MAE: 35.387997, Val Optimized MAE: 27.154985, 
                Val Optimized Typed MAE: 39.748802,
                Val Hausdorff: 111.423311,
                Atom Type Acc: 27.11%

Epoch 262/300 - Train Loss: 4.072783, 
                Val MAE: 34.154236, Val Optimized MAE: 26.147857, 
                Val Optimized Typed MAE: 37.746158,
                Val Hausdorff: 109.564985,
                Atom Type Acc: 30.47%

Epoch 263/300 - Train Loss: 4.175992, 
                Val MAE: 39.278004, Val Optimized MAE: 30.856287, 
                Val Optimized Typed MAE: 42.374839,
                Val Hausdorff: 122.051499,
                Atom Type Acc: 29.88%

Epoch 264/300 - Train Loss: 4.102664, 
                Val MAE: 36.111855, Val Optimized MAE: 27.848060, 
                Val Optimized Typed MAE: 39.744519,
                Val Hausdorff: 111.675782,
                Atom Type Acc: 29.27%

Epoch 265/300 - Train Loss: 4.122647, 
                Val MAE: 37.251949, Val Optimized MAE: 28.723720, 
                Val Optimized Typed MAE: 40.349090,
                Val Hausdorff: 115.844222,
                Atom Type Acc: 30.35%

Epoch 266/300 - Train Loss: 4.136394, 
                Val MAE: 36.166824, Val Optimized MAE: 28.311441, 
                Val Optimized Typed MAE: 39.467951,
                Val Hausdorff: 111.010681,
                Atom Type Acc: 31.85%

Epoch 267/300 - Train Loss: 4.081404, 
                Val MAE: 36.897423, Val Optimized MAE: 28.529359, 
                Val Optimized Typed MAE: 40.473889,
                Val Hausdorff: 114.702710,
                Atom Type Acc: 29.40%

Epoch 268/300 - Train Loss: 4.131170, 
                Val MAE: 37.220787, Val Optimized MAE: 29.106868, 
                Val Optimized Typed MAE: 40.921798,
                Val Hausdorff: 114.143527,
                Atom Type Acc: 29.41%

Epoch 269/300 - Train Loss: 3.956349, 
                Val MAE: 39.002514, Val Optimized MAE: 30.363010, 
                Val Optimized Typed MAE: 42.140855,
                Val Hausdorff: 118.341624,
                Atom Type Acc: 29.82%

Epoch 270/300 - Train Loss: 4.059254, 
                Val MAE: 36.091839, Val Optimized MAE: 28.140382, 
                Val Optimized Typed MAE: 39.550924,
                Val Hausdorff: 113.258044,
                Atom Type Acc: 30.94%

Epoch 271/300 - Train Loss: 4.219632, 
                Val MAE: 37.891361, Val Optimized MAE: 30.175137, 
                Val Optimized Typed MAE: 41.366721,
                Val Hausdorff: 121.678504,
                Atom Type Acc: 31.77%

Epoch 272/300 - Train Loss: 4.154161, 
                Val MAE: 38.242599, Val Optimized MAE: 30.144974, 
                Val Optimized Typed MAE: 41.951952,
                Val Hausdorff: 124.062766,
                Atom Type Acc: 29.55%

Epoch 273/300 - Train Loss: 3.988812, 
                Val MAE: 39.754704, Val Optimized MAE: 31.492081, 
                Val Optimized Typed MAE: 43.414797,
                Val Hausdorff: 122.544146,
                Atom Type Acc: 28.93%

Epoch 274/300 - Train Loss: 4.017352, 
                Val MAE: 41.989967, Val Optimized MAE: 33.726516, 
                Val Optimized Typed MAE: 44.959683,
                Val Hausdorff: 128.004391,
                Atom Type Acc: 31.43%

Epoch 275/300 - Train Loss: 4.029674, 
                Val MAE: 41.251202, Val Optimized MAE: 33.028901, 
                Val Optimized Typed MAE: 44.266400,
                Val Hausdorff: 124.605738,
                Atom Type Acc: 31.17%

Epoch 276/300 - Train Loss: 3.973100, 
                Val MAE: 41.099968, Val Optimized MAE: 33.287371, 
                Val Optimized Typed MAE: 45.249498,
                Val Hausdorff: 126.444175,
                Atom Type Acc: 28.67%

Epoch 277/300 - Train Loss: 3.890829, 
                Val MAE: 40.808186, Val Optimized MAE: 32.734260, 
                Val Optimized Typed MAE: 44.878680,
                Val Hausdorff: 122.897235,
                Atom Type Acc: 28.18%

Epoch 278/300 - Train Loss: 4.015255, 
                Val MAE: 40.584278, Val Optimized MAE: 32.651077, 
                Val Optimized Typed MAE: 44.066106,
                Val Hausdorff: 122.052787,
                Atom Type Acc: 31.02%

Epoch 279/300 - Train Loss: 3.932933, 
                Val MAE: 39.593475, Val Optimized MAE: 31.954847, 
                Val Optimized Typed MAE: 43.318317,
                Val Hausdorff: 120.490990,
                Atom Type Acc: 31.03%

Epoch 280/300 - Train Loss: 3.943197, 
                Val MAE: 42.590565, Val Optimized MAE: 34.154096, 
                Val Optimized Typed MAE: 45.815498,
                Val Hausdorff: 123.440091,
                Atom Type Acc: 30.05%

Epoch 281/300 - Train Loss: 3.866399, 
                Val MAE: 41.392406, Val Optimized MAE: 33.763380, 
                Val Optimized Typed MAE: 45.309122,
                Val Hausdorff: 127.420128,
                Atom Type Acc: 30.18%

Epoch 282/300 - Train Loss: 3.978317, 
                Val MAE: 42.212856, Val Optimized MAE: 34.328465, 
                Val Optimized Typed MAE: 46.168857,
                Val Hausdorff: 127.998285,
                Atom Type Acc: 29.59%

Epoch 283/300 - Train Loss: 4.029778, 
                Val MAE: 44.039413, Val Optimized MAE: 35.896838, 
                Val Optimized Typed MAE: 47.460154,
                Val Hausdorff: 133.001048,
                Atom Type Acc: 30.35%

Epoch 284/300 - Train Loss: 4.020455, 
                Val MAE: 44.137638, Val Optimized MAE: 36.237810, 
                Val Optimized Typed MAE: 47.760243,
                Val Hausdorff: 130.878684,
                Atom Type Acc: 30.25%

Epoch 285/300 - Train Loss: 4.002310, 
                Val MAE: 44.823521, Val Optimized MAE: 36.266791, 
                Val Optimized Typed MAE: 47.621271,
                Val Hausdorff: 129.315504,
                Atom Type Acc: 30.82%

Epoch 286/300 - Train Loss: 3.852280, 
                Val MAE: 44.633198, Val Optimized MAE: 36.729314, 
                Val Optimized Typed MAE: 48.278628,
                Val Hausdorff: 130.158644,
                Atom Type Acc: 30.33%

Epoch 287/300 - Train Loss: 4.001289, 
                Val MAE: 43.976688, Val Optimized MAE: 35.715784, 
                Val Optimized Typed MAE: 47.089363,
                Val Hausdorff: 130.387139,
                Atom Type Acc: 30.94%

Epoch 288/300 - Train Loss: 3.906687, 
                Val MAE: 46.610840, Val Optimized MAE: 37.847688, 
                Val Optimized Typed MAE: 49.227992,
                Val Hausdorff: 135.751486,
                Atom Type Acc: 31.11%

Epoch 289/300 - Train Loss: 3.890072, 
                Val MAE: 45.817837, Val Optimized MAE: 37.490569, 
                Val Optimized Typed MAE: 49.146732,
                Val Hausdorff: 133.273841,
                Atom Type Acc: 29.79%

Epoch 290/300 - Train Loss: 3.845732, 
                Val MAE: 46.864384, Val Optimized MAE: 38.466228, 
                Val Optimized Typed MAE: 50.399493,
                Val Hausdorff: 135.514443,
                Atom Type Acc: 28.33%

Epoch 291/300 - Train Loss: 3.846271, 
                Val MAE: 47.440865, Val Optimized MAE: 39.283316, 
                Val Optimized Typed MAE: 50.690349,
                Val Hausdorff: 139.296194,
                Atom Type Acc: 30.92%

Epoch 292/300 - Train Loss: 3.872619, 
                Val MAE: 46.179886, Val Optimized MAE: 38.094283, 
                Val Optimized Typed MAE: 49.470085,
                Val Hausdorff: 132.076681,
                Atom Type Acc: 30.72%

Epoch 293/300 - Train Loss: 3.785134, 
                Val MAE: 48.089283, Val Optimized MAE: 39.762077, 
                Val Optimized Typed MAE: 51.539680,
                Val Hausdorff: 142.768665,
                Atom Type Acc: 29.31%

Epoch 294/300 - Train Loss: 3.894206, 
                Val MAE: 46.762894, Val Optimized MAE: 38.401958, 
                Val Optimized Typed MAE: 49.679946,
                Val Hausdorff: 135.572947,
                Atom Type Acc: 31.28%

Epoch 295/300 - Train Loss: 3.901731, 
                Val MAE: 45.081932, Val Optimized MAE: 37.217150, 
                Val Optimized Typed MAE: 48.642619,
                Val Hausdorff: 129.885692,
                Atom Type Acc: 31.07%

Epoch 296/300 - Train Loss: 3.832337, 
                Val MAE: 50.061199, Val Optimized MAE: 41.702833, 
                Val Optimized Typed MAE: 52.698854,
                Val Hausdorff: 143.059503,
                Atom Type Acc: 32.62%

Epoch 297/300 - Train Loss: 3.737815, 
                Val MAE: 49.395912, Val Optimized MAE: 41.033696, 
                Val Optimized Typed MAE: 52.257152,
                Val Hausdorff: 137.155537,
                Atom Type Acc: 31.67%

Epoch 298/300 - Train Loss: 3.840386, 
                Val MAE: 47.635574, Val Optimized MAE: 39.528381, 
                Val Optimized Typed MAE: 50.581952,
                Val Hausdorff: 134.701984,
                Atom Type Acc: 32.09%

Epoch 299/300 - Train Loss: 3.792436, 
                Val MAE: 51.811188, Val Optimized MAE: 43.398897, 
                Val Optimized Typed MAE: 54.462894,
                Val Hausdorff: 143.397891,
                Atom Type Acc: 32.34%

Epoch 300/300 - Train Loss: 3.868761, 
                Val MAE: 51.511234, Val Optimized MAE: 43.110370, 
                Val Optimized Typed MAE: 54.183078,
                Val Hausdorff: 144.473133,
                Atom Type Acc: 32.02%
Training complete. Model saved to 'diffusion_results/AbsPositionRegressionXRD_20250518_012219_job35_task0/samples/training_samples/pos_abs_T1000_lr0.0001_epochs300_batch64_cond64_with_atoms_20250518-012220/vector_conditioned_rgb_model.pt'
Test MAE: 51.8949,
        Test Optimized MAE: 43.6969,
        Test Optimized Typed MAE: 54.6464,
        Test Hausdorff: 148.3134,
        Test Atom Type Accuracy: 31.56%
Final test MAE: 51.8949, Test Hausdorff: 148.3134, Test Atom Type Accuracy: 31.56%
Final metrics saved to diffusion_results/AbsPositionRegressionXRD_20250518_012219_job35_task0/samples/training_samples/pos_abs_T1000_lr0.0001_epochs300_batch64_cond64_with_atoms_20250518-012220/final_metrics.csv
----------------------------------------
Completed job with config file: configs/diffusion_xrd_abs_T1000.yaml
----------------------------------------

----------------------------------------
Starting job with config file: configs/diffusion_xrd_frac_T1000.yaml
----------------------------------------
Running experiment with model type: Diffusion
Loaded atom mapping with 54 categories for visualization
Loaded atom mapping with 54 categories
Created dataset with 2013 samples, image shape: torch.Size([2013, 3, 10, 10]), conditioning shape: torch.Size([2013, 580])
Atom types shape: torch.Size([2013, 1, 10, 10]), with 54 categories
Loaded atom mapping with 54 categories
Created dataset with 252 samples, image shape: torch.Size([252, 3, 10, 10]), conditioning shape: torch.Size([252, 580])
Atom types shape: torch.Size([252, 1, 10, 10]), with 54 categories
Loaded atom mapping with 54 categories
Created dataset with 252 samples, image shape: torch.Size([252, 3, 10, 10]), conditioning shape: torch.Size([252, 580])
Atom types shape: torch.Size([252, 1, 10, 10]), with 54 categories
Using device: cuda:0
