Slurm assigned GPUs: 1
Set CUDA_VISIBLE_DEVICES=0,1,2,3
Job ID: 6075
Node: hendrixgpu01fl
# CPUs: 4
Wed May 14 22:14:58 2025       
+-----------------------------------------------------------------------------------------+
| NVIDIA-SMI 570.86.15              Driver Version: 570.86.15      CUDA Version: 12.8     |
|-----------------------------------------+------------------------+----------------------+
| GPU  Name                 Persistence-M | Bus-Id          Disp.A | Volatile Uncorr. ECC |
| Fan  Temp   Perf          Pwr:Usage/Cap |           Memory-Usage | GPU-Util  Compute M. |
|                                         |                        |               MIG M. |
|=========================================+========================+======================|
|   0  NVIDIA A100-PCIE-40GB          Off |   00000000:39:00.0 Off |                    0 |
| N/A   26C    P0             30W /  250W |       1MiB /  40960MiB |      0%      Default |
|                                         |                        |             Disabled |
+-----------------------------------------+------------------------+----------------------+
                                                                                         
+-----------------------------------------------------------------------------------------+
| Processes:                                                                              |
|  GPU   GI   CI              PID   Type   Process name                        GPU Memory |
|        ID   ID                                                               Usage      |
|=========================================================================================|
|  No running processes found                                                             |
+-----------------------------------------------------------------------------------------+
----------------------------------------
Starting job with config file: configs/diffusion_xpdf_abs_base.yaml
----------------------------------------
Running experiment with model type: Diffusion
Loaded atom mapping with 54 categories for visualization
Loaded atom mapping with 54 categories
Created dataset with 2013 samples, image shape: torch.Size([2013, 3, 10, 10]), conditioning shape: torch.Size([2013, 6000])
Atom types shape: torch.Size([2013, 1, 10, 10]), with 54 categories
Loaded atom mapping with 54 categories
Created dataset with 252 samples, image shape: torch.Size([252, 3, 10, 10]), conditioning shape: torch.Size([252, 6000])
Atom types shape: torch.Size([252, 1, 10, 10]), with 54 categories
Loaded atom mapping with 54 categories
Created dataset with 252 samples, image shape: torch.Size([252, 3, 10, 10]), conditioning shape: torch.Size([252, 6000])
Atom types shape: torch.Size([252, 1, 10, 10]), with 54 categories
Using device: cuda:0

Epoch 1/100 - Train Loss: 10.619775, 
                Val MAE: 5.122304, Val Optimized MAE: 3.992224, 
                Val Optimized Typed MAE: 23.039020,
                Val Hausdorff: 6.851269,
                Atom Type Acc: 2.44%

Epoch 2/100 - Train Loss: 6.682785, 
                Val MAE: 5.049789, Val Optimized MAE: 4.350397, 
                Val Optimized Typed MAE: 20.841368,
                Val Hausdorff: 7.370660,
                Atom Type Acc: 10.04%

Epoch 3/100 - Train Loss: 5.699373, 
                Val MAE: 5.041067, Val Optimized MAE: 4.430708, 
                Val Optimized Typed MAE: 18.120770,
                Val Hausdorff: 7.572208,
                Atom Type Acc: 19.04%

Epoch 4/100 - Train Loss: 5.267014, 
                Val MAE: 5.022962, Val Optimized MAE: 4.466229, 
                Val Optimized Typed MAE: 16.977504,
                Val Hausdorff: 7.633305,
                Atom Type Acc: 23.24%

Epoch 5/100 - Train Loss: 5.053559, 
                Val MAE: 5.020596, Val Optimized MAE: 4.481515, 
                Val Optimized Typed MAE: 14.453813,
                Val Hausdorff: 7.639664,
                Atom Type Acc: 33.84%

Epoch 6/100 - Train Loss: 4.902072, 
                Val MAE: 5.023456, Val Optimized MAE: 4.492659, 
                Val Optimized Typed MAE: 14.181622,
                Val Hausdorff: 7.711059,
                Atom Type Acc: 36.31%

Epoch 7/100 - Train Loss: 4.809686, 
                Val MAE: 5.016400, Val Optimized MAE: 4.495140, 
                Val Optimized Typed MAE: 13.615459,
                Val Hausdorff: 7.676034,
                Atom Type Acc: 39.67%

Epoch 8/100 - Train Loss: 4.746355, 
                Val MAE: 5.013483, Val Optimized MAE: 4.491442, 
                Val Optimized Typed MAE: 13.569491,
                Val Hausdorff: 7.652103,
                Atom Type Acc: 40.11%

Epoch 9/100 - Train Loss: 4.688566, 
                Val MAE: 5.014523, Val Optimized MAE: 4.480286, 
                Val Optimized Typed MAE: 13.395081,
                Val Hausdorff: 7.647951,
                Atom Type Acc: 40.52%

Epoch 10/100 - Train Loss: 4.613889, 
                Val MAE: 5.015401, Val Optimized MAE: 4.496035, 
                Val Optimized Typed MAE: 13.194544,
                Val Hausdorff: 7.657577,
                Atom Type Acc: 43.38%

Epoch 11/100 - Train Loss: 4.591883, 
                Val MAE: 5.013209, Val Optimized MAE: 4.471371, 
                Val Optimized Typed MAE: 13.948414,
                Val Hausdorff: 7.608383,
                Atom Type Acc: 38.83%

Epoch 12/100 - Train Loss: 4.524049, 
                Val MAE: 5.011534, Val Optimized MAE: 4.471180, 
                Val Optimized Typed MAE: 15.166131,
                Val Hausdorff: 7.608060,
                Atom Type Acc: 34.14%

Epoch 13/100 - Train Loss: 4.479660, 
                Val MAE: 5.010494, Val Optimized MAE: 4.497371, 
                Val Optimized Typed MAE: 17.037869,
                Val Hausdorff: 7.655637,
                Atom Type Acc: 28.31%

Epoch 14/100 - Train Loss: 4.422952, 
                Val MAE: 5.023253, Val Optimized MAE: 4.445075, 
                Val Optimized Typed MAE: 17.138222,
                Val Hausdorff: 7.582220,
                Atom Type Acc: 27.42%

Epoch 15/100 - Train Loss: 4.369791, 
                Val MAE: 5.018812, Val Optimized MAE: 4.460472, 
                Val Optimized Typed MAE: 17.839551,
                Val Hausdorff: 7.593210,
                Atom Type Acc: 24.92%

Epoch 16/100 - Train Loss: 4.314479, 
                Val MAE: 5.015561, Val Optimized MAE: 4.454087, 
                Val Optimized Typed MAE: 18.006838,
                Val Hausdorff: 7.578455,
                Atom Type Acc: 24.62%

Epoch 17/100 - Train Loss: 4.266278, 
                Val MAE: 5.011791, Val Optimized MAE: 4.458626, 
                Val Optimized Typed MAE: 18.054305,
                Val Hausdorff: 7.573605,
                Atom Type Acc: 24.19%

Epoch 18/100 - Train Loss: 4.224406, 
                Val MAE: 5.013422, Val Optimized MAE: 4.456121, 
                Val Optimized Typed MAE: 18.262098,
                Val Hausdorff: 7.563331,
                Atom Type Acc: 24.10%

Epoch 19/100 - Train Loss: 4.215097, 
                Val MAE: 5.013256, Val Optimized MAE: 4.457082, 
                Val Optimized Typed MAE: 18.194955,
                Val Hausdorff: 7.574511,
                Atom Type Acc: 24.38%

Epoch 20/100 - Train Loss: 4.160592, 
                Val MAE: 5.013012, Val Optimized MAE: 4.462374, 
                Val Optimized Typed MAE: 18.469337,
                Val Hausdorff: 7.567258,
                Atom Type Acc: 23.19%

Epoch 21/100 - Train Loss: 4.127197, 
                Val MAE: 5.013488, Val Optimized MAE: 4.449327, 
                Val Optimized Typed MAE: 18.407740,
                Val Hausdorff: 7.556973,
                Atom Type Acc: 23.29%

Epoch 22/100 - Train Loss: 4.098800, 
                Val MAE: 5.014090, Val Optimized MAE: 4.457806, 
                Val Optimized Typed MAE: 18.740180,
                Val Hausdorff: 7.572370,
                Atom Type Acc: 21.54%

Epoch 23/100 - Train Loss: 4.074423, 
                Val MAE: 5.019581, Val Optimized MAE: 4.438758, 
                Val Optimized Typed MAE: 18.148391,
                Val Hausdorff: 7.546454,
                Atom Type Acc: 23.60%

Epoch 24/100 - Train Loss: 4.044312, 
                Val MAE: 5.016961, Val Optimized MAE: 4.445169, 
                Val Optimized Typed MAE: 18.483274,
                Val Hausdorff: 7.551421,
                Atom Type Acc: 22.62%

Epoch 25/100 - Train Loss: 3.980846, 
                Val MAE: 5.019001, Val Optimized MAE: 4.443553, 
                Val Optimized Typed MAE: 19.522787,
                Val Hausdorff: 7.540480,
                Atom Type Acc: 18.98%

Epoch 26/100 - Train Loss: 3.936950, 
                Val MAE: 5.017813, Val Optimized MAE: 4.440757, 
                Val Optimized Typed MAE: 20.265838,
                Val Hausdorff: 7.545605,
                Atom Type Acc: 16.09%

Epoch 27/100 - Train Loss: 3.876325, 
                Val MAE: 5.016865, Val Optimized MAE: 4.428523, 
                Val Optimized Typed MAE: 20.439921,
                Val Hausdorff: 7.545898,
                Atom Type Acc: 15.39%

Epoch 28/100 - Train Loss: 3.813144, 
                Val MAE: 5.019519, Val Optimized MAE: 4.427634, 
                Val Optimized Typed MAE: 20.560425,
                Val Hausdorff: 7.527820,
                Atom Type Acc: 14.96%

Epoch 29/100 - Train Loss: 3.752109, 
                Val MAE: 5.018618, Val Optimized MAE: 4.412464, 
                Val Optimized Typed MAE: 20.082172,
                Val Hausdorff: 7.516356,
                Atom Type Acc: 16.88%

Epoch 30/100 - Train Loss: 3.731274, 
                Val MAE: 5.017332, Val Optimized MAE: 4.438741, 
                Val Optimized Typed MAE: 20.902751,
                Val Hausdorff: 7.542049,
                Atom Type Acc: 13.91%

Epoch 31/100 - Train Loss: 3.672391, 
                Val MAE: 5.030941, Val Optimized MAE: 4.418892, 
                Val Optimized Typed MAE: 20.398574,
                Val Hausdorff: 7.555263,
                Atom Type Acc: 15.16%

Epoch 32/100 - Train Loss: 3.611157, 
                Val MAE: 5.024172, Val Optimized MAE: 4.414306, 
                Val Optimized Typed MAE: 20.450183,
                Val Hausdorff: 7.519157,
                Atom Type Acc: 15.14%

Epoch 33/100 - Train Loss: 3.552365, 
                Val MAE: 5.019976, Val Optimized MAE: 4.427811, 
                Val Optimized Typed MAE: 20.008269,
                Val Hausdorff: 7.514661,
                Atom Type Acc: 16.52%

Epoch 34/100 - Train Loss: 3.465259, 
                Val MAE: 5.026429, Val Optimized MAE: 4.407775, 
                Val Optimized Typed MAE: 20.972105,
                Val Hausdorff: 7.490093,
                Atom Type Acc: 12.92%

Epoch 35/100 - Train Loss: 3.412012, 
                Val MAE: 5.022237, Val Optimized MAE: 4.442178, 
                Val Optimized Typed MAE: 20.900535,
                Val Hausdorff: 7.577176,
                Atom Type Acc: 12.94%

Epoch 36/100 - Train Loss: 3.391373, 
                Val MAE: 5.027608, Val Optimized MAE: 4.410765, 
                Val Optimized Typed MAE: 21.526903,
                Val Hausdorff: 7.542902,
                Atom Type Acc: 10.93%

Epoch 37/100 - Train Loss: 3.350331, 
                Val MAE: 5.027097, Val Optimized MAE: 4.414922, 
                Val Optimized Typed MAE: 21.158191,
                Val Hausdorff: 7.499525,
                Atom Type Acc: 12.26%

Epoch 38/100 - Train Loss: 3.266002, 
                Val MAE: 5.023044, Val Optimized MAE: 4.417948, 
                Val Optimized Typed MAE: 21.583533,
                Val Hausdorff: 7.535762,
                Atom Type Acc: 10.40%

Epoch 39/100 - Train Loss: 3.170401, 
                Val MAE: 5.025596, Val Optimized MAE: 4.408430, 
                Val Optimized Typed MAE: 21.582860,
                Val Hausdorff: 7.506550,
                Atom Type Acc: 10.97%

Epoch 40/100 - Train Loss: 3.083009, 
                Val MAE: 5.024426, Val Optimized MAE: 4.417636, 
                Val Optimized Typed MAE: 20.967193,
                Val Hausdorff: 7.523490,
                Atom Type Acc: 12.82%

Epoch 41/100 - Train Loss: 3.008081, 
                Val MAE: 5.023661, Val Optimized MAE: 4.385835, 
                Val Optimized Typed MAE: 21.431027,
                Val Hausdorff: 7.480048,
                Atom Type Acc: 11.17%

Epoch 42/100 - Train Loss: 2.959406, 
                Val MAE: 5.029923, Val Optimized MAE: 4.383216, 
                Val Optimized Typed MAE: 21.781084,
                Val Hausdorff: 7.471775,
                Atom Type Acc: 10.48%

Epoch 43/100 - Train Loss: 2.912008, 
                Val MAE: 5.032764, Val Optimized MAE: 4.366542, 
                Val Optimized Typed MAE: 21.911245,
                Val Hausdorff: 7.475159,
                Atom Type Acc: 9.96%

Epoch 44/100 - Train Loss: 2.828861, 
                Val MAE: 5.027567, Val Optimized MAE: 4.389534, 
                Val Optimized Typed MAE: 21.176142,
                Val Hausdorff: 7.496142,
                Atom Type Acc: 12.65%

Epoch 45/100 - Train Loss: 2.729898, 
                Val MAE: 5.025484, Val Optimized MAE: 4.408326, 
                Val Optimized Typed MAE: 21.285626,
                Val Hausdorff: 7.521474,
                Atom Type Acc: 12.08%

Epoch 46/100 - Train Loss: 2.641202, 
                Val MAE: 5.027334, Val Optimized MAE: 4.387552, 
                Val Optimized Typed MAE: 21.243859,
                Val Hausdorff: 7.480473,
                Atom Type Acc: 12.63%

Epoch 47/100 - Train Loss: 2.554982, 
                Val MAE: 5.034019, Val Optimized MAE: 4.378502, 
                Val Optimized Typed MAE: 21.769926,
                Val Hausdorff: 7.467231,
                Atom Type Acc: 9.96%

Epoch 48/100 - Train Loss: 2.485214, 
                Val MAE: 5.029433, Val Optimized MAE: 4.403414, 
                Val Optimized Typed MAE: 21.181837,
                Val Hausdorff: 7.525679,
                Atom Type Acc: 13.11%

Epoch 49/100 - Train Loss: 2.403868, 
                Val MAE: 5.032414, Val Optimized MAE: 4.383776, 
                Val Optimized Typed MAE: 21.619446,
                Val Hausdorff: 7.526874,
                Atom Type Acc: 11.40%

Epoch 50/100 - Train Loss: 2.341214, 
                Val MAE: 5.030756, Val Optimized MAE: 4.371769, 
                Val Optimized Typed MAE: 21.486231,
                Val Hausdorff: 7.477208,
                Atom Type Acc: 12.63%

Epoch 51/100 - Train Loss: 2.254208, 
                Val MAE: 5.026913, Val Optimized MAE: 4.404894, 
                Val Optimized Typed MAE: 21.244130,
                Val Hausdorff: 7.525106,
                Atom Type Acc: 12.97%

Epoch 52/100 - Train Loss: 2.189394, 
                Val MAE: 5.025160, Val Optimized MAE: 4.388628, 
                Val Optimized Typed MAE: 21.444289,
                Val Hausdorff: 7.503286,
                Atom Type Acc: 12.10%

Epoch 53/100 - Train Loss: 2.081309, 
                Val MAE: 5.023240, Val Optimized MAE: 4.382928, 
                Val Optimized Typed MAE: 21.116558,
                Val Hausdorff: 7.488241,
                Atom Type Acc: 13.52%

Epoch 54/100 - Train Loss: 2.025207, 
                Val MAE: 5.034875, Val Optimized MAE: 4.358242, 
                Val Optimized Typed MAE: 21.860341,
                Val Hausdorff: 7.476484,
                Atom Type Acc: 10.35%

Epoch 55/100 - Train Loss: 1.936137, 
                Val MAE: 5.028583, Val Optimized MAE: 4.376760, 
                Val Optimized Typed MAE: 21.463459,
                Val Hausdorff: 7.479414,
                Atom Type Acc: 12.10%

Epoch 56/100 - Train Loss: 1.892900, 
                Val MAE: 5.026861, Val Optimized MAE: 4.382763, 
                Val Optimized Typed MAE: 21.192042,
                Val Hausdorff: 7.479520,
                Atom Type Acc: 13.32%

Epoch 57/100 - Train Loss: 1.836971, 
                Val MAE: 5.026961, Val Optimized MAE: 4.373388, 
                Val Optimized Typed MAE: 21.195561,
                Val Hausdorff: 7.464150,
                Atom Type Acc: 13.22%

Epoch 58/100 - Train Loss: 1.717261, 
                Val MAE: 5.033092, Val Optimized MAE: 4.355666, 
                Val Optimized Typed MAE: 21.497759,
                Val Hausdorff: 7.441921,
                Atom Type Acc: 12.00%

Epoch 59/100 - Train Loss: 1.724246, 
                Val MAE: 5.033662, Val Optimized MAE: 4.369839, 
                Val Optimized Typed MAE: 21.650162,
                Val Hausdorff: 7.465253,
                Atom Type Acc: 11.50%

Epoch 60/100 - Train Loss: 1.631879, 
                Val MAE: 5.035593, Val Optimized MAE: 4.353811, 
                Val Optimized Typed MAE: 21.400797,
                Val Hausdorff: 7.446302,
                Atom Type Acc: 11.92%

Epoch 61/100 - Train Loss: 1.596925, 
                Val MAE: 5.027446, Val Optimized MAE: 4.369376, 
                Val Optimized Typed MAE: 21.286176,
                Val Hausdorff: 7.450108,
                Atom Type Acc: 12.65%

Epoch 62/100 - Train Loss: 1.565513, 
                Val MAE: 5.033693, Val Optimized MAE: 4.359699, 
                Val Optimized Typed MAE: 21.169677,
                Val Hausdorff: 7.451175,
                Atom Type Acc: 13.35%

Epoch 63/100 - Train Loss: 1.490392, 
                Val MAE: 5.033375, Val Optimized MAE: 4.351117, 
                Val Optimized Typed MAE: 21.488922,
                Val Hausdorff: 7.420243,
                Atom Type Acc: 12.15%

Epoch 64/100 - Train Loss: 1.466829, 
                Val MAE: 5.033891, Val Optimized MAE: 4.370479, 
                Val Optimized Typed MAE: 21.123171,
                Val Hausdorff: 7.460814,
                Atom Type Acc: 13.70%

Epoch 65/100 - Train Loss: 1.425766, 
                Val MAE: 5.030696, Val Optimized MAE: 4.356452, 
                Val Optimized Typed MAE: 21.654988,
                Val Hausdorff: 7.441089,
                Atom Type Acc: 11.71%

Epoch 66/100 - Train Loss: 1.404097, 
                Val MAE: 5.031005, Val Optimized MAE: 4.355364, 
                Val Optimized Typed MAE: 21.222954,
                Val Hausdorff: 7.431983,
                Atom Type Acc: 13.11%

Epoch 67/100 - Train Loss: 1.344522, 
                Val MAE: 5.030634, Val Optimized MAE: 4.368591, 
                Val Optimized Typed MAE: 20.716025,
                Val Hausdorff: 7.455497,
                Atom Type Acc: 15.22%

Epoch 68/100 - Train Loss: 1.316082, 
                Val MAE: 5.030488, Val Optimized MAE: 4.368291, 
                Val Optimized Typed MAE: 20.625397,
                Val Hausdorff: 7.438949,
                Atom Type Acc: 15.69%

Epoch 69/100 - Train Loss: 1.275496, 
                Val MAE: 5.032268, Val Optimized MAE: 4.362382, 
                Val Optimized Typed MAE: 21.260703,
                Val Hausdorff: 7.425668,
                Atom Type Acc: 13.29%

Epoch 70/100 - Train Loss: 1.229057, 
                Val MAE: 5.029418, Val Optimized MAE: 4.350511, 
                Val Optimized Typed MAE: 20.334768,
                Val Hausdorff: 7.421356,
                Atom Type Acc: 17.29%

Epoch 71/100 - Train Loss: 1.216141, 
                Val MAE: 5.029171, Val Optimized MAE: 4.359909, 
                Val Optimized Typed MAE: 20.558946,
                Val Hausdorff: 7.434844,
                Atom Type Acc: 15.94%

Epoch 72/100 - Train Loss: 1.195655, 
                Val MAE: 5.030278, Val Optimized MAE: 4.351974, 
                Val Optimized Typed MAE: 20.682213,
                Val Hausdorff: 7.412964,
                Atom Type Acc: 15.50%

Epoch 73/100 - Train Loss: 1.188951, 
                Val MAE: 5.033835, Val Optimized MAE: 4.350674, 
                Val Optimized Typed MAE: 20.326536,
                Val Hausdorff: 7.418294,
                Atom Type Acc: 17.16%

Epoch 74/100 - Train Loss: 1.143168, 
                Val MAE: 5.037558, Val Optimized MAE: 4.346929, 
                Val Optimized Typed MAE: 20.164637,
                Val Hausdorff: 7.414208,
                Atom Type Acc: 17.20%

Epoch 75/100 - Train Loss: 1.141089, 
                Val MAE: 5.035472, Val Optimized MAE: 4.358361, 
                Val Optimized Typed MAE: 20.089573,
                Val Hausdorff: 7.436203,
                Atom Type Acc: 17.72%

Epoch 76/100 - Train Loss: 1.154503, 
                Val MAE: 5.032519, Val Optimized MAE: 4.358758, 
                Val Optimized Typed MAE: 19.816042,
                Val Hausdorff: 7.448098,
                Atom Type Acc: 19.31%

Epoch 77/100 - Train Loss: 1.092688, 
                Val MAE: 5.034310, Val Optimized MAE: 4.363647, 
                Val Optimized Typed MAE: 19.757172,
                Val Hausdorff: 7.448624,
                Atom Type Acc: 19.49%

Epoch 78/100 - Train Loss: 1.075304, 
                Val MAE: 5.037609, Val Optimized MAE: 4.349661, 
                Val Optimized Typed MAE: 20.014178,
                Val Hausdorff: 7.412109,
                Atom Type Acc: 18.19%

Epoch 79/100 - Train Loss: 1.067075, 
                Val MAE: 5.032085, Val Optimized MAE: 4.354278, 
                Val Optimized Typed MAE: 19.477714,
                Val Hausdorff: 7.433156,
                Atom Type Acc: 20.12%

Epoch 80/100 - Train Loss: 1.068371, 
                Val MAE: 5.036783, Val Optimized MAE: 4.340999, 
                Val Optimized Typed MAE: 18.920588,
                Val Hausdorff: 7.400223,
                Atom Type Acc: 22.98%

Epoch 81/100 - Train Loss: 1.080520, 
                Val MAE: 5.040129, Val Optimized MAE: 4.316325, 
                Val Optimized Typed MAE: 20.520516,
                Val Hausdorff: 7.354081,
                Atom Type Acc: 16.31%

Epoch 82/100 - Train Loss: 1.139332, 
                Val MAE: 5.031979, Val Optimized MAE: 4.362401, 
                Val Optimized Typed MAE: 20.149519,
                Val Hausdorff: 7.411687,
                Atom Type Acc: 18.21%

Epoch 83/100 - Train Loss: 1.034140, 
                Val MAE: 5.034090, Val Optimized MAE: 4.348238, 
                Val Optimized Typed MAE: 19.274239,
                Val Hausdorff: 7.429573,
                Atom Type Acc: 21.22%

Epoch 84/100 - Train Loss: 1.001993, 
                Val MAE: 5.031014, Val Optimized MAE: 4.344833, 
                Val Optimized Typed MAE: 19.318726,
                Val Hausdorff: 7.415096,
                Atom Type Acc: 21.10%

Epoch 85/100 - Train Loss: 1.004422, 
                Val MAE: 5.032810, Val Optimized MAE: 4.352667, 
                Val Optimized Typed MAE: 18.825666,
                Val Hausdorff: 7.435084,
                Atom Type Acc: 22.59%

Epoch 86/100 - Train Loss: 1.022755, 
                Val MAE: 5.039814, Val Optimized MAE: 4.327323, 
                Val Optimized Typed MAE: 19.787676,
                Val Hausdorff: 7.376267,
                Atom Type Acc: 19.15%

Epoch 87/100 - Train Loss: 0.989518, 
                Val MAE: 5.036489, Val Optimized MAE: 4.351042, 
                Val Optimized Typed MAE: 19.005507,
                Val Hausdorff: 7.422263,
                Atom Type Acc: 22.23%

Epoch 88/100 - Train Loss: 0.971879, 
                Val MAE: 5.034566, Val Optimized MAE: 4.365926, 
                Val Optimized Typed MAE: 17.758668,
                Val Hausdorff: 7.441660,
                Atom Type Acc: 26.96%

Epoch 89/100 - Train Loss: 0.957773, 
                Val MAE: 5.039561, Val Optimized MAE: 4.333492, 
                Val Optimized Typed MAE: 18.842522,
                Val Hausdorff: 7.390586,
                Atom Type Acc: 23.13%

Epoch 90/100 - Train Loss: 0.965010, 
                Val MAE: 5.030379, Val Optimized MAE: 4.344393, 
                Val Optimized Typed MAE: 18.072996,
                Val Hausdorff: 7.418201,
                Atom Type Acc: 25.77%

Epoch 91/100 - Train Loss: 0.931539, 
                Val MAE: 5.032236, Val Optimized MAE: 4.360130, 
                Val Optimized Typed MAE: 17.822387,
                Val Hausdorff: 7.433792,
                Atom Type Acc: 26.73%

Epoch 92/100 - Train Loss: 0.933773, 
                Val MAE: 5.032923, Val Optimized MAE: 4.355182, 
                Val Optimized Typed MAE: 17.516977,
                Val Hausdorff: 7.441408,
                Atom Type Acc: 27.96%

Epoch 93/100 - Train Loss: 0.913107, 
                Val MAE: 5.040191, Val Optimized MAE: 4.322792, 
                Val Optimized Typed MAE: 17.796690,
                Val Hausdorff: 7.386069,
                Atom Type Acc: 27.16%

Epoch 94/100 - Train Loss: 0.907044, 
                Val MAE: 5.039153, Val Optimized MAE: 4.330473, 
                Val Optimized Typed MAE: 17.508008,
                Val Hausdorff: 7.390322,
                Atom Type Acc: 28.43%

Epoch 95/100 - Train Loss: 0.918818, 
                Val MAE: 5.032910, Val Optimized MAE: 4.351530, 
                Val Optimized Typed MAE: 18.063402,
                Val Hausdorff: 7.418144,
                Atom Type Acc: 25.77%

Epoch 96/100 - Train Loss: 0.914953, 
                Val MAE: 5.036776, Val Optimized MAE: 4.327328, 
                Val Optimized Typed MAE: 18.241213,
                Val Hausdorff: 7.380608,
                Atom Type Acc: 25.42%

Epoch 97/100 - Train Loss: 0.889866, 
                Val MAE: 5.036905, Val Optimized MAE: 4.323622, 
                Val Optimized Typed MAE: 18.024244,
                Val Hausdorff: 7.379467,
                Atom Type Acc: 25.93%

Epoch 98/100 - Train Loss: 0.889271, 
                Val MAE: 5.035689, Val Optimized MAE: 4.332873, 
                Val Optimized Typed MAE: 17.437554,
                Val Hausdorff: 7.400679,
                Atom Type Acc: 28.31%

Epoch 99/100 - Train Loss: 0.868470, 
                Val MAE: 5.034389, Val Optimized MAE: 4.351807, 
                Val Optimized Typed MAE: 16.523772,
                Val Hausdorff: 7.433602,
                Atom Type Acc: 31.40%

Epoch 100/100 - Train Loss: 0.884957, 
                Val MAE: 5.034202, Val Optimized MAE: 4.342899, 
                Val Optimized Typed MAE: 17.232544,
                Val Hausdorff: 7.398888,
                Atom Type Acc: 29.10%
Training complete. Model saved to 'diffusion_results/AbsPositionRegressionXPDF_20250514_221520_job6075_task0/samples/training_samples/pos_abs_T100_lr0.0001_epochs100_batch64_cond64_with_atoms_20250514-221522/vector_conditioned_rgb_model.pt'
Test MAE: 5.0489,
        Test Optimized MAE: 4.3459,
        Test Optimized Typed MAE: 16.7290,
        Test Hausdorff: 7.3917,
        Test Atom Type Accuracy: 30.38%
Final test MAE: 5.0489, Test Hausdorff: 7.3917, Test Atom Type Accuracy: 30.38%
Final metrics saved to diffusion_results/AbsPositionRegressionXPDF_20250514_221520_job6075_task0/samples/training_samples/pos_abs_T100_lr0.0001_epochs100_batch64_cond64_with_atoms_20250514-221522/final_metrics.csv
----------------------------------------
Completed job with config file: configs/diffusion_xpdf_abs_base.yaml
----------------------------------------

----------------------------------------
Starting job with config file: configs/diffusion_xrd_frac_base.yaml
----------------------------------------
Running experiment with model type: Diffusion
Loaded atom mapping with 54 categories for visualization
Loaded atom mapping with 54 categories
Created dataset with 2013 samples, image shape: torch.Size([2013, 3, 10, 10]), conditioning shape: torch.Size([2013, 580])
Atom types shape: torch.Size([2013, 1, 10, 10]), with 54 categories
Loaded atom mapping with 54 categories
Created dataset with 252 samples, image shape: torch.Size([252, 3, 10, 10]), conditioning shape: torch.Size([252, 580])
Atom types shape: torch.Size([252, 1, 10, 10]), with 54 categories
Loaded atom mapping with 54 categories
Created dataset with 252 samples, image shape: torch.Size([252, 3, 10, 10]), conditioning shape: torch.Size([252, 580])
Atom types shape: torch.Size([252, 1, 10, 10]), with 54 categories
Using device: cuda:0

Epoch 1/100 - Train Loss: 6.068992, 
                Val MAE: 2.889129, Val Optimized MAE: 1.537691, 
                Val Optimized Typed MAE: 18.312746,
                Val Hausdorff: 5.243592,
                Atom Type Acc: 9.11%

Epoch 2/100 - Train Loss: 4.678615, 
                Val MAE: 2.312150, Val Optimized MAE: 1.022302, 
                Val Optimized Typed MAE: 16.073196,
                Val Hausdorff: 3.529722,
                Atom Type Acc: 15.30%

Epoch 3/100 - Train Loss: 4.412356, 
                Val MAE: 2.155504, Val Optimized MAE: 0.888405, 
                Val Optimized Typed MAE: 14.769805,
                Val Hausdorff: 3.046968,
                Atom Type Acc: 19.60%

Epoch 4/100 - Train Loss: 4.338744, 
                Val MAE: 1.996578, Val Optimized MAE: 0.792534, 
                Val Optimized Typed MAE: 12.596725,
                Val Hausdorff: 2.657126,
                Atom Type Acc: 27.76%

Epoch 5/100 - Train Loss: 4.306925, 
                Val MAE: 1.948906, Val Optimized MAE: 0.761918, 
                Val Optimized Typed MAE: 9.994384,
                Val Hausdorff: 2.522679,
                Atom Type Acc: 38.24%

Epoch 6/100 - Train Loss: 4.279372, 
                Val MAE: 1.887393, Val Optimized MAE: 0.738862, 
                Val Optimized Typed MAE: 10.407150,
                Val Hausdorff: 2.387355,
                Atom Type Acc: 35.85%

Epoch 7/100 - Train Loss: 4.287459, 
                Val MAE: 1.871609, Val Optimized MAE: 0.727001, 
                Val Optimized Typed MAE: 10.526074,
                Val Hausdorff: 2.377116,
                Atom Type Acc: 35.53%

Epoch 8/100 - Train Loss: 4.268193, 
                Val MAE: 1.839709, Val Optimized MAE: 0.715581, 
                Val Optimized Typed MAE: 10.215545,
                Val Hausdorff: 2.320548,
                Atom Type Acc: 37.31%

Epoch 9/100 - Train Loss: 4.266809, 
                Val MAE: 1.839491, Val Optimized MAE: 0.713895, 
                Val Optimized Typed MAE: 9.802625,
                Val Hausdorff: 2.266679,
                Atom Type Acc: 39.87%

Epoch 10/100 - Train Loss: 4.251312, 
                Val MAE: 1.804406, Val Optimized MAE: 0.706587, 
                Val Optimized Typed MAE: 10.566528,
                Val Hausdorff: 2.153884,
                Atom Type Acc: 36.02%

Epoch 11/100 - Train Loss: 4.245062, 
                Val MAE: 1.788311, Val Optimized MAE: 0.699502, 
                Val Optimized Typed MAE: 10.558431,
                Val Hausdorff: 2.154525,
                Atom Type Acc: 35.92%

Epoch 12/100 - Train Loss: 4.246038, 
                Val MAE: 1.792630, Val Optimized MAE: 0.702545, 
                Val Optimized Typed MAE: 9.880427,
                Val Hausdorff: 2.170971,
                Atom Type Acc: 40.16%

Epoch 13/100 - Train Loss: 4.237291, 
                Val MAE: 1.777547, Val Optimized MAE: 0.700290, 
                Val Optimized Typed MAE: 10.238073,
                Val Hausdorff: 2.096529,
                Atom Type Acc: 37.98%

Epoch 14/100 - Train Loss: 4.233116, 
                Val MAE: 1.777771, Val Optimized MAE: 0.697891, 
                Val Optimized Typed MAE: 10.476017,
                Val Hausdorff: 2.133185,
                Atom Type Acc: 36.90%

Epoch 15/100 - Train Loss: 4.224762, 
                Val MAE: 1.764481, Val Optimized MAE: 0.697545, 
                Val Optimized Typed MAE: 10.328186,
                Val Hausdorff: 2.076467,
                Atom Type Acc: 37.69%

Epoch 16/100 - Train Loss: 4.224262, 
                Val MAE: 1.763001, Val Optimized MAE: 0.695451, 
                Val Optimized Typed MAE: 10.518318,
                Val Hausdorff: 2.069269,
                Atom Type Acc: 36.86%

Epoch 17/100 - Train Loss: 4.215992, 
                Val MAE: 1.727138, Val Optimized MAE: 0.694303, 
                Val Optimized Typed MAE: 10.775005,
                Val Hausdorff: 2.075642,
                Atom Type Acc: 35.76%

Epoch 18/100 - Train Loss: 4.213716, 
                Val MAE: 1.743301, Val Optimized MAE: 0.692612, 
                Val Optimized Typed MAE: 10.323031,
                Val Hausdorff: 2.040254,
                Atom Type Acc: 37.65%

Epoch 19/100 - Train Loss: 4.212289, 
                Val MAE: 1.734243, Val Optimized MAE: 0.691397, 
                Val Optimized Typed MAE: 10.824106,
                Val Hausdorff: 2.031787,
                Atom Type Acc: 35.86%

Epoch 20/100 - Train Loss: 4.197509, 
                Val MAE: 1.746632, Val Optimized MAE: 0.694029, 
                Val Optimized Typed MAE: 10.720713,
                Val Hausdorff: 2.064480,
                Atom Type Acc: 36.19%

Epoch 21/100 - Train Loss: 4.176394, 
                Val MAE: 1.747447, Val Optimized MAE: 0.694569, 
                Val Optimized Typed MAE: 11.438879,
                Val Hausdorff: 2.082450,
                Atom Type Acc: 33.91%

Epoch 22/100 - Train Loss: 4.130098, 
                Val MAE: 1.768301, Val Optimized MAE: 0.707213, 
                Val Optimized Typed MAE: 13.606291,
                Val Hausdorff: 2.106519,
                Atom Type Acc: 26.58%

Epoch 23/100 - Train Loss: 3.999240, 
                Val MAE: 1.867682, Val Optimized MAE: 0.754882, 
                Val Optimized Typed MAE: 15.041863,
                Val Hausdorff: 2.326292,
                Atom Type Acc: 21.38%

Epoch 24/100 - Train Loss: 3.865535, 
                Val MAE: 1.883472, Val Optimized MAE: 0.763456, 
                Val Optimized Typed MAE: 15.373683,
                Val Hausdorff: 2.361891,
                Atom Type Acc: 20.30%

Epoch 25/100 - Train Loss: 3.750404, 
                Val MAE: 1.861170, Val Optimized MAE: 0.749855, 
                Val Optimized Typed MAE: 15.955211,
                Val Hausdorff: 2.265513,
                Atom Type Acc: 18.40%

Epoch 26/100 - Train Loss: 3.670216, 
                Val MAE: 1.878911, Val Optimized MAE: 0.763171, 
                Val Optimized Typed MAE: 16.107145,
                Val Hausdorff: 2.337431,
                Atom Type Acc: 17.96%

Epoch 27/100 - Train Loss: 3.593745, 
                Val MAE: 1.883344, Val Optimized MAE: 0.769304, 
                Val Optimized Typed MAE: 16.700833,
                Val Hausdorff: 2.339876,
                Atom Type Acc: 16.21%

Epoch 28/100 - Train Loss: 3.509100, 
                Val MAE: 1.899529, Val Optimized MAE: 0.773062, 
                Val Optimized Typed MAE: 16.877262,
                Val Hausdorff: 2.333328,
                Atom Type Acc: 14.82%

Epoch 29/100 - Train Loss: 3.414213, 
                Val MAE: 1.904197, Val Optimized MAE: 0.771100, 
                Val Optimized Typed MAE: 16.886399,
                Val Hausdorff: 2.364246,
                Atom Type Acc: 14.33%

Epoch 30/100 - Train Loss: 3.327288, 
                Val MAE: 1.894608, Val Optimized MAE: 0.765897, 
                Val Optimized Typed MAE: 16.934092,
                Val Hausdorff: 2.294652,
                Atom Type Acc: 14.53%

Epoch 31/100 - Train Loss: 3.273296, 
                Val MAE: 1.897879, Val Optimized MAE: 0.767828, 
                Val Optimized Typed MAE: 16.841634,
                Val Hausdorff: 2.296335,
                Atom Type Acc: 14.48%

Epoch 32/100 - Train Loss: 3.183379, 
                Val MAE: 1.900901, Val Optimized MAE: 0.764997, 
                Val Optimized Typed MAE: 16.905209,
                Val Hausdorff: 2.307488,
                Atom Type Acc: 14.42%

Epoch 33/100 - Train Loss: 3.123652, 
                Val MAE: 1.891408, Val Optimized MAE: 0.751780, 
                Val Optimized Typed MAE: 17.079095,
                Val Hausdorff: 2.301610,
                Atom Type Acc: 13.58%

Epoch 34/100 - Train Loss: 3.046873, 
                Val MAE: 1.901477, Val Optimized MAE: 0.763327, 
                Val Optimized Typed MAE: 16.656510,
                Val Hausdorff: 2.371603,
                Atom Type Acc: 14.38%

Epoch 35/100 - Train Loss: 2.982181, 
                Val MAE: 1.899474, Val Optimized MAE: 0.755333, 
                Val Optimized Typed MAE: 16.791099,
                Val Hausdorff: 2.308723,
                Atom Type Acc: 14.54%

Epoch 36/100 - Train Loss: 2.911616, 
                Val MAE: 1.898932, Val Optimized MAE: 0.750991, 
                Val Optimized Typed MAE: 16.620125,
                Val Hausdorff: 2.265217,
                Atom Type Acc: 15.81%

Epoch 37/100 - Train Loss: 2.827188, 
                Val MAE: 1.907551, Val Optimized MAE: 0.759672, 
                Val Optimized Typed MAE: 16.609590,
                Val Hausdorff: 2.388585,
                Atom Type Acc: 15.46%

Epoch 38/100 - Train Loss: 2.748713, 
                Val MAE: 1.908889, Val Optimized MAE: 0.757796, 
                Val Optimized Typed MAE: 16.795543,
                Val Hausdorff: 2.260953,
                Atom Type Acc: 14.51%

Epoch 39/100 - Train Loss: 2.699636, 
                Val MAE: 1.903713, Val Optimized MAE: 0.754147, 
                Val Optimized Typed MAE: 16.472293,
                Val Hausdorff: 2.309049,
                Atom Type Acc: 15.90%

Epoch 40/100 - Train Loss: 2.620726, 
                Val MAE: 1.909066, Val Optimized MAE: 0.757436, 
                Val Optimized Typed MAE: 16.424180,
                Val Hausdorff: 2.380195,
                Atom Type Acc: 15.85%

Epoch 41/100 - Train Loss: 2.554280, 
                Val MAE: 1.908307, Val Optimized MAE: 0.764343, 
                Val Optimized Typed MAE: 16.641025,
                Val Hausdorff: 2.307906,
                Atom Type Acc: 15.29%

Epoch 42/100 - Train Loss: 2.498462, 
                Val MAE: 1.880797, Val Optimized MAE: 0.747268, 
                Val Optimized Typed MAE: 16.204640,
                Val Hausdorff: 2.271027,
                Atom Type Acc: 16.89%

Epoch 43/100 - Train Loss: 2.442352, 
                Val MAE: 1.901823, Val Optimized MAE: 0.756614, 
                Val Optimized Typed MAE: 16.865164,
                Val Hausdorff: 2.309786,
                Atom Type Acc: 15.31%

Epoch 44/100 - Train Loss: 2.386069, 
                Val MAE: 1.900140, Val Optimized MAE: 0.759059, 
                Val Optimized Typed MAE: 16.405734,
                Val Hausdorff: 2.277158,
                Atom Type Acc: 16.44%

Epoch 45/100 - Train Loss: 2.338052, 
                Val MAE: 1.888037, Val Optimized MAE: 0.755135, 
                Val Optimized Typed MAE: 16.552559,
                Val Hausdorff: 2.351246,
                Atom Type Acc: 16.56%

Epoch 46/100 - Train Loss: 2.323450, 
                Val MAE: 1.909864, Val Optimized MAE: 0.759644, 
                Val Optimized Typed MAE: 16.365731,
                Val Hausdorff: 2.393495,
                Atom Type Acc: 17.27%

Epoch 47/100 - Train Loss: 2.270038, 
                Val MAE: 1.898917, Val Optimized MAE: 0.754405, 
                Val Optimized Typed MAE: 15.973278,
                Val Hausdorff: 2.307334,
                Atom Type Acc: 18.74%

Epoch 48/100 - Train Loss: 2.206120, 
                Val MAE: 1.898926, Val Optimized MAE: 0.755393, 
                Val Optimized Typed MAE: 15.997399,
                Val Hausdorff: 2.272727,
                Atom Type Acc: 18.96%

Epoch 49/100 - Train Loss: 2.174549, 
                Val MAE: 1.893144, Val Optimized MAE: 0.748704, 
                Val Optimized Typed MAE: 15.990050,
                Val Hausdorff: 2.289681,
                Atom Type Acc: 18.23%

Epoch 50/100 - Train Loss: 2.100837, 
                Val MAE: 1.897710, Val Optimized MAE: 0.751822, 
                Val Optimized Typed MAE: 15.916310,
                Val Hausdorff: 2.271415,
                Atom Type Acc: 19.43%

Epoch 51/100 - Train Loss: 2.085048, 
                Val MAE: 1.895029, Val Optimized MAE: 0.749211, 
                Val Optimized Typed MAE: 16.079670,
                Val Hausdorff: 2.249852,
                Atom Type Acc: 19.35%

Epoch 52/100 - Train Loss: 2.050796, 
                Val MAE: 1.898559, Val Optimized MAE: 0.755048, 
                Val Optimized Typed MAE: 15.998690,
                Val Hausdorff: 2.276577,
                Atom Type Acc: 19.49%

Epoch 53/100 - Train Loss: 2.029956, 
                Val MAE: 1.883677, Val Optimized MAE: 0.742318, 
                Val Optimized Typed MAE: 15.809927,
                Val Hausdorff: 2.289662,
                Atom Type Acc: 19.93%

Epoch 54/100 - Train Loss: 1.978463, 
                Val MAE: 1.883581, Val Optimized MAE: 0.745212, 
                Val Optimized Typed MAE: 15.818578,
                Val Hausdorff: 2.288534,
                Atom Type Acc: 19.97%

Epoch 55/100 - Train Loss: 1.941562, 
                Val MAE: 1.886305, Val Optimized MAE: 0.747839, 
                Val Optimized Typed MAE: 15.926193,
                Val Hausdorff: 2.234260,
                Atom Type Acc: 19.53%

Epoch 56/100 - Train Loss: 1.955076, 
                Val MAE: 1.876217, Val Optimized MAE: 0.744065, 
                Val Optimized Typed MAE: 15.478190,
                Val Hausdorff: 2.272607,
                Atom Type Acc: 20.91%

Epoch 57/100 - Train Loss: 1.898283, 
                Val MAE: 1.883242, Val Optimized MAE: 0.746858, 
                Val Optimized Typed MAE: 15.942981,
                Val Hausdorff: 2.223218,
                Atom Type Acc: 19.85%

Epoch 58/100 - Train Loss: 1.853087, 
                Val MAE: 1.887564, Val Optimized MAE: 0.740658, 
                Val Optimized Typed MAE: 15.307306,
                Val Hausdorff: 2.225219,
                Atom Type Acc: 22.80%

Epoch 59/100 - Train Loss: 1.794385, 
                Val MAE: 1.898524, Val Optimized MAE: 0.741772, 
                Val Optimized Typed MAE: 15.307133,
                Val Hausdorff: 2.332643,
                Atom Type Acc: 22.69%

Epoch 60/100 - Train Loss: 1.821515, 
                Val MAE: 1.887610, Val Optimized MAE: 0.744512, 
                Val Optimized Typed MAE: 15.294582,
                Val Hausdorff: 2.298261,
                Atom Type Acc: 22.81%

Epoch 61/100 - Train Loss: 1.775721, 
                Val MAE: 1.882497, Val Optimized MAE: 0.748025, 
                Val Optimized Typed MAE: 15.494471,
                Val Hausdorff: 2.281682,
                Atom Type Acc: 21.77%

Epoch 62/100 - Train Loss: 1.754729, 
                Val MAE: 1.887344, Val Optimized MAE: 0.733614, 
                Val Optimized Typed MAE: 15.093685,
                Val Hausdorff: 2.246611,
                Atom Type Acc: 24.64%

Epoch 63/100 - Train Loss: 1.756433, 
                Val MAE: 1.879053, Val Optimized MAE: 0.743767, 
                Val Optimized Typed MAE: 15.766803,
                Val Hausdorff: 2.284798,
                Atom Type Acc: 21.24%

Epoch 64/100 - Train Loss: 1.730726, 
                Val MAE: 1.880638, Val Optimized MAE: 0.739068, 
                Val Optimized Typed MAE: 14.994164,
                Val Hausdorff: 2.195810,
                Atom Type Acc: 24.23%

Epoch 65/100 - Train Loss: 1.708352, 
                Val MAE: 1.865395, Val Optimized MAE: 0.728996, 
                Val Optimized Typed MAE: 15.890162,
                Val Hausdorff: 2.205915,
                Atom Type Acc: 19.90%

Epoch 66/100 - Train Loss: 1.686182, 
                Val MAE: 1.867856, Val Optimized MAE: 0.734218, 
                Val Optimized Typed MAE: 14.707347,
                Val Hausdorff: 2.241727,
                Atom Type Acc: 25.90%

Epoch 67/100 - Train Loss: 1.652389, 
                Val MAE: 1.868794, Val Optimized MAE: 0.732193, 
                Val Optimized Typed MAE: 14.992039,
                Val Hausdorff: 2.219213,
                Atom Type Acc: 24.50%

Epoch 68/100 - Train Loss: 1.645866, 
                Val MAE: 1.876140, Val Optimized MAE: 0.739335, 
                Val Optimized Typed MAE: 15.057663,
                Val Hausdorff: 2.306059,
                Atom Type Acc: 24.11%

Epoch 69/100 - Train Loss: 1.612427, 
                Val MAE: 1.878189, Val Optimized MAE: 0.737188, 
                Val Optimized Typed MAE: 15.198810,
                Val Hausdorff: 2.271440,
                Atom Type Acc: 24.03%

Epoch 70/100 - Train Loss: 1.597353, 
                Val MAE: 1.864355, Val Optimized MAE: 0.731234, 
                Val Optimized Typed MAE: 14.801570,
                Val Hausdorff: 2.222676,
                Atom Type Acc: 26.00%

Epoch 71/100 - Train Loss: 1.546161, 
                Val MAE: 1.864127, Val Optimized MAE: 0.727820, 
                Val Optimized Typed MAE: 14.708849,
                Val Hausdorff: 2.214927,
                Atom Type Acc: 26.54%

Epoch 72/100 - Train Loss: 1.543565, 
                Val MAE: 1.867817, Val Optimized MAE: 0.727258, 
                Val Optimized Typed MAE: 14.465275,
                Val Hausdorff: 2.246080,
                Atom Type Acc: 28.31%

Epoch 73/100 - Train Loss: 1.545671, 
                Val MAE: 1.865987, Val Optimized MAE: 0.730379, 
                Val Optimized Typed MAE: 14.656770,
                Val Hausdorff: 2.241894,
                Atom Type Acc: 26.55%

Epoch 74/100 - Train Loss: 1.528159, 
                Val MAE: 1.866504, Val Optimized MAE: 0.730119, 
                Val Optimized Typed MAE: 14.667332,
                Val Hausdorff: 2.202352,
                Atom Type Acc: 26.94%

Epoch 75/100 - Train Loss: 1.498729, 
                Val MAE: 1.876558, Val Optimized MAE: 0.735235, 
                Val Optimized Typed MAE: 14.713533,
                Val Hausdorff: 2.282529,
                Atom Type Acc: 26.25%

Epoch 76/100 - Train Loss: 1.452828, 
                Val MAE: 1.862889, Val Optimized MAE: 0.727363, 
                Val Optimized Typed MAE: 14.302377,
                Val Hausdorff: 2.277160,
                Atom Type Acc: 28.69%

Epoch 77/100 - Train Loss: 1.450903, 
                Val MAE: 1.864685, Val Optimized MAE: 0.731009, 
                Val Optimized Typed MAE: 14.849617,
                Val Hausdorff: 2.264335,
                Atom Type Acc: 25.27%

Epoch 78/100 - Train Loss: 1.426000, 
                Val MAE: 1.859772, Val Optimized MAE: 0.724540, 
                Val Optimized Typed MAE: 14.108480,
                Val Hausdorff: 2.187910,
                Atom Type Acc: 30.23%

Epoch 79/100 - Train Loss: 1.440792, 
                Val MAE: 1.855836, Val Optimized MAE: 0.731859, 
                Val Optimized Typed MAE: 14.259015,
                Val Hausdorff: 2.184864,
                Atom Type Acc: 29.29%

Epoch 80/100 - Train Loss: 1.412857, 
                Val MAE: 1.857472, Val Optimized MAE: 0.724946, 
                Val Optimized Typed MAE: 14.141638,
                Val Hausdorff: 2.161841,
                Atom Type Acc: 29.21%

Epoch 81/100 - Train Loss: 1.383353, 
                Val MAE: 1.854552, Val Optimized MAE: 0.728081, 
                Val Optimized Typed MAE: 14.439802,
                Val Hausdorff: 2.176384,
                Atom Type Acc: 28.81%

Epoch 82/100 - Train Loss: 1.404884, 
                Val MAE: 1.851418, Val Optimized MAE: 0.723460, 
                Val Optimized Typed MAE: 13.767293,
                Val Hausdorff: 2.156749,
                Atom Type Acc: 31.39%

Epoch 83/100 - Train Loss: 1.350361, 
                Val MAE: 1.869775, Val Optimized MAE: 0.727940, 
                Val Optimized Typed MAE: 14.129587,
                Val Hausdorff: 2.224256,
                Atom Type Acc: 29.64%

Epoch 84/100 - Train Loss: 1.367125, 
                Val MAE: 1.859115, Val Optimized MAE: 0.719814, 
                Val Optimized Typed MAE: 14.715435,
                Val Hausdorff: 2.191383,
                Atom Type Acc: 26.62%

Epoch 85/100 - Train Loss: 1.355204, 
                Val MAE: 1.863008, Val Optimized MAE: 0.729529, 
                Val Optimized Typed MAE: 14.147700,
                Val Hausdorff: 2.223035,
                Atom Type Acc: 29.73%

Epoch 86/100 - Train Loss: 1.349096, 
                Val MAE: 1.873012, Val Optimized MAE: 0.732529, 
                Val Optimized Typed MAE: 13.938967,
                Val Hausdorff: 2.232423,
                Atom Type Acc: 31.22%

Epoch 87/100 - Train Loss: 1.312862, 
                Val MAE: 1.856475, Val Optimized MAE: 0.727945, 
                Val Optimized Typed MAE: 13.903041,
                Val Hausdorff: 2.239947,
                Atom Type Acc: 30.85%

Epoch 88/100 - Train Loss: 1.283292, 
                Val MAE: 1.851034, Val Optimized MAE: 0.710991, 
                Val Optimized Typed MAE: 13.755298,
                Val Hausdorff: 2.238875,
                Atom Type Acc: 31.54%

Epoch 89/100 - Train Loss: 1.303850, 
                Val MAE: 1.847561, Val Optimized MAE: 0.714973, 
                Val Optimized Typed MAE: 13.701253,
                Val Hausdorff: 2.230562,
                Atom Type Acc: 32.45%

Epoch 90/100 - Train Loss: 1.380202, 
                Val MAE: 1.846971, Val Optimized MAE: 0.718853, 
                Val Optimized Typed MAE: 14.093606,
                Val Hausdorff: 2.135862,
                Atom Type Acc: 30.13%

Epoch 91/100 - Train Loss: 1.325467, 
                Val MAE: 1.849612, Val Optimized MAE: 0.720800, 
                Val Optimized Typed MAE: 14.012080,
                Val Hausdorff: 2.204733,
                Atom Type Acc: 30.70%

Epoch 92/100 - Train Loss: 1.246270, 
                Val MAE: 1.848911, Val Optimized MAE: 0.722659, 
                Val Optimized Typed MAE: 13.673724,
                Val Hausdorff: 2.258397,
                Atom Type Acc: 32.40%

Epoch 93/100 - Train Loss: 1.218875, 
                Val MAE: 1.856887, Val Optimized MAE: 0.722672, 
                Val Optimized Typed MAE: 14.042784,
                Val Hausdorff: 2.208279,
                Atom Type Acc: 30.64%

Epoch 94/100 - Train Loss: 1.177767, 
                Val MAE: 1.866600, Val Optimized MAE: 0.722098, 
                Val Optimized Typed MAE: 13.525104,
                Val Hausdorff: 2.224444,
                Atom Type Acc: 33.83%

Epoch 95/100 - Train Loss: 1.227458, 
                Val MAE: 1.842276, Val Optimized MAE: 0.714176, 
                Val Optimized Typed MAE: 14.010902,
                Val Hausdorff: 2.193804,
                Atom Type Acc: 30.56%

Epoch 96/100 - Train Loss: 1.223666, 
                Val MAE: 1.836467, Val Optimized MAE: 0.710615, 
                Val Optimized Typed MAE: 14.722898,
                Val Hausdorff: 2.181499,
                Atom Type Acc: 26.77%

Epoch 97/100 - Train Loss: 1.200483, 
                Val MAE: 1.847845, Val Optimized MAE: 0.716599, 
                Val Optimized Typed MAE: 13.962644,
                Val Hausdorff: 2.245759,
                Atom Type Acc: 31.66%

Epoch 98/100 - Train Loss: 1.156030, 
                Val MAE: 1.836626, Val Optimized MAE: 0.715645, 
                Val Optimized Typed MAE: 13.636421,
                Val Hausdorff: 2.173324,
                Atom Type Acc: 33.27%

Epoch 99/100 - Train Loss: 1.136119, 
                Val MAE: 1.847489, Val Optimized MAE: 0.719837, 
                Val Optimized Typed MAE: 13.589104,
                Val Hausdorff: 2.194566,
                Atom Type Acc: 33.71%

Epoch 100/100 - Train Loss: 1.119459, 
                Val MAE: 1.834656, Val Optimized MAE: 0.715732, 
                Val Optimized Typed MAE: 13.515121,
                Val Hausdorff: 2.145070,
                Atom Type Acc: 33.93%
Training complete. Model saved to 'diffusion_results/FracPositionRegressionXRD_20250514_235034_job6075_task0/samples/training_samples/pos_frac_T100_lr0.0001_epochs100_batch64_cond64_with_atoms_20250514-235036/vector_conditioned_rgb_model.pt'
Test MAE: 1.8206,
        Test Optimized MAE: 0.7018,
        Test Optimized Typed MAE: 13.1184,
        Test Hausdorff: 2.1085,
        Test Atom Type Accuracy: 35.37%
Final test MAE: 1.8206, Test Hausdorff: 2.1085, Test Atom Type Accuracy: 35.37%
Final metrics saved to diffusion_results/FracPositionRegressionXRD_20250514_235034_job6075_task0/samples/training_samples/pos_frac_T100_lr0.0001_epochs100_batch64_cond64_with_atoms_20250514-235036/final_metrics.csv
----------------------------------------
Completed job with config file: configs/diffusion_xrd_frac_base.yaml
----------------------------------------

----------------------------------------
Starting job with config file: configs/diffusion_xrd_abs_base.yaml
----------------------------------------
Running experiment with model type: Diffusion
Loaded atom mapping with 54 categories for visualization
Loaded atom mapping with 54 categories
Created dataset with 2013 samples, image shape: torch.Size([2013, 3, 10, 10]), conditioning shape: torch.Size([2013, 580])
Atom types shape: torch.Size([2013, 1, 10, 10]), with 54 categories
Loaded atom mapping with 54 categories
Created dataset with 252 samples, image shape: torch.Size([252, 3, 10, 10]), conditioning shape: torch.Size([252, 580])
Atom types shape: torch.Size([252, 1, 10, 10]), with 54 categories
Loaded atom mapping with 54 categories
Created dataset with 252 samples, image shape: torch.Size([252, 3, 10, 10]), conditioning shape: torch.Size([252, 580])
Atom types shape: torch.Size([252, 1, 10, 10]), with 54 categories
Using device: cuda:0

Epoch 1/100 - Train Loss: 10.733228, 
                Val MAE: 5.112656, Val Optimized MAE: 4.119911, 
                Val Optimized Typed MAE: 21.426022,
                Val Hausdorff: 7.200008,
                Atom Type Acc: 7.94%

Epoch 2/100 - Train Loss: 6.567279, 
                Val MAE: 5.025130, Val Optimized MAE: 4.439434, 
                Val Optimized Typed MAE: 21.807605,
                Val Hausdorff: 7.455066,
                Atom Type Acc: 7.92%

Epoch 3/100 - Train Loss: 5.706444, 
                Val MAE: 5.012103, Val Optimized MAE: 4.502929, 
                Val Optimized Typed MAE: 22.740722,
                Val Hausdorff: 7.521435,
                Atom Type Acc: 5.76%

Epoch 4/100 - Train Loss: 5.325214, 
                Val MAE: 5.002479, Val Optimized MAE: 4.547385, 
                Val Optimized Typed MAE: 18.788705,
                Val Hausdorff: 7.632943,
                Atom Type Acc: 17.84%

Epoch 5/100 - Train Loss: 5.110797, 
                Val MAE: 5.006055, Val Optimized MAE: 4.548193, 
                Val Optimized Typed MAE: 14.092448,
                Val Hausdorff: 7.683187,
                Atom Type Acc: 35.96%

Epoch 6/100 - Train Loss: 4.933462, 
                Val MAE: 5.002742, Val Optimized MAE: 4.553475, 
                Val Optimized Typed MAE: 14.895546,
                Val Hausdorff: 7.675717,
                Atom Type Acc: 32.34%

Epoch 7/100 - Train Loss: 4.874244, 
                Val MAE: 5.001544, Val Optimized MAE: 4.548759, 
                Val Optimized Typed MAE: 15.182160,
                Val Hausdorff: 7.700784,
                Atom Type Acc: 31.93%

Epoch 8/100 - Train Loss: 4.765343, 
                Val MAE: 5.001367, Val Optimized MAE: 4.539959, 
                Val Optimized Typed MAE: 14.891192,
                Val Hausdorff: 7.672947,
                Atom Type Acc: 33.52%

Epoch 9/100 - Train Loss: 4.718892, 
                Val MAE: 4.999619, Val Optimized MAE: 4.554756, 
                Val Optimized Typed MAE: 14.606013,
                Val Hausdorff: 7.706089,
                Atom Type Acc: 34.64%

Epoch 10/100 - Train Loss: 4.652885, 
                Val MAE: 5.003551, Val Optimized MAE: 4.539392, 
                Val Optimized Typed MAE: 15.236684,
                Val Hausdorff: 7.687469,
                Atom Type Acc: 32.10%

Epoch 11/100 - Train Loss: 4.619708, 
                Val MAE: 4.999553, Val Optimized MAE: 4.540359, 
                Val Optimized Typed MAE: 15.061279,
                Val Hausdorff: 7.694672,
                Atom Type Acc: 32.92%

Epoch 12/100 - Train Loss: 4.601452, 
                Val MAE: 5.000550, Val Optimized MAE: 4.520286, 
                Val Optimized Typed MAE: 14.091245,
                Val Hausdorff: 7.673029,
                Atom Type Acc: 36.73%

Epoch 13/100 - Train Loss: 4.557894, 
                Val MAE: 4.998664, Val Optimized MAE: 4.535358, 
                Val Optimized Typed MAE: 14.394263,
                Val Hausdorff: 7.691774,
                Atom Type Acc: 36.17%

Epoch 14/100 - Train Loss: 4.551088, 
                Val MAE: 5.004272, Val Optimized MAE: 4.527202, 
                Val Optimized Typed MAE: 14.500612,
                Val Hausdorff: 7.659257,
                Atom Type Acc: 35.61%

Epoch 15/100 - Train Loss: 4.512934, 
                Val MAE: 5.006444, Val Optimized MAE: 4.518861, 
                Val Optimized Typed MAE: 14.450469,
                Val Hausdorff: 7.660949,
                Atom Type Acc: 35.96%

Epoch 16/100 - Train Loss: 4.497968, 
                Val MAE: 5.002412, Val Optimized MAE: 4.522308, 
                Val Optimized Typed MAE: 16.245461,
                Val Hausdorff: 7.666022,
                Atom Type Acc: 29.95%

Epoch 17/100 - Train Loss: 4.454428, 
                Val MAE: 5.003009, Val Optimized MAE: 4.504322, 
                Val Optimized Typed MAE: 16.871995,
                Val Hausdorff: 7.632371,
                Atom Type Acc: 27.91%

Epoch 18/100 - Train Loss: 4.420867, 
                Val MAE: 5.004850, Val Optimized MAE: 4.499029, 
                Val Optimized Typed MAE: 17.271466,
                Val Hausdorff: 7.629157,
                Atom Type Acc: 27.66%

Epoch 19/100 - Train Loss: 4.388130, 
                Val MAE: 5.005178, Val Optimized MAE: 4.499782, 
                Val Optimized Typed MAE: 18.200367,
                Val Hausdorff: 7.641382,
                Atom Type Acc: 23.84%

Epoch 20/100 - Train Loss: 4.319686, 
                Val MAE: 5.008367, Val Optimized MAE: 4.490886, 
                Val Optimized Typed MAE: 18.679245,
                Val Hausdorff: 7.629558,
                Atom Type Acc: 22.26%

Epoch 21/100 - Train Loss: 4.258460, 
                Val MAE: 5.008021, Val Optimized MAE: 4.476353, 
                Val Optimized Typed MAE: 19.288091,
                Val Hausdorff: 7.595533,
                Atom Type Acc: 20.08%

Epoch 22/100 - Train Loss: 4.223825, 
                Val MAE: 5.005778, Val Optimized MAE: 4.496098, 
                Val Optimized Typed MAE: 19.398539,
                Val Hausdorff: 7.638553,
                Atom Type Acc: 20.03%

Epoch 23/100 - Train Loss: 4.148513, 
                Val MAE: 5.008941, Val Optimized MAE: 4.505319, 
                Val Optimized Typed MAE: 19.530543,
                Val Hausdorff: 7.647242,
                Atom Type Acc: 19.46%

Epoch 24/100 - Train Loss: 4.070327, 
                Val MAE: 5.009870, Val Optimized MAE: 4.486341, 
                Val Optimized Typed MAE: 19.263531,
                Val Hausdorff: 7.618774,
                Atom Type Acc: 20.35%

Epoch 25/100 - Train Loss: 4.015398, 
                Val MAE: 5.012403, Val Optimized MAE: 4.482748, 
                Val Optimized Typed MAE: 19.418970,
                Val Hausdorff: 7.606500,
                Atom Type Acc: 19.55%

Epoch 26/100 - Train Loss: 3.971053, 
                Val MAE: 5.010281, Val Optimized MAE: 4.488014, 
                Val Optimized Typed MAE: 19.409375,
                Val Hausdorff: 7.615140,
                Atom Type Acc: 19.75%

Epoch 27/100 - Train Loss: 3.941052, 
                Val MAE: 5.008339, Val Optimized MAE: 4.479653, 
                Val Optimized Typed MAE: 19.583386,
                Val Hausdorff: 7.601815,
                Atom Type Acc: 19.50%

Epoch 28/100 - Train Loss: 3.888701, 
                Val MAE: 5.012810, Val Optimized MAE: 4.453373, 
                Val Optimized Typed MAE: 19.474288,
                Val Hausdorff: 7.572840,
                Atom Type Acc: 19.34%

Epoch 29/100 - Train Loss: 3.836740, 
                Val MAE: 5.008917, Val Optimized MAE: 4.478644, 
                Val Optimized Typed MAE: 19.721420,
                Val Hausdorff: 7.606262,
                Atom Type Acc: 18.81%

Epoch 30/100 - Train Loss: 3.794478, 
                Val MAE: 5.013484, Val Optimized MAE: 4.473693, 
                Val Optimized Typed MAE: 19.909922,
                Val Hausdorff: 7.585186,
                Atom Type Acc: 18.18%

Epoch 31/100 - Train Loss: 3.774204, 
                Val MAE: 5.013293, Val Optimized MAE: 4.467885, 
                Val Optimized Typed MAE: 19.736751,
                Val Hausdorff: 7.575541,
                Atom Type Acc: 18.11%

Epoch 32/100 - Train Loss: 3.734856, 
                Val MAE: 5.014201, Val Optimized MAE: 4.469758, 
                Val Optimized Typed MAE: 19.967772,
                Val Hausdorff: 7.590075,
                Atom Type Acc: 17.98%

Epoch 33/100 - Train Loss: 3.706754, 
                Val MAE: 5.015531, Val Optimized MAE: 4.474764, 
                Val Optimized Typed MAE: 20.439817,
                Val Hausdorff: 7.591985,
                Atom Type Acc: 16.33%

Epoch 34/100 - Train Loss: 3.656050, 
                Val MAE: 5.015609, Val Optimized MAE: 4.462733, 
                Val Optimized Typed MAE: 20.433777,
                Val Hausdorff: 7.595536,
                Atom Type Acc: 16.20%

Epoch 35/100 - Train Loss: 3.608934, 
                Val MAE: 5.014880, Val Optimized MAE: 4.457197, 
                Val Optimized Typed MAE: 20.550612,
                Val Hausdorff: 7.580072,
                Atom Type Acc: 15.46%

Epoch 36/100 - Train Loss: 3.581174, 
                Val MAE: 5.014212, Val Optimized MAE: 4.455190, 
                Val Optimized Typed MAE: 20.366816,
                Val Hausdorff: 7.581268,
                Atom Type Acc: 15.90%

Epoch 37/100 - Train Loss: 3.539218, 
                Val MAE: 5.017053, Val Optimized MAE: 4.446032, 
                Val Optimized Typed MAE: 20.490826,
                Val Hausdorff: 7.557445,
                Atom Type Acc: 15.85%

Epoch 38/100 - Train Loss: 3.479785, 
                Val MAE: 5.015229, Val Optimized MAE: 4.459258, 
                Val Optimized Typed MAE: 21.038471,
                Val Hausdorff: 7.573068,
                Atom Type Acc: 14.02%

Epoch 39/100 - Train Loss: 3.406854, 
                Val MAE: 5.019821, Val Optimized MAE: 4.417840, 
                Val Optimized Typed MAE: 21.847543,
                Val Hausdorff: 7.518652,
                Atom Type Acc: 11.00%

Epoch 40/100 - Train Loss: 3.343960, 
                Val MAE: 5.019726, Val Optimized MAE: 4.435053, 
                Val Optimized Typed MAE: 21.387693,
                Val Hausdorff: 7.538478,
                Atom Type Acc: 12.51%

Epoch 41/100 - Train Loss: 3.256305, 
                Val MAE: 5.015028, Val Optimized MAE: 4.441305, 
                Val Optimized Typed MAE: 21.574600,
                Val Hausdorff: 7.568462,
                Atom Type Acc: 11.75%

Epoch 42/100 - Train Loss: 3.155240, 
                Val MAE: 5.019849, Val Optimized MAE: 4.423274, 
                Val Optimized Typed MAE: 20.965816,
                Val Hausdorff: 7.531798,
                Atom Type Acc: 13.67%

Epoch 43/100 - Train Loss: 3.079638, 
                Val MAE: 5.023959, Val Optimized MAE: 4.413162, 
                Val Optimized Typed MAE: 21.556898,
                Val Hausdorff: 7.525332,
                Atom Type Acc: 11.29%

Epoch 44/100 - Train Loss: 3.008069, 
                Val MAE: 5.025345, Val Optimized MAE: 4.411599, 
                Val Optimized Typed MAE: 21.431449,
                Val Hausdorff: 7.514758,
                Atom Type Acc: 11.40%

Epoch 45/100 - Train Loss: 2.922042, 
                Val MAE: 5.022146, Val Optimized MAE: 4.411419, 
                Val Optimized Typed MAE: 21.474795,
                Val Hausdorff: 7.523884,
                Atom Type Acc: 11.22%

Epoch 46/100 - Train Loss: 2.839040, 
                Val MAE: 5.025517, Val Optimized MAE: 4.399938, 
                Val Optimized Typed MAE: 21.342792,
                Val Hausdorff: 7.506435,
                Atom Type Acc: 10.97%

Epoch 47/100 - Train Loss: 2.707625, 
                Val MAE: 5.021956, Val Optimized MAE: 4.410411, 
                Val Optimized Typed MAE: 21.442901,
                Val Hausdorff: 7.513337,
                Atom Type Acc: 11.72%

Epoch 48/100 - Train Loss: 2.637550, 
                Val MAE: 5.025051, Val Optimized MAE: 4.399386, 
                Val Optimized Typed MAE: 21.324257,
                Val Hausdorff: 7.502247,
                Atom Type Acc: 11.99%

Epoch 49/100 - Train Loss: 2.555716, 
                Val MAE: 5.025653, Val Optimized MAE: 4.400687, 
                Val Optimized Typed MAE: 21.247066,
                Val Hausdorff: 7.514081,
                Atom Type Acc: 12.46%

Epoch 50/100 - Train Loss: 2.454143, 
                Val MAE: 5.023886, Val Optimized MAE: 4.397052, 
                Val Optimized Typed MAE: 20.949481,
                Val Hausdorff: 7.491437,
                Atom Type Acc: 12.95%

Epoch 51/100 - Train Loss: 2.366582, 
                Val MAE: 5.025342, Val Optimized MAE: 4.396896, 
                Val Optimized Typed MAE: 21.330018,
                Val Hausdorff: 7.498533,
                Atom Type Acc: 12.37%

Epoch 52/100 - Train Loss: 2.256314, 
                Val MAE: 5.026257, Val Optimized MAE: 4.388592, 
                Val Optimized Typed MAE: 20.867153,
                Val Hausdorff: 7.469568,
                Atom Type Acc: 14.08%

Epoch 53/100 - Train Loss: 2.157727, 
                Val MAE: 5.024829, Val Optimized MAE: 4.390283, 
                Val Optimized Typed MAE: 21.270174,
                Val Hausdorff: 7.490736,
                Atom Type Acc: 12.48%

Epoch 54/100 - Train Loss: 2.077761, 
                Val MAE: 5.027400, Val Optimized MAE: 4.386209, 
                Val Optimized Typed MAE: 21.145715,
                Val Hausdorff: 7.471222,
                Atom Type Acc: 12.74%

Epoch 55/100 - Train Loss: 2.002220, 
                Val MAE: 5.026010, Val Optimized MAE: 4.388565, 
                Val Optimized Typed MAE: 21.155625,
                Val Hausdorff: 7.482634,
                Atom Type Acc: 13.13%

Epoch 56/100 - Train Loss: 1.936651, 
                Val MAE: 5.026531, Val Optimized MAE: 4.386212, 
                Val Optimized Typed MAE: 20.547741,
                Val Hausdorff: 7.502295,
                Atom Type Acc: 14.92%

Epoch 57/100 - Train Loss: 1.862002, 
                Val MAE: 5.028105, Val Optimized MAE: 4.380320, 
                Val Optimized Typed MAE: 20.754450,
                Val Hausdorff: 7.468637,
                Atom Type Acc: 14.75%

Epoch 58/100 - Train Loss: 1.768020, 
                Val MAE: 5.034784, Val Optimized MAE: 4.377627, 
                Val Optimized Typed MAE: 21.010593,
                Val Hausdorff: 7.475457,
                Atom Type Acc: 14.11%

Epoch 59/100 - Train Loss: 1.710766, 
                Val MAE: 5.030217, Val Optimized MAE: 4.377147, 
                Val Optimized Typed MAE: 21.079879,
                Val Hausdorff: 7.455920,
                Atom Type Acc: 13.62%

Epoch 60/100 - Train Loss: 1.660561, 
                Val MAE: 5.029375, Val Optimized MAE: 4.377773, 
                Val Optimized Typed MAE: 21.492330,
                Val Hausdorff: 7.474229,
                Atom Type Acc: 12.54%

Epoch 61/100 - Train Loss: 1.556327, 
                Val MAE: 5.024540, Val Optimized MAE: 4.389610, 
                Val Optimized Typed MAE: 21.306614,
                Val Hausdorff: 7.488685,
                Atom Type Acc: 13.14%

Epoch 62/100 - Train Loss: 1.503742, 
                Val MAE: 5.032335, Val Optimized MAE: 4.376503, 
                Val Optimized Typed MAE: 21.402495,
                Val Hausdorff: 7.471764,
                Atom Type Acc: 12.54%

Epoch 63/100 - Train Loss: 1.453461, 
                Val MAE: 5.033351, Val Optimized MAE: 4.360329, 
                Val Optimized Typed MAE: 21.398855,
                Val Hausdorff: 7.451585,
                Atom Type Acc: 12.56%

Epoch 64/100 - Train Loss: 1.409072, 
                Val MAE: 5.030190, Val Optimized MAE: 4.372818, 
                Val Optimized Typed MAE: 21.130765,
                Val Hausdorff: 7.458205,
                Atom Type Acc: 13.75%

Epoch 65/100 - Train Loss: 1.326247, 
                Val MAE: 5.026458, Val Optimized MAE: 4.371862, 
                Val Optimized Typed MAE: 21.074218,
                Val Hausdorff: 7.465560,
                Atom Type Acc: 13.96%

Epoch 66/100 - Train Loss: 1.280573, 
                Val MAE: 5.027126, Val Optimized MAE: 4.373592, 
                Val Optimized Typed MAE: 21.050952,
                Val Hausdorff: 7.464152,
                Atom Type Acc: 14.64%

Epoch 67/100 - Train Loss: 1.221146, 
                Val MAE: 5.031414, Val Optimized MAE: 4.358448, 
                Val Optimized Typed MAE: 20.797876,
                Val Hausdorff: 7.450192,
                Atom Type Acc: 14.74%

Epoch 68/100 - Train Loss: 1.223184, 
                Val MAE: 5.024962, Val Optimized MAE: 4.379898, 
                Val Optimized Typed MAE: 20.866183,
                Val Hausdorff: 7.467276,
                Atom Type Acc: 15.50%

Epoch 69/100 - Train Loss: 1.145370, 
                Val MAE: 5.030611, Val Optimized MAE: 4.379096, 
                Val Optimized Typed MAE: 21.020504,
                Val Hausdorff: 7.484567,
                Atom Type Acc: 14.56%

Epoch 70/100 - Train Loss: 1.108019, 
                Val MAE: 5.029010, Val Optimized MAE: 4.364763, 
                Val Optimized Typed MAE: 20.877891,
                Val Hausdorff: 7.437689,
                Atom Type Acc: 15.18%

Epoch 71/100 - Train Loss: 1.087245, 
                Val MAE: 5.029365, Val Optimized MAE: 4.373886, 
                Val Optimized Typed MAE: 21.131782,
                Val Hausdorff: 7.463885,
                Atom Type Acc: 14.17%

Epoch 72/100 - Train Loss: 1.087979, 
                Val MAE: 5.026206, Val Optimized MAE: 4.367959, 
                Val Optimized Typed MAE: 21.105058,
                Val Hausdorff: 7.451001,
                Atom Type Acc: 14.27%

Epoch 73/100 - Train Loss: 1.052635, 
                Val MAE: 5.030031, Val Optimized MAE: 4.369727, 
                Val Optimized Typed MAE: 20.447959,
                Val Hausdorff: 7.450771,
                Atom Type Acc: 16.79%

Epoch 74/100 - Train Loss: 1.006475, 
                Val MAE: 5.029830, Val Optimized MAE: 4.372642, 
                Val Optimized Typed MAE: 20.614589,
                Val Hausdorff: 7.465318,
                Atom Type Acc: 16.29%

Epoch 75/100 - Train Loss: 0.994023, 
                Val MAE: 5.031040, Val Optimized MAE: 4.364512, 
                Val Optimized Typed MAE: 20.817356,
                Val Hausdorff: 7.450588,
                Atom Type Acc: 15.42%

Epoch 76/100 - Train Loss: 0.968136, 
                Val MAE: 5.029775, Val Optimized MAE: 4.371350, 
                Val Optimized Typed MAE: 20.716362,
                Val Hausdorff: 7.453925,
                Atom Type Acc: 16.20%

Epoch 77/100 - Train Loss: 0.940525, 
                Val MAE: 5.033419, Val Optimized MAE: 4.371495, 
                Val Optimized Typed MAE: 20.794875,
                Val Hausdorff: 7.476080,
                Atom Type Acc: 15.96%

Epoch 78/100 - Train Loss: 0.935784, 
                Val MAE: 5.030588, Val Optimized MAE: 4.365103, 
                Val Optimized Typed MAE: 20.635491,
                Val Hausdorff: 7.446708,
                Atom Type Acc: 16.13%

Epoch 79/100 - Train Loss: 0.902835, 
                Val MAE: 5.026756, Val Optimized MAE: 4.371689, 
                Val Optimized Typed MAE: 20.440557,
                Val Hausdorff: 7.453892,
                Atom Type Acc: 17.01%

Epoch 80/100 - Train Loss: 0.911030, 
                Val MAE: 5.028631, Val Optimized MAE: 4.367328, 
                Val Optimized Typed MAE: 20.179844,
                Val Hausdorff: 7.455990,
                Atom Type Acc: 18.29%

Epoch 81/100 - Train Loss: 0.870028, 
                Val MAE: 5.028703, Val Optimized MAE: 4.370207, 
                Val Optimized Typed MAE: 19.723955,
                Val Hausdorff: 7.448123,
                Atom Type Acc: 19.81%

Epoch 82/100 - Train Loss: 0.882309, 
                Val MAE: 5.028004, Val Optimized MAE: 4.367361, 
                Val Optimized Typed MAE: 20.261463,
                Val Hausdorff: 7.423835,
                Atom Type Acc: 17.71%

Epoch 83/100 - Train Loss: 0.902608, 
                Val MAE: 5.026377, Val Optimized MAE: 4.376890, 
                Val Optimized Typed MAE: 20.192585,
                Val Hausdorff: 7.465741,
                Atom Type Acc: 18.41%

Epoch 84/100 - Train Loss: 0.898776, 
                Val MAE: 5.024721, Val Optimized MAE: 4.373380, 
                Val Optimized Typed MAE: 20.555095,
                Val Hausdorff: 7.463026,
                Atom Type Acc: 16.49%

Epoch 85/100 - Train Loss: 0.862928, 
                Val MAE: 5.028707, Val Optimized MAE: 4.369585, 
                Val Optimized Typed MAE: 19.704900,
                Val Hausdorff: 7.451791,
                Atom Type Acc: 20.30%

Epoch 86/100 - Train Loss: 0.844817, 
                Val MAE: 5.030591, Val Optimized MAE: 4.372564, 
                Val Optimized Typed MAE: 20.001855,
                Val Hausdorff: 7.459665,
                Atom Type Acc: 19.32%

Epoch 87/100 - Train Loss: 0.832081, 
                Val MAE: 5.029148, Val Optimized MAE: 4.365728, 
                Val Optimized Typed MAE: 19.976654,
                Val Hausdorff: 7.446962,
                Atom Type Acc: 19.49%

Epoch 88/100 - Train Loss: 0.799938, 
                Val MAE: 5.029351, Val Optimized MAE: 4.377484, 
                Val Optimized Typed MAE: 19.576363,
                Val Hausdorff: 7.460437,
                Atom Type Acc: 20.67%

Epoch 89/100 - Train Loss: 0.820951, 
                Val MAE: 5.030898, Val Optimized MAE: 4.377038, 
                Val Optimized Typed MAE: 19.705451,
                Val Hausdorff: 7.474507,
                Atom Type Acc: 20.12%

Epoch 90/100 - Train Loss: 0.801488, 
                Val MAE: 5.024455, Val Optimized MAE: 4.370601, 
                Val Optimized Typed MAE: 19.233309,
                Val Hausdorff: 7.457544,
                Atom Type Acc: 22.14%

Epoch 91/100 - Train Loss: 0.789837, 
                Val MAE: 5.026927, Val Optimized MAE: 4.374067, 
                Val Optimized Typed MAE: 19.533509,
                Val Hausdorff: 7.470131,
                Atom Type Acc: 21.00%

Epoch 92/100 - Train Loss: 0.796417, 
                Val MAE: 5.027829, Val Optimized MAE: 4.372260, 
                Val Optimized Typed MAE: 18.909468,
                Val Hausdorff: 7.457711,
                Atom Type Acc: 22.93%

Epoch 93/100 - Train Loss: 0.770343, 
                Val MAE: 5.026277, Val Optimized MAE: 4.379153, 
                Val Optimized Typed MAE: 18.954388,
                Val Hausdorff: 7.466998,
                Atom Type Acc: 22.71%

Epoch 94/100 - Train Loss: 0.746917, 
                Val MAE: 5.028738, Val Optimized MAE: 4.378197, 
                Val Optimized Typed MAE: 19.086262,
                Val Hausdorff: 7.476927,
                Atom Type Acc: 22.73%

Epoch 95/100 - Train Loss: 0.755945, 
                Val MAE: 5.025785, Val Optimized MAE: 4.379293, 
                Val Optimized Typed MAE: 19.099710,
                Val Hausdorff: 7.472598,
                Atom Type Acc: 22.46%

Epoch 96/100 - Train Loss: 0.756037, 
                Val MAE: 5.026670, Val Optimized MAE: 4.374628, 
                Val Optimized Typed MAE: 18.887808,
                Val Hausdorff: 7.458696,
                Atom Type Acc: 23.68%

Epoch 97/100 - Train Loss: 0.756012, 
                Val MAE: 5.024326, Val Optimized MAE: 4.376510, 
                Val Optimized Typed MAE: 19.173493,
                Val Hausdorff: 7.481915,
                Atom Type Acc: 22.28%

Epoch 98/100 - Train Loss: 0.730050, 
                Val MAE: 5.023245, Val Optimized MAE: 4.375592, 
                Val Optimized Typed MAE: 18.883939,
                Val Hausdorff: 7.447730,
                Atom Type Acc: 23.39%

Epoch 99/100 - Train Loss: 0.722327, 
                Val MAE: 5.025944, Val Optimized MAE: 4.374965, 
                Val Optimized Typed MAE: 18.656736,
                Val Hausdorff: 7.478532,
                Atom Type Acc: 24.61%

Epoch 100/100 - Train Loss: 0.709566, 
                Val MAE: 5.026128, Val Optimized MAE: 4.374995, 
                Val Optimized Typed MAE: 18.301005,
                Val Hausdorff: 7.449527,
                Atom Type Acc: 25.89%
Training complete. Model saved to 'diffusion_results/AbsPositionRegressionXRD_20250515_012709_job6075_task0/samples/training_samples/pos_abs_T100_lr0.0001_epochs100_batch64_cond64_with_atoms_20250515-012710/vector_conditioned_rgb_model.pt'
Test MAE: 5.0336,
        Test Optimized MAE: 4.3835,
        Test Optimized Typed MAE: 18.5996,
        Test Hausdorff: 7.4464,
        Test Atom Type Accuracy: 23.27%
Final test MAE: 5.0336, Test Hausdorff: 7.4464, Test Atom Type Accuracy: 23.27%
Final metrics saved to diffusion_results/AbsPositionRegressionXRD_20250515_012709_job6075_task0/samples/training_samples/pos_abs_T100_lr0.0001_epochs100_batch64_cond64_with_atoms_20250515-012710/final_metrics.csv
----------------------------------------
Completed job with config file: configs/diffusion_xrd_abs_base.yaml
----------------------------------------

----------------------------------------
Starting job with config file: configs/mlp_xpdf_abs_base.yaml
----------------------------------------
Running experiment with model type: MLP
Loaded atom mapping with 54 categories for visualization
Using device: cuda:0

Epoch 1/200 - Train Loss: 6.023265, 
                Val MAE: 5.058822, Val Optimized MAE: 4.716128, 
                Val Optimized Typed MAE: 20.626037, 
                Val Hausdorff: 6.273792,
                Atom Type Acc: 16.78%

Epoch 2/200 - Train Loss: 5.792267, 
                Val MAE: 5.057332, Val Optimized MAE: 4.684999, 
                Val Optimized Typed MAE: 20.824814, 
                Val Hausdorff: 6.234304,
                Atom Type Acc: 15.57%

Epoch 3/200 - Train Loss: 5.716974, 
                Val MAE: 5.057559, Val Optimized MAE: 4.654679, 
                Val Optimized Typed MAE: 20.683343, 
                Val Hausdorff: 6.196072,
                Atom Type Acc: 16.17%

Epoch 4/200 - Train Loss: 5.697120, 
                Val MAE: 5.057590, Val Optimized MAE: 4.654249, 
                Val Optimized Typed MAE: 20.679467, 
                Val Hausdorff: 6.194351,
                Atom Type Acc: 16.14%

Epoch 5/200 - Train Loss: 5.692496, 
                Val MAE: 5.057460, Val Optimized MAE: 4.653302, 
                Val Optimized Typed MAE: 20.706097, 
                Val Hausdorff: 6.188191,
                Atom Type Acc: 16.12%

Epoch 6/200 - Train Loss: 5.694770, 
                Val MAE: 5.057558, Val Optimized MAE: 4.656993, 
                Val Optimized Typed MAE: 20.641956, 
                Val Hausdorff: 6.200357,
                Atom Type Acc: 16.27%

Epoch 7/200 - Train Loss: 5.686362, 
                Val MAE: 5.057477, Val Optimized MAE: 4.655606, 
                Val Optimized Typed MAE: 20.694078, 
                Val Hausdorff: 6.194671,
                Atom Type Acc: 16.13%

Epoch 8/200 - Train Loss: 5.682467, 
                Val MAE: 5.057605, Val Optimized MAE: 4.652806, 
                Val Optimized Typed MAE: 20.705987, 
                Val Hausdorff: 6.193896,
                Atom Type Acc: 16.01%

Epoch 9/200 - Train Loss: 5.684280, 
                Val MAE: 5.057585, Val Optimized MAE: 4.654241, 
                Val Optimized Typed MAE: 20.689844, 
                Val Hausdorff: 6.195865,
                Atom Type Acc: 16.08%

Epoch 10/200 - Train Loss: 5.699917, 
                Val MAE: 5.057490, Val Optimized MAE: 4.654691, 
                Val Optimized Typed MAE: 20.693973, 
                Val Hausdorff: 6.193527,
                Atom Type Acc: 16.09%

Epoch 11/200 - Train Loss: 5.684291, 
                Val MAE: 5.057616, Val Optimized MAE: 4.652238, 
                Val Optimized Typed MAE: 20.721952, 
                Val Hausdorff: 6.193373,
                Atom Type Acc: 15.94%

Epoch 12/200 - Train Loss: 5.688889, 
                Val MAE: 5.057537, Val Optimized MAE: 4.652686, 
                Val Optimized Typed MAE: 20.710248, 
                Val Hausdorff: 6.191238,
                Atom Type Acc: 16.02%

Epoch 13/200 - Train Loss: 5.694614, 
                Val MAE: 5.057603, Val Optimized MAE: 4.652326, 
                Val Optimized Typed MAE: 20.717149, 
                Val Hausdorff: 6.192760,
                Atom Type Acc: 15.95%

Epoch 14/200 - Train Loss: 5.696770, 
                Val MAE: 5.057518, Val Optimized MAE: 4.652791, 
                Val Optimized Typed MAE: 20.728587, 
                Val Hausdorff: 6.190312,
                Atom Type Acc: 15.96%

Epoch 15/200 - Train Loss: 5.700018, 
                Val MAE: 5.057622, Val Optimized MAE: 4.650941, 
                Val Optimized Typed MAE: 20.737754, 
                Val Hausdorff: 6.190187,
                Atom Type Acc: 15.93%

Epoch 16/200 - Train Loss: 5.690423, 
                Val MAE: 5.057319, Val Optimized MAE: 4.660446, 
                Val Optimized Typed MAE: 20.632384, 
                Val Hausdorff: 6.198399,
                Atom Type Acc: 16.42%

Epoch 17/200 - Train Loss: 5.690464, 
                Val MAE: 5.057456, Val Optimized MAE: 4.654903, 
                Val Optimized Typed MAE: 20.693391, 
                Val Hausdorff: 6.192091,
                Atom Type Acc: 16.12%

Epoch 18/200 - Train Loss: 5.696242, 
                Val MAE: 5.057581, Val Optimized MAE: 4.651386, 
                Val Optimized Typed MAE: 20.741450, 
                Val Hausdorff: 6.189769,
                Atom Type Acc: 15.90%

Epoch 19/200 - Train Loss: 5.691706, 
                Val MAE: 5.057575, Val Optimized MAE: 4.651723, 
                Val Optimized Typed MAE: 20.725965, 
                Val Hausdorff: 6.190002,
                Atom Type Acc: 15.96%

Epoch 20/200 - Train Loss: 5.692209, 
                Val MAE: 5.057599, Val Optimized MAE: 4.652128, 
                Val Optimized Typed MAE: 20.724006, 
                Val Hausdorff: 6.192241,
                Atom Type Acc: 15.97%

Epoch 21/200 - Train Loss: 5.698039, 
                Val MAE: 5.057561, Val Optimized MAE: 4.653301, 
                Val Optimized Typed MAE: 20.719511, 
                Val Hausdorff: 6.193341,
                Atom Type Acc: 16.00%

Epoch 22/200 - Train Loss: 5.692474, 
                Val MAE: 5.057451, Val Optimized MAE: 4.655039, 
                Val Optimized Typed MAE: 20.689486, 
                Val Hausdorff: 6.192155,
                Atom Type Acc: 16.13%

Epoch 23/200 - Train Loss: 5.694720, 
                Val MAE: 5.057576, Val Optimized MAE: 4.651836, 
                Val Optimized Typed MAE: 20.736299, 
                Val Hausdorff: 6.190548,
                Atom Type Acc: 15.93%

Epoch 24/200 - Train Loss: 5.694578, 
                Val MAE: 5.057437, Val Optimized MAE: 4.655209, 
                Val Optimized Typed MAE: 20.689707, 
                Val Hausdorff: 6.192302,
                Atom Type Acc: 16.14%

Epoch 25/200 - Train Loss: 5.692765, 
                Val MAE: 5.057562, Val Optimized MAE: 4.652822, 
                Val Optimized Typed MAE: 20.709506, 
                Val Hausdorff: 6.192240,
                Atom Type Acc: 16.04%

Epoch 26/200 - Train Loss: 5.692676, 
                Val MAE: 5.057474, Val Optimized MAE: 4.654196, 
                Val Optimized Typed MAE: 20.694173, 
                Val Hausdorff: 6.191297,
                Atom Type Acc: 16.12%

Epoch 27/200 - Train Loss: 5.689356, 
                Val MAE: 5.057447, Val Optimized MAE: 4.655803, 
                Val Optimized Typed MAE: 20.673721, 
                Val Hausdorff: 6.194317,
                Atom Type Acc: 16.19%

Epoch 28/200 - Train Loss: 5.686848, 
                Val MAE: 5.057614, Val Optimized MAE: 4.651619, 
                Val Optimized Typed MAE: 20.734677, 
                Val Hausdorff: 6.192016,
                Atom Type Acc: 15.93%

Epoch 29/200 - Train Loss: 5.693450, 
                Val MAE: 5.057649, Val Optimized MAE: 4.651470, 
                Val Optimized Typed MAE: 20.737130, 
                Val Hausdorff: 6.192138,
                Atom Type Acc: 15.88%

Epoch 30/200 - Train Loss: 5.694532, 
                Val MAE: 5.057539, Val Optimized MAE: 4.655472, 
                Val Optimized Typed MAE: 20.676822, 
                Val Hausdorff: 6.196438,
                Atom Type Acc: 16.15%

Epoch 31/200 - Train Loss: 5.690063, 
                Val MAE: 5.057494, Val Optimized MAE: 4.654853, 
                Val Optimized Typed MAE: 20.694120, 
                Val Hausdorff: 6.194006,
                Atom Type Acc: 16.12%

Epoch 32/200 - Train Loss: 5.687994, 
                Val MAE: 5.057566, Val Optimized MAE: 4.653098, 
                Val Optimized Typed MAE: 20.703504, 
                Val Hausdorff: 6.193156,
                Atom Type Acc: 16.08%

Epoch 33/200 - Train Loss: 5.690968, 
                Val MAE: 5.057466, Val Optimized MAE: 4.655203, 
                Val Optimized Typed MAE: 20.704825, 
                Val Hausdorff: 6.193439,
                Atom Type Acc: 16.07%

Epoch 34/200 - Train Loss: 5.699328, 
                Val MAE: 5.057495, Val Optimized MAE: 4.654648, 
                Val Optimized Typed MAE: 20.697046, 
                Val Hausdorff: 6.193572,
                Atom Type Acc: 16.10%

Epoch 35/200 - Train Loss: 5.682397, 
                Val MAE: 5.057467, Val Optimized MAE: 4.654805, 
                Val Optimized Typed MAE: 20.690987, 
                Val Hausdorff: 6.192741,
                Atom Type Acc: 16.13%

Epoch 36/200 - Train Loss: 5.681948, 
                Val MAE: 5.057586, Val Optimized MAE: 4.652591, 
                Val Optimized Typed MAE: 20.722846, 
                Val Hausdorff: 6.192738,
                Atom Type Acc: 15.98%

Epoch 37/200 - Train Loss: 5.692968, 
                Val MAE: 5.057426, Val Optimized MAE: 4.658953, 
                Val Optimized Typed MAE: 20.657032, 
                Val Hausdorff: 6.199390,
                Atom Type Acc: 16.26%

Epoch 38/200 - Train Loss: 5.697413, 
                Val MAE: 5.057615, Val Optimized MAE: 4.652366, 
                Val Optimized Typed MAE: 20.716552, 
                Val Hausdorff: 6.193141,
                Atom Type Acc: 15.94%

Epoch 39/200 - Train Loss: 5.685694, 
                Val MAE: 5.057534, Val Optimized MAE: 4.654713, 
                Val Optimized Typed MAE: 20.687006, 
                Val Hausdorff: 6.195857,
                Atom Type Acc: 16.11%

Epoch 40/200 - Train Loss: 5.680301, 
                Val MAE: 5.057416, Val Optimized MAE: 4.658955, 
                Val Optimized Typed MAE: 20.639723, 
                Val Hausdorff: 6.199800,
                Atom Type Acc: 16.31%

Epoch 41/200 - Train Loss: 5.696054, 
                Val MAE: 5.057412, Val Optimized MAE: 4.657736, 
                Val Optimized Typed MAE: 20.657382, 
                Val Hausdorff: 6.196157,
                Atom Type Acc: 16.30%

Epoch 42/200 - Train Loss: 5.685329, 
                Val MAE: 5.057534, Val Optimized MAE: 4.653161, 
                Val Optimized Typed MAE: 20.698748, 
                Val Hausdorff: 6.191476,
                Atom Type Acc: 16.08%

Epoch 43/200 - Train Loss: 5.689709, 
                Val MAE: 5.057491, Val Optimized MAE: 4.655852, 
                Val Optimized Typed MAE: 20.675331, 
                Val Hausdorff: 6.196184,
                Atom Type Acc: 16.21%

Epoch 44/200 - Train Loss: 5.692688, 
                Val MAE: 5.057583, Val Optimized MAE: 4.651107, 
                Val Optimized Typed MAE: 20.735655, 
                Val Hausdorff: 6.189147,
                Atom Type Acc: 15.92%

Epoch 45/200 - Train Loss: 5.687514, 
                Val MAE: 5.057499, Val Optimized MAE: 4.655125, 
                Val Optimized Typed MAE: 20.675236, 
                Val Hausdorff: 6.194985,
                Atom Type Acc: 16.17%

Epoch 46/200 - Train Loss: 5.699113, 
                Val MAE: 5.057491, Val Optimized MAE: 4.654850, 
                Val Optimized Typed MAE: 20.706771, 
                Val Hausdorff: 6.193621,
                Atom Type Acc: 16.07%

Epoch 47/200 - Train Loss: 5.684885, 
                Val MAE: 5.057487, Val Optimized MAE: 4.657059, 
                Val Optimized Typed MAE: 20.660020, 
                Val Hausdorff: 6.198629,
                Atom Type Acc: 16.21%

Epoch 48/200 - Train Loss: 5.687298, 
                Val MAE: 5.057464, Val Optimized MAE: 4.655510, 
                Val Optimized Typed MAE: 20.697211, 
                Val Hausdorff: 6.194017,
                Atom Type Acc: 16.11%

Epoch 49/200 - Train Loss: 5.684695, 
                Val MAE: 5.057556, Val Optimized MAE: 4.652743, 
                Val Optimized Typed MAE: 20.730781, 
                Val Hausdorff: 6.191274,
                Atom Type Acc: 15.96%

Epoch 50/200 - Train Loss: 5.695669, 
                Val MAE: 5.057538, Val Optimized MAE: 4.653675, 
                Val Optimized Typed MAE: 20.699291, 
                Val Hausdorff: 6.193373,
                Atom Type Acc: 16.08%

Epoch 51/200 - Train Loss: 5.696519, 
                Val MAE: 5.057549, Val Optimized MAE: 4.652161, 
                Val Optimized Typed MAE: 20.721612, 
                Val Hausdorff: 6.189801,
                Atom Type Acc: 15.99%

Epoch 52/200 - Train Loss: 5.693136, 
                Val MAE: 5.057579, Val Optimized MAE: 4.652351, 
                Val Optimized Typed MAE: 20.716117, 
                Val Hausdorff: 6.192129,
                Atom Type Acc: 16.00%

Epoch 53/200 - Train Loss: 5.694941, 
                Val MAE: 5.057512, Val Optimized MAE: 4.655737, 
                Val Optimized Typed MAE: 20.665164, 
                Val Hausdorff: 6.197149,
                Atom Type Acc: 16.19%

Epoch 54/200 - Train Loss: 5.693101, 
                Val MAE: 5.057499, Val Optimized MAE: 4.654033, 
                Val Optimized Typed MAE: 20.693354, 
                Val Hausdorff: 6.192430,
                Atom Type Acc: 16.12%

Epoch 55/200 - Train Loss: 5.688655, 
                Val MAE: 5.057514, Val Optimized MAE: 4.654202, 
                Val Optimized Typed MAE: 20.700531, 
                Val Hausdorff: 6.193566,
                Atom Type Acc: 16.08%

Epoch 56/200 - Train Loss: 5.692472, 
                Val MAE: 5.057607, Val Optimized MAE: 4.653597, 
                Val Optimized Typed MAE: 20.698782, 
                Val Hausdorff: 6.195708,
                Atom Type Acc: 16.03%

Epoch 57/200 - Train Loss: 5.691407, 
                Val MAE: 5.057476, Val Optimized MAE: 4.656114, 
                Val Optimized Typed MAE: 20.673067, 
                Val Hausdorff: 6.196195,
                Atom Type Acc: 16.22%

Epoch 58/200 - Train Loss: 5.688385, 
                Val MAE: 5.057502, Val Optimized MAE: 4.653875, 
                Val Optimized Typed MAE: 20.702663, 
                Val Hausdorff: 6.191522,
                Atom Type Acc: 16.08%

Epoch 59/200 - Train Loss: 5.699534, 
                Val MAE: 5.057539, Val Optimized MAE: 4.652294, 
                Val Optimized Typed MAE: 20.727281, 
                Val Hausdorff: 6.189368,
                Atom Type Acc: 15.97%

Epoch 60/200 - Train Loss: 5.701861, 
                Val MAE: 5.057591, Val Optimized MAE: 4.651334, 
                Val Optimized Typed MAE: 20.742119, 
                Val Hausdorff: 6.190108,
                Atom Type Acc: 15.90%

Epoch 61/200 - Train Loss: 5.691066, 
                Val MAE: 5.057534, Val Optimized MAE: 4.655286, 
                Val Optimized Typed MAE: 20.675030, 
                Val Hausdorff: 6.196069,
                Atom Type Acc: 16.14%

Epoch 62/200 - Train Loss: 5.698661, 
                Val MAE: 5.057591, Val Optimized MAE: 4.652340, 
                Val Optimized Typed MAE: 20.703479, 
                Val Hausdorff: 6.192248,
                Atom Type Acc: 16.06%

Epoch 63/200 - Train Loss: 5.694046, 
                Val MAE: 5.057456, Val Optimized MAE: 4.655360, 
                Val Optimized Typed MAE: 20.690648, 
                Val Hausdorff: 6.193211,
                Atom Type Acc: 16.14%

Epoch 64/200 - Train Loss: 5.690794, 
                Val MAE: 5.057579, Val Optimized MAE: 4.652775, 
                Val Optimized Typed MAE: 20.711776, 
                Val Hausdorff: 6.192931,
                Atom Type Acc: 16.04%

Epoch 65/200 - Train Loss: 5.691817, 
                Val MAE: 5.057466, Val Optimized MAE: 4.655691, 
                Val Optimized Typed MAE: 20.695627, 
                Val Hausdorff: 6.194570,
                Atom Type Acc: 16.12%

Epoch 66/200 - Train Loss: 5.689931, 
                Val MAE: 5.057418, Val Optimized MAE: 4.657731, 
                Val Optimized Typed MAE: 20.656474, 
                Val Hausdorff: 6.196954,
                Atom Type Acc: 16.27%

Epoch 67/200 - Train Loss: 5.693187, 
                Val MAE: 5.057464, Val Optimized MAE: 4.655397, 
                Val Optimized Typed MAE: 20.693110, 
                Val Hausdorff: 6.193691,
                Atom Type Acc: 16.14%

Epoch 68/200 - Train Loss: 5.692256, 
                Val MAE: 5.057649, Val Optimized MAE: 4.652091, 
                Val Optimized Typed MAE: 20.710000, 
                Val Hausdorff: 6.194143,
                Atom Type Acc: 15.96%

Epoch 69/200 - Train Loss: 5.693471, 
                Val MAE: 5.057495, Val Optimized MAE: 4.653544, 
                Val Optimized Typed MAE: 20.704751, 
                Val Hausdorff: 6.191502,
                Atom Type Acc: 16.06%

Epoch 70/200 - Train Loss: 5.693307, 
                Val MAE: 5.057649, Val Optimized MAE: 4.650918, 
                Val Optimized Typed MAE: 20.740337, 
                Val Hausdorff: 6.191546,
                Atom Type Acc: 15.88%

Epoch 71/200 - Train Loss: 5.692499, 
                Val MAE: 5.057493, Val Optimized MAE: 4.654588, 
                Val Optimized Typed MAE: 20.712852, 
                Val Hausdorff: 6.193595,
                Atom Type Acc: 16.04%

Epoch 72/200 - Train Loss: 5.698384, 
                Val MAE: 5.057659, Val Optimized MAE: 4.652351, 
                Val Optimized Typed MAE: 20.716468, 
                Val Hausdorff: 6.194689,
                Atom Type Acc: 15.96%

Epoch 73/200 - Train Loss: 5.685794, 
                Val MAE: 5.057392, Val Optimized MAE: 4.658953, 
                Val Optimized Typed MAE: 20.644240, 
                Val Hausdorff: 6.198204,
                Atom Type Acc: 16.33%

Epoch 74/200 - Train Loss: 5.693616, 
                Val MAE: 5.057547, Val Optimized MAE: 4.653290, 
                Val Optimized Typed MAE: 20.702011, 
                Val Hausdorff: 6.192474,
                Atom Type Acc: 16.07%

Epoch 75/200 - Train Loss: 5.696991, 
                Val MAE: 5.057479, Val Optimized MAE: 4.654668, 
                Val Optimized Typed MAE: 20.696361, 
                Val Hausdorff: 6.192400,
                Atom Type Acc: 16.12%

Epoch 76/200 - Train Loss: 5.687649, 
                Val MAE: 5.057519, Val Optimized MAE: 4.653043, 
                Val Optimized Typed MAE: 20.714500, 
                Val Hausdorff: 6.191008,
                Atom Type Acc: 16.02%

Epoch 77/200 - Train Loss: 5.697575, 
                Val MAE: 5.057568, Val Optimized MAE: 4.652753, 
                Val Optimized Typed MAE: 20.711752, 
                Val Hausdorff: 6.192118,
                Atom Type Acc: 16.04%

Epoch 78/200 - Train Loss: 5.697455, 
                Val MAE: 5.057379, Val Optimized MAE: 4.657748, 
                Val Optimized Typed MAE: 20.652679, 
                Val Hausdorff: 6.195553,
                Atom Type Acc: 16.33%

Epoch 79/200 - Train Loss: 5.688827, 
                Val MAE: 5.057598, Val Optimized MAE: 4.654236, 
                Val Optimized Typed MAE: 20.684391, 
                Val Hausdorff: 6.196402,
                Atom Type Acc: 16.10%

Epoch 80/200 - Train Loss: 5.689968, 
                Val MAE: 5.057536, Val Optimized MAE: 4.653365, 
                Val Optimized Typed MAE: 20.717240, 
                Val Hausdorff: 6.191949,
                Atom Type Acc: 15.99%

Epoch 81/200 - Train Loss: 5.690486, 
                Val MAE: 5.057437, Val Optimized MAE: 4.656560, 
                Val Optimized Typed MAE: 20.678444, 
                Val Hausdorff: 6.195426,
                Atom Type Acc: 16.20%

Epoch 82/200 - Train Loss: 5.683720, 
                Val MAE: 5.057493, Val Optimized MAE: 4.655413, 
                Val Optimized Typed MAE: 20.687479, 
                Val Hausdorff: 6.195381,
                Atom Type Acc: 16.15%

Epoch 83/200 - Train Loss: 5.687565, 
                Val MAE: 5.057418, Val Optimized MAE: 4.658793, 
                Val Optimized Typed MAE: 20.650532, 
                Val Hausdorff: 6.199729,
                Atom Type Acc: 16.27%

Epoch 84/200 - Train Loss: 5.694803, 
                Val MAE: 5.057602, Val Optimized MAE: 4.653324, 
                Val Optimized Typed MAE: 20.695428, 
                Val Hausdorff: 6.194862,
                Atom Type Acc: 16.04%

Epoch 85/200 - Train Loss: 5.687960, 
                Val MAE: 5.057423, Val Optimized MAE: 4.655269, 
                Val Optimized Typed MAE: 20.685099, 
                Val Hausdorff: 6.191094,
                Atom Type Acc: 16.15%

Epoch 86/200 - Train Loss: 5.686386, 
                Val MAE: 5.057458, Val Optimized MAE: 4.655345, 
                Val Optimized Typed MAE: 20.678797, 
                Val Hausdorff: 6.193807,
                Atom Type Acc: 16.17%

Epoch 87/200 - Train Loss: 5.689569, 
                Val MAE: 5.057583, Val Optimized MAE: 4.653220, 
                Val Optimized Typed MAE: 20.701370, 
                Val Hausdorff: 6.193600,
                Atom Type Acc: 16.06%

Epoch 88/200 - Train Loss: 5.689477, 
                Val MAE: 5.057537, Val Optimized MAE: 4.653330, 
                Val Optimized Typed MAE: 20.717035, 
                Val Hausdorff: 6.192483,
                Atom Type Acc: 16.01%

Epoch 89/200 - Train Loss: 5.683548, 
                Val MAE: 5.057438, Val Optimized MAE: 4.655329, 
                Val Optimized Typed MAE: 20.690487, 
                Val Hausdorff: 6.192042,
                Atom Type Acc: 16.13%

Epoch 90/200 - Train Loss: 5.686068, 
                Val MAE: 5.057508, Val Optimized MAE: 4.653384, 
                Val Optimized Typed MAE: 20.702127, 
                Val Hausdorff: 6.190822,
                Atom Type Acc: 16.08%

Epoch 91/200 - Train Loss: 5.694048, 
                Val MAE: 5.057562, Val Optimized MAE: 4.652503, 
                Val Optimized Typed MAE: 20.721080, 
                Val Hausdorff: 6.191764,
                Atom Type Acc: 15.98%

Epoch 92/200 - Train Loss: 5.686060, 
                Val MAE: 5.057503, Val Optimized MAE: 4.654026, 
                Val Optimized Typed MAE: 20.688525, 
                Val Hausdorff: 6.192305,
                Atom Type Acc: 16.12%

Epoch 93/200 - Train Loss: 5.691014, 
                Val MAE: 5.057561, Val Optimized MAE: 4.654725, 
                Val Optimized Typed MAE: 20.687232, 
                Val Hausdorff: 6.196414,
                Atom Type Acc: 16.09%

Epoch 94/200 - Train Loss: 5.687405, 
                Val MAE: 5.057446, Val Optimized MAE: 4.657682, 
                Val Optimized Typed MAE: 20.653386, 
                Val Hausdorff: 6.198441,
                Atom Type Acc: 16.27%

Epoch 95/200 - Train Loss: 5.692704, 
                Val MAE: 5.057604, Val Optimized MAE: 4.651758, 
                Val Optimized Typed MAE: 20.735614, 
                Val Hausdorff: 6.191589,
                Atom Type Acc: 15.91%

Epoch 96/200 - Train Loss: 5.696995, 
                Val MAE: 5.057580, Val Optimized MAE: 4.653134, 
                Val Optimized Typed MAE: 20.692561, 
                Val Hausdorff: 6.193780,
                Atom Type Acc: 16.09%

Epoch 97/200 - Train Loss: 5.694686, 
                Val MAE: 5.057472, Val Optimized MAE: 4.655145, 
                Val Optimized Typed MAE: 20.692062, 
                Val Hausdorff: 6.193683,
                Atom Type Acc: 16.12%

Epoch 98/200 - Train Loss: 5.687174, 
                Val MAE: 5.057546, Val Optimized MAE: 4.653773, 
                Val Optimized Typed MAE: 20.691422, 
                Val Hausdorff: 6.193193,
                Atom Type Acc: 16.11%

Epoch 99/200 - Train Loss: 5.697006, 
                Val MAE: 5.057405, Val Optimized MAE: 4.656962, 
                Val Optimized Typed MAE: 20.670841, 
                Val Hausdorff: 6.194583,
                Atom Type Acc: 16.23%

Epoch 100/200 - Train Loss: 5.687894, 
                Val MAE: 5.057480, Val Optimized MAE: 4.656299, 
                Val Optimized Typed MAE: 20.670178, 
                Val Hausdorff: 6.195949,
                Atom Type Acc: 16.20%

Epoch 101/200 - Train Loss: 5.693146, 
                Val MAE: 5.057636, Val Optimized MAE: 4.652727, 
                Val Optimized Typed MAE: 20.706693, 
                Val Hausdorff: 6.194626,
                Atom Type Acc: 16.00%

Epoch 102/200 - Train Loss: 5.690099, 
                Val MAE: 5.057485, Val Optimized MAE: 4.655072, 
                Val Optimized Typed MAE: 20.697506, 
                Val Hausdorff: 6.194527,
                Atom Type Acc: 16.11%

Epoch 103/200 - Train Loss: 5.688002, 
                Val MAE: 5.057562, Val Optimized MAE: 4.653224, 
                Val Optimized Typed MAE: 20.721929, 
                Val Hausdorff: 6.193146,
                Atom Type Acc: 15.98%

Epoch 104/200 - Train Loss: 5.697842, 
                Val MAE: 5.057568, Val Optimized MAE: 4.652098, 
                Val Optimized Typed MAE: 20.719179, 
                Val Hausdorff: 6.191215,
                Atom Type Acc: 15.98%

Epoch 105/200 - Train Loss: 5.694073, 
                Val MAE: 5.057527, Val Optimized MAE: 4.653195, 
                Val Optimized Typed MAE: 20.702748, 
                Val Hausdorff: 6.191428,
                Atom Type Acc: 16.05%

Epoch 106/200 - Train Loss: 5.691795, 
                Val MAE: 5.057518, Val Optimized MAE: 4.653919, 
                Val Optimized Typed MAE: 20.693168, 
                Val Hausdorff: 6.192828,
                Atom Type Acc: 16.10%

Epoch 107/200 - Train Loss: 5.699984, 
                Val MAE: 5.057429, Val Optimized MAE: 4.654329, 
                Val Optimized Typed MAE: 20.709533, 
                Val Hausdorff: 6.188959,
                Atom Type Acc: 16.10%

Epoch 108/200 - Train Loss: 5.691565, 
                Val MAE: 5.057683, Val Optimized MAE: 4.651825, 
                Val Optimized Typed MAE: 20.708864, 
                Val Hausdorff: 6.194522,
                Atom Type Acc: 15.99%

Epoch 109/200 - Train Loss: 5.692613, 
                Val MAE: 5.057536, Val Optimized MAE: 4.655156, 
                Val Optimized Typed MAE: 20.664556, 
                Val Hausdorff: 6.195980,
                Atom Type Acc: 16.20%

Epoch 110/200 - Train Loss: 5.696806, 
                Val MAE: 5.057532, Val Optimized MAE: 4.654296, 
                Val Optimized Typed MAE: 20.711796, 
                Val Hausdorff: 6.194360,
                Atom Type Acc: 16.03%

Epoch 111/200 - Train Loss: 5.693411, 
                Val MAE: 5.057426, Val Optimized MAE: 4.655641, 
                Val Optimized Typed MAE: 20.686166, 
                Val Hausdorff: 6.192196,
                Atom Type Acc: 16.16%

Epoch 112/200 - Train Loss: 5.695827, 
                Val MAE: 5.057512, Val Optimized MAE: 4.653962, 
                Val Optimized Typed MAE: 20.702760, 
                Val Hausdorff: 6.192239,
                Atom Type Acc: 16.06%

Epoch 113/200 - Train Loss: 5.697948, 
                Val MAE: 5.057597, Val Optimized MAE: 4.652788, 
                Val Optimized Typed MAE: 20.706491, 
                Val Hausdorff: 6.193551,
                Atom Type Acc: 16.02%

Epoch 114/200 - Train Loss: 5.688265, 
                Val MAE: 5.057465, Val Optimized MAE: 4.655507, 
                Val Optimized Typed MAE: 20.685321, 
                Val Hausdorff: 6.193720,
                Atom Type Acc: 16.16%

Epoch 115/200 - Train Loss: 5.689040, 
                Val MAE: 5.057573, Val Optimized MAE: 4.652922, 
                Val Optimized Typed MAE: 20.701777, 
                Val Hausdorff: 6.192941,
                Atom Type Acc: 16.08%

Epoch 116/200 - Train Loss: 5.692324, 
                Val MAE: 5.057661, Val Optimized MAE: 4.651000, 
                Val Optimized Typed MAE: 20.720753, 
                Val Hausdorff: 6.192169,
                Atom Type Acc: 15.94%

Epoch 117/200 - Train Loss: 5.686962, 
                Val MAE: 5.057511, Val Optimized MAE: 4.655987, 
                Val Optimized Typed MAE: 20.668548, 
                Val Hausdorff: 6.196927,
                Atom Type Acc: 16.17%

Epoch 118/200 - Train Loss: 5.694234, 
                Val MAE: 5.057535, Val Optimized MAE: 4.652749, 
                Val Optimized Typed MAE: 20.705555, 
                Val Hausdorff: 6.190278,
                Atom Type Acc: 16.06%

Epoch 119/200 - Train Loss: 5.680692, 
                Val MAE: 5.057374, Val Optimized MAE: 4.658131, 
                Val Optimized Typed MAE: 20.649079, 
                Val Hausdorff: 6.195987,
                Atom Type Acc: 16.33%

Epoch 120/200 - Train Loss: 5.692755, 
                Val MAE: 5.057559, Val Optimized MAE: 4.654040, 
                Val Optimized Typed MAE: 20.690373, 
                Val Hausdorff: 6.194898,
                Atom Type Acc: 16.06%

Epoch 121/200 - Train Loss: 5.681267, 
                Val MAE: 5.057552, Val Optimized MAE: 4.652873, 
                Val Optimized Typed MAE: 20.707958, 
                Val Hausdorff: 6.191767,
                Atom Type Acc: 16.04%

Epoch 122/200 - Train Loss: 5.697362, 
                Val MAE: 5.057627, Val Optimized MAE: 4.652544, 
                Val Optimized Typed MAE: 20.708925, 
                Val Hausdorff: 6.194524,
                Atom Type Acc: 16.00%

Epoch 123/200 - Train Loss: 5.682795, 
                Val MAE: 5.057538, Val Optimized MAE: 4.653029, 
                Val Optimized Typed MAE: 20.719324, 
                Val Hausdorff: 6.190889,
                Atom Type Acc: 15.99%

Epoch 124/200 - Train Loss: 5.692679, 
                Val MAE: 5.057498, Val Optimized MAE: 4.655717, 
                Val Optimized Typed MAE: 20.671281, 
                Val Hausdorff: 6.195897,
                Atom Type Acc: 16.21%

Epoch 125/200 - Train Loss: 5.688604, 
                Val MAE: 5.057508, Val Optimized MAE: 4.654598, 
                Val Optimized Typed MAE: 20.695397, 
                Val Hausdorff: 6.194380,
                Atom Type Acc: 16.10%

Epoch 126/200 - Train Loss: 5.694168, 
                Val MAE: 5.057452, Val Optimized MAE: 4.655594, 
                Val Optimized Typed MAE: 20.686996, 
                Val Hausdorff: 6.193838,
                Atom Type Acc: 16.13%

Epoch 127/200 - Train Loss: 5.691173, 
                Val MAE: 5.057366, Val Optimized MAE: 4.655778, 
                Val Optimized Typed MAE: 20.690265, 
                Val Hausdorff: 6.190135,
                Atom Type Acc: 16.15%

Epoch 128/200 - Train Loss: 5.689123, 
                Val MAE: 5.057633, Val Optimized MAE: 4.652932, 
                Val Optimized Typed MAE: 20.693286, 
                Val Hausdorff: 6.195051,
                Atom Type Acc: 16.05%

Epoch 129/200 - Train Loss: 5.691071, 
                Val MAE: 5.057682, Val Optimized MAE: 4.654795, 
                Val Optimized Typed MAE: 20.680793, 
                Val Hausdorff: 6.200193,
                Atom Type Acc: 16.06%

Epoch 130/200 - Train Loss: 5.696989, 
                Val MAE: 5.057368, Val Optimized MAE: 4.658762, 
                Val Optimized Typed MAE: 20.641813, 
                Val Hausdorff: 6.196808,
                Atom Type Acc: 16.38%

Epoch 131/200 - Train Loss: 5.684833, 
                Val MAE: 5.057559, Val Optimized MAE: 4.654371, 
                Val Optimized Typed MAE: 20.684576, 
                Val Hausdorff: 6.195306,
                Atom Type Acc: 16.10%

Epoch 132/200 - Train Loss: 5.689683, 
                Val MAE: 5.057513, Val Optimized MAE: 4.655653, 
                Val Optimized Typed MAE: 20.659477, 
                Val Hausdorff: 6.196697,
                Atom Type Acc: 16.21%

Epoch 133/200 - Train Loss: 5.696411, 
                Val MAE: 5.057616, Val Optimized MAE: 4.651977, 
                Val Optimized Typed MAE: 20.714451, 
                Val Hausdorff: 6.192761,
                Atom Type Acc: 15.98%

Epoch 134/200 - Train Loss: 5.694723, 
                Val MAE: 5.057442, Val Optimized MAE: 4.657666, 
                Val Optimized Typed MAE: 20.652598, 
                Val Hausdorff: 6.198266,
                Atom Type Acc: 16.26%

Epoch 135/200 - Train Loss: 5.691570, 
                Val MAE: 5.057508, Val Optimized MAE: 4.653584, 
                Val Optimized Typed MAE: 20.707145, 
                Val Hausdorff: 6.191479,
                Atom Type Acc: 16.04%

Epoch 136/200 - Train Loss: 5.696358, 
                Val MAE: 5.057623, Val Optimized MAE: 4.650887, 
                Val Optimized Typed MAE: 20.734544, 
                Val Hausdorff: 6.190844,
                Atom Type Acc: 15.94%

Epoch 137/200 - Train Loss: 5.690000, 
                Val MAE: 5.057554, Val Optimized MAE: 4.653412, 
                Val Optimized Typed MAE: 20.709371, 
                Val Hausdorff: 6.193156,
                Atom Type Acc: 16.04%

Epoch 138/200 - Train Loss: 5.682077, 
                Val MAE: 5.057611, Val Optimized MAE: 4.651101, 
                Val Optimized Typed MAE: 20.729225, 
                Val Hausdorff: 6.190608,
                Atom Type Acc: 15.98%

Epoch 139/200 - Train Loss: 5.689978, 
                Val MAE: 5.057701, Val Optimized MAE: 4.649000, 
                Val Optimized Typed MAE: 20.750326, 
                Val Hausdorff: 6.189533,
                Atom Type Acc: 15.85%

Epoch 140/200 - Train Loss: 5.693803, 
                Val MAE: 5.057501, Val Optimized MAE: 4.654694, 
                Val Optimized Typed MAE: 20.705778, 
                Val Hausdorff: 6.193554,
                Atom Type Acc: 16.06%

Epoch 141/200 - Train Loss: 5.700213, 
                Val MAE: 5.057568, Val Optimized MAE: 4.653909, 
                Val Optimized Typed MAE: 20.691041, 
                Val Hausdorff: 6.195195,
                Atom Type Acc: 16.09%

Epoch 142/200 - Train Loss: 5.695490, 
                Val MAE: 5.057630, Val Optimized MAE: 4.651765, 
                Val Optimized Typed MAE: 20.731022, 
                Val Hausdorff: 6.192880,
                Atom Type Acc: 15.89%

Epoch 143/200 - Train Loss: 5.689322, 
                Val MAE: 5.057533, Val Optimized MAE: 4.653515, 
                Val Optimized Typed MAE: 20.711739, 
                Val Hausdorff: 6.193325,
                Atom Type Acc: 16.03%

Epoch 144/200 - Train Loss: 5.687658, 
                Val MAE: 5.057496, Val Optimized MAE: 4.654369, 
                Val Optimized Typed MAE: 20.707843, 
                Val Hausdorff: 6.192727,
                Atom Type Acc: 16.05%

Epoch 145/200 - Train Loss: 5.694240, 
                Val MAE: 5.057438, Val Optimized MAE: 4.656771, 
                Val Optimized Typed MAE: 20.671513, 
                Val Hausdorff: 6.195630,
                Atom Type Acc: 16.23%

Epoch 146/200 - Train Loss: 5.690935, 
                Val MAE: 5.057458, Val Optimized MAE: 4.658406, 
                Val Optimized Typed MAE: 20.643983, 
                Val Hausdorff: 6.199766,
                Atom Type Acc: 16.30%

Epoch 147/200 - Train Loss: 5.691233, 
                Val MAE: 5.057554, Val Optimized MAE: 4.652223, 
                Val Optimized Typed MAE: 20.727276, 
                Val Hausdorff: 6.190320,
                Atom Type Acc: 15.95%

Epoch 148/200 - Train Loss: 5.690969, 
                Val MAE: 5.057530, Val Optimized MAE: 4.654318, 
                Val Optimized Typed MAE: 20.703015, 
                Val Hausdorff: 6.194685,
                Atom Type Acc: 16.09%

Epoch 149/200 - Train Loss: 5.692091, 
                Val MAE: 5.057464, Val Optimized MAE: 4.656340, 
                Val Optimized Typed MAE: 20.676550, 
                Val Hausdorff: 6.195694,
                Atom Type Acc: 16.21%

Epoch 150/200 - Train Loss: 5.684294, 
                Val MAE: 5.057556, Val Optimized MAE: 4.654005, 
                Val Optimized Typed MAE: 20.687888, 
                Val Hausdorff: 6.194895,
                Atom Type Acc: 16.11%

Epoch 151/200 - Train Loss: 5.689554, 
                Val MAE: 5.057762, Val Optimized MAE: 4.649088, 
                Val Optimized Typed MAE: 20.752273, 
                Val Hausdorff: 6.191929,
                Atom Type Acc: 15.76%

Epoch 152/200 - Train Loss: 5.685737, 
                Val MAE: 5.057471, Val Optimized MAE: 4.656212, 
                Val Optimized Typed MAE: 20.656512, 
                Val Hausdorff: 6.195548,
                Atom Type Acc: 16.27%

Epoch 153/200 - Train Loss: 5.690091, 
                Val MAE: 5.057609, Val Optimized MAE: 4.652919, 
                Val Optimized Typed MAE: 20.694183, 
                Val Hausdorff: 6.194471,
                Atom Type Acc: 16.05%

Epoch 154/200 - Train Loss: 5.695684, 
                Val MAE: 5.057527, Val Optimized MAE: 4.653992, 
                Val Optimized Typed MAE: 20.712995, 
                Val Hausdorff: 6.193777,
                Atom Type Acc: 16.03%

Epoch 155/200 - Train Loss: 5.690288, 
                Val MAE: 5.057369, Val Optimized MAE: 4.658347, 
                Val Optimized Typed MAE: 20.638230, 
                Val Hausdorff: 6.195737,
                Atom Type Acc: 16.39%

Epoch 156/200 - Train Loss: 5.696955, 
                Val MAE: 5.057616, Val Optimized MAE: 4.651410, 
                Val Optimized Typed MAE: 20.737361, 
                Val Hausdorff: 6.191580,
                Atom Type Acc: 15.93%

Epoch 157/200 - Train Loss: 5.688746, 
                Val MAE: 5.057628, Val Optimized MAE: 4.653181, 
                Val Optimized Typed MAE: 20.698337, 
                Val Hausdorff: 6.195568,
                Atom Type Acc: 16.06%

Epoch 158/200 - Train Loss: 5.705613, 
                Val MAE: 5.057549, Val Optimized MAE: 4.654590, 
                Val Optimized Typed MAE: 20.683031, 
                Val Hausdorff: 6.195846,
                Atom Type Acc: 16.11%

Epoch 159/200 - Train Loss: 5.688421, 
                Val MAE: 5.057559, Val Optimized MAE: 4.650953, 
                Val Optimized Typed MAE: 20.737784, 
                Val Hausdorff: 6.187473,
                Atom Type Acc: 15.92%

Epoch 160/200 - Train Loss: 5.693872, 
                Val MAE: 5.057598, Val Optimized MAE: 4.654024, 
                Val Optimized Typed MAE: 20.681808, 
                Val Hausdorff: 6.195804,
                Atom Type Acc: 16.11%

Epoch 161/200 - Train Loss: 5.688926, 
                Val MAE: 5.057639, Val Optimized MAE: 4.651738, 
                Val Optimized Typed MAE: 20.721505, 
                Val Hausdorff: 6.192905,
                Atom Type Acc: 15.92%

Epoch 162/200 - Train Loss: 5.688353, 
                Val MAE: 5.057703, Val Optimized MAE: 4.652388, 
                Val Optimized Typed MAE: 20.702282, 
                Val Hausdorff: 6.196133,
                Atom Type Acc: 15.99%

Epoch 163/200 - Train Loss: 5.688267, 
                Val MAE: 5.057553, Val Optimized MAE: 4.656765, 
                Val Optimized Typed MAE: 20.659147, 
                Val Hausdorff: 6.200045,
                Atom Type Acc: 16.21%

Epoch 164/200 - Train Loss: 5.692022, 
                Val MAE: 5.057515, Val Optimized MAE: 4.654793, 
                Val Optimized Typed MAE: 20.660830, 
                Val Hausdorff: 6.194841,
                Atom Type Acc: 16.23%

Epoch 165/200 - Train Loss: 5.690645, 
                Val MAE: 5.057500, Val Optimized MAE: 4.654630, 
                Val Optimized Typed MAE: 20.690764, 
                Val Hausdorff: 6.193710,
                Atom Type Acc: 16.14%

Epoch 166/200 - Train Loss: 5.694352, 
                Val MAE: 5.057453, Val Optimized MAE: 4.656414, 
                Val Optimized Typed MAE: 20.670345, 
                Val Hausdorff: 6.195334,
                Atom Type Acc: 16.23%

Epoch 167/200 - Train Loss: 5.688696, 
                Val MAE: 5.057572, Val Optimized MAE: 4.653008, 
                Val Optimized Typed MAE: 20.706686, 
                Val Hausdorff: 6.192862,
                Atom Type Acc: 16.03%

Epoch 168/200 - Train Loss: 5.686823, 
                Val MAE: 5.057384, Val Optimized MAE: 4.658022, 
                Val Optimized Typed MAE: 20.652935, 
                Val Hausdorff: 6.196336,
                Atom Type Acc: 16.32%

Epoch 169/200 - Train Loss: 5.698878, 
                Val MAE: 5.057583, Val Optimized MAE: 4.653653, 
                Val Optimized Typed MAE: 20.690180, 
                Val Hausdorff: 6.195096,
                Atom Type Acc: 16.08%

Epoch 170/200 - Train Loss: 5.683791, 
                Val MAE: 5.057564, Val Optimized MAE: 4.653282, 
                Val Optimized Typed MAE: 20.692641, 
                Val Hausdorff: 6.193424,
                Atom Type Acc: 16.10%

Epoch 171/200 - Train Loss: 5.693526, 
                Val MAE: 5.057502, Val Optimized MAE: 4.655449, 
                Val Optimized Typed MAE: 20.667756, 
                Val Hausdorff: 6.195572,
                Atom Type Acc: 16.22%

Epoch 172/200 - Train Loss: 5.693902, 
                Val MAE: 5.057488, Val Optimized MAE: 4.653360, 
                Val Optimized Typed MAE: 20.707838, 
                Val Hausdorff: 6.189921,
                Atom Type Acc: 16.07%

Epoch 173/200 - Train Loss: 5.691514, 
                Val MAE: 5.057645, Val Optimized MAE: 4.651844, 
                Val Optimized Typed MAE: 20.717736, 
                Val Hausdorff: 6.193170,
                Atom Type Acc: 15.96%

Epoch 174/200 - Train Loss: 5.687093, 
                Val MAE: 5.057502, Val Optimized MAE: 4.654479, 
                Val Optimized Typed MAE: 20.688133, 
                Val Hausdorff: 6.193032,
                Atom Type Acc: 16.13%

Epoch 175/200 - Train Loss: 5.697488, 
                Val MAE: 5.057503, Val Optimized MAE: 4.656575, 
                Val Optimized Typed MAE: 20.662819, 
                Val Hausdorff: 6.197845,
                Atom Type Acc: 16.20%

Epoch 176/200 - Train Loss: 5.689468, 
                Val MAE: 5.057480, Val Optimized MAE: 4.656625, 
                Val Optimized Typed MAE: 20.678519, 
                Val Hausdorff: 6.197256,
                Atom Type Acc: 16.15%

Epoch 177/200 - Train Loss: 5.684907, 
                Val MAE: 5.057530, Val Optimized MAE: 4.653264, 
                Val Optimized Typed MAE: 20.703617, 
                Val Hausdorff: 6.192293,
                Atom Type Acc: 16.05%

Epoch 178/200 - Train Loss: 5.696651, 
                Val MAE: 5.057528, Val Optimized MAE: 4.654900, 
                Val Optimized Typed MAE: 20.673677, 
                Val Hausdorff: 6.195395,
                Atom Type Acc: 16.17%

Epoch 179/200 - Train Loss: 5.688109, 
                Val MAE: 5.057642, Val Optimized MAE: 4.650495, 
                Val Optimized Typed MAE: 20.751683, 
                Val Hausdorff: 6.190129,
                Atom Type Acc: 15.87%

Epoch 180/200 - Train Loss: 5.683595, 
                Val MAE: 5.057376, Val Optimized MAE: 4.657115, 
                Val Optimized Typed MAE: 20.667087, 
                Val Hausdorff: 6.193441,
                Atom Type Acc: 16.24%

Epoch 181/200 - Train Loss: 5.690689, 
                Val MAE: 5.057766, Val Optimized MAE: 4.648986, 
                Val Optimized Typed MAE: 20.736201, 
                Val Hausdorff: 6.191545,
                Atom Type Acc: 15.85%

Epoch 182/200 - Train Loss: 5.687509, 
                Val MAE: 5.057493, Val Optimized MAE: 4.654655, 
                Val Optimized Typed MAE: 20.675619, 
                Val Hausdorff: 6.193299,
                Atom Type Acc: 16.16%

Epoch 183/200 - Train Loss: 5.701155, 
                Val MAE: 5.057602, Val Optimized MAE: 4.653166, 
                Val Optimized Typed MAE: 20.692854, 
                Val Hausdorff: 6.194935,
                Atom Type Acc: 16.06%

Epoch 184/200 - Train Loss: 5.694019, 
                Val MAE: 5.057584, Val Optimized MAE: 4.654974, 
                Val Optimized Typed MAE: 20.684252, 
                Val Hausdorff: 6.197672,
                Atom Type Acc: 16.10%

Epoch 185/200 - Train Loss: 5.692778, 
                Val MAE: 5.057579, Val Optimized MAE: 4.652888, 
                Val Optimized Typed MAE: 20.719266, 
                Val Hausdorff: 6.193200,
                Atom Type Acc: 15.99%

Epoch 186/200 - Train Loss: 5.695489, 
                Val MAE: 5.057633, Val Optimized MAE: 4.651171, 
                Val Optimized Typed MAE: 20.722354, 
                Val Hausdorff: 6.191099,
                Atom Type Acc: 15.97%

Epoch 187/200 - Train Loss: 5.688833, 
                Val MAE: 5.057408, Val Optimized MAE: 4.655669, 
                Val Optimized Typed MAE: 20.679930, 
                Val Hausdorff: 6.191572,
                Atom Type Acc: 16.19%

Epoch 188/200 - Train Loss: 5.685391, 
                Val MAE: 5.057516, Val Optimized MAE: 4.656266, 
                Val Optimized Typed MAE: 20.669693, 
                Val Hausdorff: 6.198107,
                Atom Type Acc: 16.17%

Epoch 189/200 - Train Loss: 5.693723, 
                Val MAE: 5.057395, Val Optimized MAE: 4.659060, 
                Val Optimized Typed MAE: 20.645108, 
                Val Hausdorff: 6.199276,
                Atom Type Acc: 16.31%

Epoch 190/200 - Train Loss: 5.686081, 
                Val MAE: 5.057562, Val Optimized MAE: 4.652496, 
                Val Optimized Typed MAE: 20.706064, 
                Val Hausdorff: 6.191330,
                Atom Type Acc: 16.04%

Epoch 191/200 - Train Loss: 5.688098, 
                Val MAE: 5.057497, Val Optimized MAE: 4.655789, 
                Val Optimized Typed MAE: 20.669696, 
                Val Hausdorff: 6.195649,
                Atom Type Acc: 16.22%

Epoch 192/200 - Train Loss: 5.693395, 
                Val MAE: 5.057500, Val Optimized MAE: 4.653965, 
                Val Optimized Typed MAE: 20.701979, 
                Val Hausdorff: 6.191748,
                Atom Type Acc: 16.07%

Epoch 193/200 - Train Loss: 5.689162, 
                Val MAE: 5.057485, Val Optimized MAE: 4.655541, 
                Val Optimized Typed MAE: 20.709028, 
                Val Hausdorff: 6.194850,
                Atom Type Acc: 16.08%

Epoch 194/200 - Train Loss: 5.690206, 
                Val MAE: 5.057655, Val Optimized MAE: 4.651252, 
                Val Optimized Typed MAE: 20.723409, 
                Val Hausdorff: 6.193251,
                Atom Type Acc: 15.92%

Epoch 195/200 - Train Loss: 5.697462, 
                Val MAE: 5.057413, Val Optimized MAE: 4.656327, 
                Val Optimized Typed MAE: 20.674205, 
                Val Hausdorff: 6.193624,
                Atom Type Acc: 16.20%

Epoch 196/200 - Train Loss: 5.694928, 
                Val MAE: 5.057405, Val Optimized MAE: 4.655469, 
                Val Optimized Typed MAE: 20.677388, 
                Val Hausdorff: 6.191249,
                Atom Type Acc: 16.21%

Epoch 197/200 - Train Loss: 5.693784, 
                Val MAE: 5.057685, Val Optimized MAE: 4.649763, 
                Val Optimized Typed MAE: 20.753614, 
                Val Hausdorff: 6.190429,
                Atom Type Acc: 15.82%

Epoch 198/200 - Train Loss: 5.689926, 
                Val MAE: 5.057579, Val Optimized MAE: 4.653303, 
                Val Optimized Typed MAE: 20.703908, 
                Val Hausdorff: 6.193981,
                Atom Type Acc: 16.03%

Epoch 199/200 - Train Loss: 5.691737, 
                Val MAE: 5.057484, Val Optimized MAE: 4.654521, 
                Val Optimized Typed MAE: 20.693790, 
                Val Hausdorff: 6.193335,
                Atom Type Acc: 16.10%

Epoch 200/200 - Train Loss: 5.691759, 
                Val MAE: 5.057680, Val Optimized MAE: 4.651964, 
                Val Optimized Typed MAE: 20.702742, 
                Val Hausdorff: 6.194571,
                Atom Type Acc: 16.01%
Training complete. Model saved to 'mlp_results/AbsPositionRegressionXPDF_20250515_030426_job6075_task0/samples/training_samples/pos_abs_layers3_hidden512_lr0.001_epochs200_batch32_cond6000_with_atoms_20250515-030428/mlp_model.pt'
Test MAE: 5.0596, 
        Test Optimized MAE: 4.6597, 
        Test Optimized Typed MAE: 20.9942, 
        Test Hausdorff: 6.2054, 
        Test Atom Type Accuracy: 14.91%
Final test MAE: 5.0596, Test Hausdorff: 6.2054, Test Optimized MAE: 4.6597, Test Optimized Typed MAE: 20.9942, Test Atom Type Accuracy: 14.91%
Final metrics saved to mlp_results/AbsPositionRegressionXPDF_20250515_030426_job6075_task0/samples/training_samples/pos_abs_layers3_hidden512_lr0.001_epochs200_batch32_cond6000_with_atoms_20250515-030428/final_metrics.csv
----------------------------------------
Completed job with config file: configs/mlp_xpdf_abs_base.yaml
----------------------------------------

----------------------------------------
Starting job with config file: configs/mlp_xpdf_frac_base.yaml
----------------------------------------
Running experiment with model type: MLP
Loaded atom mapping with 54 categories for visualization
Using device: cuda:0

Epoch 1/200 - Train Loss: 4.244940, 
                Val MAE: 1.267652, Val Optimized MAE: 1.177640, 
                Val Optimized Typed MAE: 17.342392, 
                Val Hausdorff: 1.839401,
                Atom Type Acc: 15.89%

Epoch 2/200 - Train Loss: 4.013067, 
                Val MAE: 1.265862, Val Optimized MAE: 1.196912, 
                Val Optimized Typed MAE: 17.592292, 
                Val Hausdorff: 1.874463,
                Atom Type Acc: 14.64%

Epoch 3/200 - Train Loss: 3.942559, 
                Val MAE: 1.265532, Val Optimized MAE: 1.197701, 
                Val Optimized Typed MAE: 17.350188, 
                Val Hausdorff: 1.879107,
                Atom Type Acc: 15.65%

Epoch 4/200 - Train Loss: 3.921235, 
                Val MAE: 1.265467, Val Optimized MAE: 1.198768, 
                Val Optimized Typed MAE: 17.321780, 
                Val Hausdorff: 1.884270,
                Atom Type Acc: 15.84%

Epoch 5/200 - Train Loss: 3.917587, 
                Val MAE: 1.265420, Val Optimized MAE: 1.197541, 
                Val Optimized Typed MAE: 17.285591, 
                Val Hausdorff: 1.881980,
                Atom Type Acc: 15.92%

Epoch 6/200 - Train Loss: 3.918327, 
                Val MAE: 1.265469, Val Optimized MAE: 1.199677, 
                Val Optimized Typed MAE: 17.275927, 
                Val Hausdorff: 1.885215,
                Atom Type Acc: 16.05%

Epoch 7/200 - Train Loss: 3.912309, 
                Val MAE: 1.265435, Val Optimized MAE: 1.198950, 
                Val Optimized Typed MAE: 17.282290, 
                Val Hausdorff: 1.883961,
                Atom Type Acc: 15.96%

Epoch 8/200 - Train Loss: 3.909678, 
                Val MAE: 1.265460, Val Optimized MAE: 1.198829, 
                Val Optimized Typed MAE: 17.321057, 
                Val Hausdorff: 1.883944,
                Atom Type Acc: 15.83%

Epoch 9/200 - Train Loss: 3.913482, 
                Val MAE: 1.265458, Val Optimized MAE: 1.199025, 
                Val Optimized Typed MAE: 17.321252, 
                Val Hausdorff: 1.884291,
                Atom Type Acc: 15.85%

Epoch 10/200 - Train Loss: 3.919126, 
                Val MAE: 1.265432, Val Optimized MAE: 1.198589, 
                Val Optimized Typed MAE: 17.285867, 
                Val Hausdorff: 1.883473,
                Atom Type Acc: 15.92%

Epoch 11/200 - Train Loss: 3.906362, 
                Val MAE: 1.265457, Val Optimized MAE: 1.198640, 
                Val Optimized Typed MAE: 17.357340, 
                Val Hausdorff: 1.883710,
                Atom Type Acc: 15.67%

Epoch 12/200 - Train Loss: 3.917103, 
                Val MAE: 1.265427, Val Optimized MAE: 1.198306, 
                Val Optimized Typed MAE: 17.311756, 
                Val Hausdorff: 1.883105,
                Atom Type Acc: 15.83%

Epoch 13/200 - Train Loss: 3.919581, 
                Val MAE: 1.265453, Val Optimized MAE: 1.198760, 
                Val Optimized Typed MAE: 17.332097, 
                Val Hausdorff: 1.883626,
                Atom Type Acc: 15.77%

Epoch 14/200 - Train Loss: 3.921270, 
                Val MAE: 1.265443, Val Optimized MAE: 1.198322, 
                Val Optimized Typed MAE: 17.310222, 
                Val Hausdorff: 1.883255,
                Atom Type Acc: 15.83%

Epoch 15/200 - Train Loss: 3.927270, 
                Val MAE: 1.265444, Val Optimized MAE: 1.198264, 
                Val Optimized Typed MAE: 17.318082, 
                Val Hausdorff: 1.883237,
                Atom Type Acc: 15.79%

Epoch 16/200 - Train Loss: 3.915167, 
                Val MAE: 1.265420, Val Optimized MAE: 1.199263, 
                Val Optimized Typed MAE: 17.243695, 
                Val Hausdorff: 1.884531,
                Atom Type Acc: 16.14%

Epoch 17/200 - Train Loss: 3.917662, 
                Val MAE: 1.265434, Val Optimized MAE: 1.198435, 
                Val Optimized Typed MAE: 17.300004, 
                Val Hausdorff: 1.883343,
                Atom Type Acc: 15.88%

Epoch 18/200 - Train Loss: 3.925179, 
                Val MAE: 1.265435, Val Optimized MAE: 1.197983, 
                Val Optimized Typed MAE: 17.346345, 
                Val Hausdorff: 1.882707,
                Atom Type Acc: 15.69%

Epoch 19/200 - Train Loss: 3.917264, 
                Val MAE: 1.265443, Val Optimized MAE: 1.198306, 
                Val Optimized Typed MAE: 17.310199, 
                Val Hausdorff: 1.883345,
                Atom Type Acc: 15.81%

Epoch 20/200 - Train Loss: 3.915356, 
                Val MAE: 1.265452, Val Optimized MAE: 1.198854, 
                Val Optimized Typed MAE: 17.333761, 
                Val Hausdorff: 1.883936,
                Atom Type Acc: 15.77%

Epoch 21/200 - Train Loss: 3.923207, 
                Val MAE: 1.265441, Val Optimized MAE: 1.198662, 
                Val Optimized Typed MAE: 17.320879, 
                Val Hausdorff: 1.883663,
                Atom Type Acc: 15.81%

Epoch 22/200 - Train Loss: 3.915053, 
                Val MAE: 1.265424, Val Optimized MAE: 1.198376, 
                Val Optimized Typed MAE: 17.305473, 
                Val Hausdorff: 1.883351,
                Atom Type Acc: 15.85%

Epoch 23/200 - Train Loss: 3.918629, 
                Val MAE: 1.265437, Val Optimized MAE: 1.198350, 
                Val Optimized Typed MAE: 17.322926, 
                Val Hausdorff: 1.883315,
                Atom Type Acc: 15.78%

Epoch 24/200 - Train Loss: 3.924216, 
                Val MAE: 1.265430, Val Optimized MAE: 1.198576, 
                Val Optimized Typed MAE: 17.304103, 
                Val Hausdorff: 1.883525,
                Atom Type Acc: 15.89%

Epoch 25/200 - Train Loss: 3.917923, 
                Val MAE: 1.265448, Val Optimized MAE: 1.198567, 
                Val Optimized Typed MAE: 17.322384, 
                Val Hausdorff: 1.883380,
                Atom Type Acc: 15.79%

Epoch 26/200 - Train Loss: 3.922332, 
                Val MAE: 1.265426, Val Optimized MAE: 1.198256, 
                Val Optimized Typed MAE: 17.313312, 
                Val Hausdorff: 1.883226,
                Atom Type Acc: 15.81%

Epoch 27/200 - Train Loss: 3.913833, 
                Val MAE: 1.265424, Val Optimized MAE: 1.198838, 
                Val Optimized Typed MAE: 17.263927, 
                Val Hausdorff: 1.883890,
                Atom Type Acc: 16.04%

Epoch 28/200 - Train Loss: 3.912316, 
                Val MAE: 1.265450, Val Optimized MAE: 1.198641, 
                Val Optimized Typed MAE: 17.354978, 
                Val Hausdorff: 1.883869,
                Atom Type Acc: 15.68%

Epoch 29/200 - Train Loss: 3.920463, 
                Val MAE: 1.265446, Val Optimized MAE: 1.198600, 
                Val Optimized Typed MAE: 17.356527, 
                Val Hausdorff: 1.883691,
                Atom Type Acc: 15.67%

Epoch 30/200 - Train Loss: 3.913608, 
                Val MAE: 1.265458, Val Optimized MAE: 1.199127, 
                Val Optimized Typed MAE: 17.318174, 
                Val Hausdorff: 1.884280,
                Atom Type Acc: 15.85%

Epoch 31/200 - Train Loss: 3.914896, 
                Val MAE: 1.265443, Val Optimized MAE: 1.198906, 
                Val Optimized Typed MAE: 17.305266, 
                Val Hausdorff: 1.883831,
                Atom Type Acc: 15.90%

Epoch 32/200 - Train Loss: 3.913701, 
                Val MAE: 1.265449, Val Optimized MAE: 1.198846, 
                Val Optimized Typed MAE: 17.316300, 
                Val Hausdorff: 1.883633,
                Atom Type Acc: 15.84%

Epoch 33/200 - Train Loss: 3.915483, 
                Val MAE: 1.265443, Val Optimized MAE: 1.198545, 
                Val Optimized Typed MAE: 17.308047, 
                Val Hausdorff: 1.883445,
                Atom Type Acc: 15.86%

Epoch 34/200 - Train Loss: 3.918766, 
                Val MAE: 1.265431, Val Optimized MAE: 1.198935, 
                Val Optimized Typed MAE: 17.271931, 
                Val Hausdorff: 1.884177,
                Atom Type Acc: 16.00%

Epoch 35/200 - Train Loss: 3.910657, 
                Val MAE: 1.265432, Val Optimized MAE: 1.198595, 
                Val Optimized Typed MAE: 17.296210, 
                Val Hausdorff: 1.883489,
                Atom Type Acc: 15.89%

Epoch 36/200 - Train Loss: 3.913757, 
                Val MAE: 1.265441, Val Optimized MAE: 1.198723, 
                Val Optimized Typed MAE: 17.332866, 
                Val Hausdorff: 1.883854,
                Atom Type Acc: 15.76%

Epoch 37/200 - Train Loss: 3.917757, 
                Val MAE: 1.265439, Val Optimized MAE: 1.199553, 
                Val Optimized Typed MAE: 17.256762, 
                Val Hausdorff: 1.884917,
                Atom Type Acc: 16.12%

Epoch 38/200 - Train Loss: 3.929727, 
                Val MAE: 1.265447, Val Optimized MAE: 1.198805, 
                Val Optimized Typed MAE: 17.332913, 
                Val Hausdorff: 1.884034,
                Atom Type Acc: 15.77%

Epoch 39/200 - Train Loss: 3.908811, 
                Val MAE: 1.265446, Val Optimized MAE: 1.198996, 
                Val Optimized Typed MAE: 17.305352, 
                Val Hausdorff: 1.883804,
                Atom Type Acc: 15.90%

Epoch 40/200 - Train Loss: 3.905746, 
                Val MAE: 1.265436, Val Optimized MAE: 1.199452, 
                Val Optimized Typed MAE: 17.257449, 
                Val Hausdorff: 1.884845,
                Atom Type Acc: 16.13%

Epoch 41/200 - Train Loss: 3.914590, 
                Val MAE: 1.265431, Val Optimized MAE: 1.199110, 
                Val Optimized Typed MAE: 17.246730, 
                Val Hausdorff: 1.884238,
                Atom Type Acc: 16.10%

Epoch 42/200 - Train Loss: 3.914960, 
                Val MAE: 1.265426, Val Optimized MAE: 1.198391, 
                Val Optimized Typed MAE: 17.297593, 
                Val Hausdorff: 1.883393,
                Atom Type Acc: 15.88%

Epoch 43/200 - Train Loss: 3.911515, 
                Val MAE: 1.265437, Val Optimized MAE: 1.199099, 
                Val Optimized Typed MAE: 17.280863, 
                Val Hausdorff: 1.884566,
                Atom Type Acc: 15.98%

Epoch 44/200 - Train Loss: 3.915300, 
                Val MAE: 1.265436, Val Optimized MAE: 1.198413, 
                Val Optimized Typed MAE: 17.298386, 
                Val Hausdorff: 1.883408,
                Atom Type Acc: 15.90%

Epoch 45/200 - Train Loss: 3.911901, 
                Val MAE: 1.265443, Val Optimized MAE: 1.198797, 
                Val Optimized Typed MAE: 17.305143, 
                Val Hausdorff: 1.883844,
                Atom Type Acc: 15.88%

Epoch 46/200 - Train Loss: 3.921938, 
                Val MAE: 1.265438, Val Optimized MAE: 1.198910, 
                Val Optimized Typed MAE: 17.275103, 
                Val Hausdorff: 1.883856,
                Atom Type Acc: 16.00%

Epoch 47/200 - Train Loss: 3.911266, 
                Val MAE: 1.265456, Val Optimized MAE: 1.199545, 
                Val Optimized Typed MAE: 17.281311, 
                Val Hausdorff: 1.885049,
                Atom Type Acc: 16.04%

Epoch 48/200 - Train Loss: 3.908278, 
                Val MAE: 1.265432, Val Optimized MAE: 1.198749, 
                Val Optimized Typed MAE: 17.282063, 
                Val Hausdorff: 1.883686,
                Atom Type Acc: 15.96%

Epoch 49/200 - Train Loss: 3.906629, 
                Val MAE: 1.265437, Val Optimized MAE: 1.198664, 
                Val Optimized Typed MAE: 17.315317, 
                Val Hausdorff: 1.883608,
                Atom Type Acc: 15.83%

Epoch 50/200 - Train Loss: 3.920238, 
                Val MAE: 1.265443, Val Optimized MAE: 1.198798, 
                Val Optimized Typed MAE: 17.304349, 
                Val Hausdorff: 1.883783,
                Atom Type Acc: 15.88%

Epoch 51/200 - Train Loss: 3.922030, 
                Val MAE: 1.265431, Val Optimized MAE: 1.198340, 
                Val Optimized Typed MAE: 17.320530, 
                Val Hausdorff: 1.883274,
                Atom Type Acc: 15.78%

Epoch 52/200 - Train Loss: 3.919662, 
                Val MAE: 1.265436, Val Optimized MAE: 1.198692, 
                Val Optimized Typed MAE: 17.319341, 
                Val Hausdorff: 1.883780,
                Atom Type Acc: 15.81%

Epoch 53/200 - Train Loss: 3.916363, 
                Val MAE: 1.265451, Val Optimized MAE: 1.199301, 
                Val Optimized Typed MAE: 17.285041, 
                Val Hausdorff: 1.884709,
                Atom Type Acc: 15.97%

Epoch 54/200 - Train Loss: 3.917803, 
                Val MAE: 1.265435, Val Optimized MAE: 1.198633, 
                Val Optimized Typed MAE: 17.293063, 
                Val Hausdorff: 1.883642,
                Atom Type Acc: 15.92%

Epoch 55/200 - Train Loss: 3.917069, 
                Val MAE: 1.265448, Val Optimized MAE: 1.198583, 
                Val Optimized Typed MAE: 17.300958, 
                Val Hausdorff: 1.883477,
                Atom Type Acc: 15.88%

Epoch 56/200 - Train Loss: 3.916721, 
                Val MAE: 1.265450, Val Optimized MAE: 1.199051, 
                Val Optimized Typed MAE: 17.310159, 
                Val Hausdorff: 1.884131,
                Atom Type Acc: 15.88%

Epoch 57/200 - Train Loss: 3.916765, 
                Val MAE: 1.265435, Val Optimized MAE: 1.198814, 
                Val Optimized Typed MAE: 17.278198, 
                Val Hausdorff: 1.883866,
                Atom Type Acc: 15.98%

Epoch 58/200 - Train Loss: 3.910464, 
                Val MAE: 1.265435, Val Optimized MAE: 1.198315, 
                Val Optimized Typed MAE: 17.318124, 
                Val Hausdorff: 1.883199,
                Atom Type Acc: 15.79%

Epoch 59/200 - Train Loss: 3.922775, 
                Val MAE: 1.265440, Val Optimized MAE: 1.198351, 
                Val Optimized Typed MAE: 17.323724, 
                Val Hausdorff: 1.883411,
                Atom Type Acc: 15.80%

Epoch 60/200 - Train Loss: 3.921802, 
                Val MAE: 1.265435, Val Optimized MAE: 1.198135, 
                Val Optimized Typed MAE: 17.324293, 
                Val Hausdorff: 1.882837,
                Atom Type Acc: 15.75%

Epoch 61/200 - Train Loss: 3.915072, 
                Val MAE: 1.265441, Val Optimized MAE: 1.198860, 
                Val Optimized Typed MAE: 17.301242, 
                Val Hausdorff: 1.883955,
                Atom Type Acc: 15.90%

Epoch 62/200 - Train Loss: 3.924212, 
                Val MAE: 1.265447, Val Optimized MAE: 1.198770, 
                Val Optimized Typed MAE: 17.311477, 
                Val Hausdorff: 1.883806,
                Atom Type Acc: 15.85%

Epoch 63/200 - Train Loss: 3.914929, 
                Val MAE: 1.265434, Val Optimized MAE: 1.198824, 
                Val Optimized Typed MAE: 17.275795, 
                Val Hausdorff: 1.883669,
                Atom Type Acc: 16.00%

Epoch 64/200 - Train Loss: 3.921578, 
                Val MAE: 1.265449, Val Optimized MAE: 1.198534, 
                Val Optimized Typed MAE: 17.300910, 
                Val Hausdorff: 1.883365,
                Atom Type Acc: 15.88%

Epoch 65/200 - Train Loss: 3.915548, 
                Val MAE: 1.265438, Val Optimized MAE: 1.198853, 
                Val Optimized Typed MAE: 17.289329, 
                Val Hausdorff: 1.884009,
                Atom Type Acc: 15.95%

Epoch 66/200 - Train Loss: 3.915177, 
                Val MAE: 1.265432, Val Optimized MAE: 1.199206, 
                Val Optimized Typed MAE: 17.258730, 
                Val Hausdorff: 1.884455,
                Atom Type Acc: 16.08%

Epoch 67/200 - Train Loss: 3.919488, 
                Val MAE: 1.265434, Val Optimized MAE: 1.198524, 
                Val Optimized Typed MAE: 17.295328, 
                Val Hausdorff: 1.883425,
                Atom Type Acc: 15.90%

Epoch 68/200 - Train Loss: 3.916694, 
                Val MAE: 1.265471, Val Optimized MAE: 1.198883, 
                Val Optimized Typed MAE: 17.370299, 
                Val Hausdorff: 1.884231,
                Atom Type Acc: 15.63%

Epoch 69/200 - Train Loss: 3.920510, 
                Val MAE: 1.265430, Val Optimized MAE: 1.198467, 
                Val Optimized Typed MAE: 17.302406, 
                Val Hausdorff: 1.883331,
                Atom Type Acc: 15.87%

Epoch 70/200 - Train Loss: 3.914322, 
                Val MAE: 1.265445, Val Optimized MAE: 1.198251, 
                Val Optimized Typed MAE: 17.354603, 
                Val Hausdorff: 1.882907,
                Atom Type Acc: 15.66%

Epoch 71/200 - Train Loss: 3.921462, 
                Val MAE: 1.265439, Val Optimized MAE: 1.198751, 
                Val Optimized Typed MAE: 17.290818, 
                Val Hausdorff: 1.883717,
                Atom Type Acc: 15.94%

Epoch 72/200 - Train Loss: 3.919559, 
                Val MAE: 1.265462, Val Optimized MAE: 1.199219, 
                Val Optimized Typed MAE: 17.311961, 
                Val Hausdorff: 1.884403,
                Atom Type Acc: 15.85%

Epoch 73/200 - Train Loss: 3.915049, 
                Val MAE: 1.265429, Val Optimized MAE: 1.199192, 
                Val Optimized Typed MAE: 17.252410, 
                Val Hausdorff: 1.884342,
                Atom Type Acc: 16.12%

Epoch 74/200 - Train Loss: 3.917479, 
                Val MAE: 1.265433, Val Optimized MAE: 1.198316, 
                Val Optimized Typed MAE: 17.308627, 
                Val Hausdorff: 1.883175,
                Atom Type Acc: 15.84%

Epoch 75/200 - Train Loss: 3.923864, 
                Val MAE: 1.265427, Val Optimized MAE: 1.198597, 
                Val Optimized Typed MAE: 17.265218, 
                Val Hausdorff: 1.883613,
                Atom Type Acc: 16.03%

Epoch 76/200 - Train Loss: 3.912958, 
                Val MAE: 1.265432, Val Optimized MAE: 1.198641, 
                Val Optimized Typed MAE: 17.293863, 
                Val Hausdorff: 1.883529,
                Atom Type Acc: 15.92%

Epoch 77/200 - Train Loss: 3.924173, 
                Val MAE: 1.265445, Val Optimized MAE: 1.198666, 
                Val Optimized Typed MAE: 17.305810, 
                Val Hausdorff: 1.883780,
                Atom Type Acc: 15.88%

Epoch 78/200 - Train Loss: 3.926893, 
                Val MAE: 1.265419, Val Optimized MAE: 1.198745, 
                Val Optimized Typed MAE: 17.260632, 
                Val Hausdorff: 1.883750,
                Atom Type Acc: 16.08%

Epoch 79/200 - Train Loss: 3.917330, 
                Val MAE: 1.265442, Val Optimized MAE: 1.198759, 
                Val Optimized Typed MAE: 17.314637, 
                Val Hausdorff: 1.883775,
                Atom Type Acc: 15.85%

Epoch 80/200 - Train Loss: 3.917086, 
                Val MAE: 1.265436, Val Optimized MAE: 1.198712, 
                Val Optimized Typed MAE: 17.282828, 
                Val Hausdorff: 1.883696,
                Atom Type Acc: 15.94%

Epoch 81/200 - Train Loss: 3.921090, 
                Val MAE: 1.265430, Val Optimized MAE: 1.198999, 
                Val Optimized Typed MAE: 17.266456, 
                Val Hausdorff: 1.883979,
                Atom Type Acc: 16.04%

Epoch 82/200 - Train Loss: 3.907423, 
                Val MAE: 1.265440, Val Optimized MAE: 1.198909, 
                Val Optimized Typed MAE: 17.292578, 
                Val Hausdorff: 1.883942,
                Atom Type Acc: 15.93%

Epoch 83/200 - Train Loss: 3.912774, 
                Val MAE: 1.265443, Val Optimized MAE: 1.199298, 
                Val Optimized Typed MAE: 17.270736, 
                Val Hausdorff: 1.884456,
                Atom Type Acc: 16.03%

Epoch 84/200 - Train Loss: 3.918958, 
                Val MAE: 1.265450, Val Optimized MAE: 1.199046, 
                Val Optimized Typed MAE: 17.318089, 
                Val Hausdorff: 1.884373,
                Atom Type Acc: 15.81%

Epoch 85/200 - Train Loss: 3.914252, 
                Val MAE: 1.265426, Val Optimized MAE: 1.198490, 
                Val Optimized Typed MAE: 17.273866, 
                Val Hausdorff: 1.883445,
                Atom Type Acc: 15.97%

Epoch 86/200 - Train Loss: 3.916795, 
                Val MAE: 1.265432, Val Optimized MAE: 1.198562, 
                Val Optimized Typed MAE: 17.278709, 
                Val Hausdorff: 1.883194,
                Atom Type Acc: 15.95%

Epoch 87/200 - Train Loss: 3.918337, 
                Val MAE: 1.265439, Val Optimized MAE: 1.198603, 
                Val Optimized Typed MAE: 17.313674, 
                Val Hausdorff: 1.883512,
                Atom Type Acc: 15.84%

Epoch 88/200 - Train Loss: 3.922269, 
                Val MAE: 1.265450, Val Optimized MAE: 1.198494, 
                Val Optimized Typed MAE: 17.331814, 
                Val Hausdorff: 1.883340,
                Atom Type Acc: 15.74%

Epoch 89/200 - Train Loss: 3.909146, 
                Val MAE: 1.265428, Val Optimized MAE: 1.198406, 
                Val Optimized Typed MAE: 17.310278, 
                Val Hausdorff: 1.883292,
                Atom Type Acc: 15.84%

Epoch 90/200 - Train Loss: 3.915176, 
                Val MAE: 1.265432, Val Optimized MAE: 1.198460, 
                Val Optimized Typed MAE: 17.304010, 
                Val Hausdorff: 1.883393,
                Atom Type Acc: 15.84%

Epoch 91/200 - Train Loss: 3.923358, 
                Val MAE: 1.265433, Val Optimized MAE: 1.198333, 
                Val Optimized Typed MAE: 17.318157, 
                Val Hausdorff: 1.883061,
                Atom Type Acc: 15.79%

Epoch 92/200 - Train Loss: 3.908871, 
                Val MAE: 1.265430, Val Optimized MAE: 1.198501, 
                Val Optimized Typed MAE: 17.291319, 
                Val Hausdorff: 1.883372,
                Atom Type Acc: 15.94%

Epoch 93/200 - Train Loss: 3.914663, 
                Val MAE: 1.265451, Val Optimized MAE: 1.199132, 
                Val Optimized Typed MAE: 17.326901, 
                Val Hausdorff: 1.884155,
                Atom Type Acc: 15.82%

Epoch 94/200 - Train Loss: 3.917805, 
                Val MAE: 1.265443, Val Optimized MAE: 1.199243, 
                Val Optimized Typed MAE: 17.268315, 
                Val Hausdorff: 1.884444,
                Atom Type Acc: 16.05%

Epoch 95/200 - Train Loss: 3.916897, 
                Val MAE: 1.265452, Val Optimized MAE: 1.198391, 
                Val Optimized Typed MAE: 17.361080, 
                Val Hausdorff: 1.883256,
                Atom Type Acc: 15.63%

Epoch 96/200 - Train Loss: 3.922098, 
                Val MAE: 1.265450, Val Optimized MAE: 1.199009, 
                Val Optimized Typed MAE: 17.304565, 
                Val Hausdorff: 1.884246,
                Atom Type Acc: 15.88%

Epoch 97/200 - Train Loss: 3.919660, 
                Val MAE: 1.265427, Val Optimized MAE: 1.198645, 
                Val Optimized Typed MAE: 17.284344, 
                Val Hausdorff: 1.883512,
                Atom Type Acc: 15.95%

Epoch 98/200 - Train Loss: 3.920119, 
                Val MAE: 1.265438, Val Optimized MAE: 1.198795, 
                Val Optimized Typed MAE: 17.290057, 
                Val Hausdorff: 1.883913,
                Atom Type Acc: 15.93%

Epoch 99/200 - Train Loss: 3.926535, 
                Val MAE: 1.265421, Val Optimized MAE: 1.198936, 
                Val Optimized Typed MAE: 17.254456, 
                Val Hausdorff: 1.883893,
                Atom Type Acc: 16.09%

Epoch 100/200 - Train Loss: 3.913101, 
                Val MAE: 1.265427, Val Optimized MAE: 1.198924, 
                Val Optimized Typed MAE: 17.279877, 
                Val Hausdorff: 1.884119,
                Atom Type Acc: 15.98%

Epoch 101/200 - Train Loss: 3.919620, 
                Val MAE: 1.265457, Val Optimized MAE: 1.198798, 
                Val Optimized Typed MAE: 17.353559, 
                Val Hausdorff: 1.883837,
                Atom Type Acc: 15.69%

Epoch 102/200 - Train Loss: 3.919079, 
                Val MAE: 1.265434, Val Optimized MAE: 1.198764, 
                Val Optimized Typed MAE: 17.275754, 
                Val Hausdorff: 1.883871,
                Atom Type Acc: 15.99%

Epoch 103/200 - Train Loss: 3.915725, 
                Val MAE: 1.265449, Val Optimized MAE: 1.198775, 
                Val Optimized Typed MAE: 17.338461, 
                Val Hausdorff: 1.883780,
                Atom Type Acc: 15.75%

Epoch 104/200 - Train Loss: 3.921670, 
                Val MAE: 1.265441, Val Optimized MAE: 1.198022, 
                Val Optimized Typed MAE: 17.345621, 
                Val Hausdorff: 1.882776,
                Atom Type Acc: 15.70%

Epoch 105/200 - Train Loss: 3.921917, 
                Val MAE: 1.265440, Val Optimized MAE: 1.198517, 
                Val Optimized Typed MAE: 17.293731, 
                Val Hausdorff: 1.883469,
                Atom Type Acc: 15.88%

Epoch 106/200 - Train Loss: 3.916350, 
                Val MAE: 1.265436, Val Optimized MAE: 1.198435, 
                Val Optimized Typed MAE: 17.296855, 
                Val Hausdorff: 1.883411,
                Atom Type Acc: 15.88%

Epoch 107/200 - Train Loss: 3.917362, 
                Val MAE: 1.265425, Val Optimized MAE: 1.197974, 
                Val Optimized Typed MAE: 17.322516, 
                Val Hausdorff: 1.882345,
                Atom Type Acc: 15.77%

Epoch 108/200 - Train Loss: 3.918713, 
                Val MAE: 1.265466, Val Optimized MAE: 1.199016, 
                Val Optimized Typed MAE: 17.341100, 
                Val Hausdorff: 1.884251,
                Atom Type Acc: 15.77%

Epoch 109/200 - Train Loss: 3.919380, 
                Val MAE: 1.265432, Val Optimized MAE: 1.198865, 
                Val Optimized Typed MAE: 17.283798, 
                Val Hausdorff: 1.883972,
                Atom Type Acc: 15.96%

Epoch 110/200 - Train Loss: 3.918407, 
                Val MAE: 1.265444, Val Optimized MAE: 1.198838, 
                Val Optimized Typed MAE: 17.321060, 
                Val Hausdorff: 1.884084,
                Atom Type Acc: 15.82%

Epoch 111/200 - Train Loss: 3.921785, 
                Val MAE: 1.265421, Val Optimized MAE: 1.198428, 
                Val Optimized Typed MAE: 17.260302, 
                Val Hausdorff: 1.883207,
                Atom Type Acc: 16.00%

Epoch 112/200 - Train Loss: 3.925096, 
                Val MAE: 1.265432, Val Optimized MAE: 1.198579, 
                Val Optimized Typed MAE: 17.295409, 
                Val Hausdorff: 1.883553,
                Atom Type Acc: 15.89%

Epoch 113/200 - Train Loss: 3.922351, 
                Val MAE: 1.265449, Val Optimized MAE: 1.198716, 
                Val Optimized Typed MAE: 17.323325, 
                Val Hausdorff: 1.883876,
                Atom Type Acc: 15.79%

Epoch 114/200 - Train Loss: 3.917579, 
                Val MAE: 1.265431, Val Optimized MAE: 1.198722, 
                Val Optimized Typed MAE: 17.293157, 
                Val Hausdorff: 1.883753,
                Atom Type Acc: 15.94%

Epoch 115/200 - Train Loss: 3.911156, 
                Val MAE: 1.265447, Val Optimized MAE: 1.198628, 
                Val Optimized Typed MAE: 17.333555, 
                Val Hausdorff: 1.883842,
                Atom Type Acc: 15.75%

Epoch 116/200 - Train Loss: 3.921877, 
                Val MAE: 1.265462, Val Optimized MAE: 1.198743, 
                Val Optimized Typed MAE: 17.363807, 
                Val Hausdorff: 1.883964,
                Atom Type Acc: 15.63%

Epoch 117/200 - Train Loss: 3.915299, 
                Val MAE: 1.265441, Val Optimized MAE: 1.199304, 
                Val Optimized Typed MAE: 17.265206, 
                Val Hausdorff: 1.884662,
                Atom Type Acc: 16.06%

Epoch 118/200 - Train Loss: 3.919600, 
                Val MAE: 1.265429, Val Optimized MAE: 1.198498, 
                Val Optimized Typed MAE: 17.308805, 
                Val Hausdorff: 1.883189,
                Atom Type Acc: 15.84%

Epoch 119/200 - Train Loss: 3.908774, 
                Val MAE: 1.265424, Val Optimized MAE: 1.199025, 
                Val Optimized Typed MAE: 17.249007, 
                Val Hausdorff: 1.884232,
                Atom Type Acc: 16.11%

Epoch 120/200 - Train Loss: 3.918514, 
                Val MAE: 1.265452, Val Optimized MAE: 1.199219, 
                Val Optimized Typed MAE: 17.307954, 
                Val Hausdorff: 1.884455,
                Atom Type Acc: 15.88%

Epoch 121/200 - Train Loss: 3.910374, 
                Val MAE: 1.265447, Val Optimized MAE: 1.198515, 
                Val Optimized Typed MAE: 17.294532, 
                Val Hausdorff: 1.883439,
                Atom Type Acc: 15.90%

Epoch 122/200 - Train Loss: 3.923498, 
                Val MAE: 1.265459, Val Optimized MAE: 1.198938, 
                Val Optimized Typed MAE: 17.336213, 
                Val Hausdorff: 1.883967,
                Atom Type Acc: 15.76%

Epoch 123/200 - Train Loss: 3.910435, 
                Val MAE: 1.265431, Val Optimized MAE: 1.198671, 
                Val Optimized Typed MAE: 17.287549, 
                Val Hausdorff: 1.883728,
                Atom Type Acc: 15.92%

Epoch 124/200 - Train Loss: 3.914349, 
                Val MAE: 1.265440, Val Optimized MAE: 1.199091, 
                Val Optimized Typed MAE: 17.295136, 
                Val Hausdorff: 1.884343,
                Atom Type Acc: 15.92%

Epoch 125/200 - Train Loss: 3.915976, 
                Val MAE: 1.265439, Val Optimized MAE: 1.198786, 
                Val Optimized Typed MAE: 17.299562, 
                Val Hausdorff: 1.883940,
                Atom Type Acc: 15.90%

Epoch 126/200 - Train Loss: 3.926293, 
                Val MAE: 1.265422, Val Optimized MAE: 1.198598, 
                Val Optimized Typed MAE: 17.282715, 
                Val Hausdorff: 1.883461,
                Atom Type Acc: 15.98%

Epoch 127/200 - Train Loss: 3.916925, 
                Val MAE: 1.265407, Val Optimized MAE: 1.197799, 
                Val Optimized Typed MAE: 17.267596, 
                Val Hausdorff: 1.882381,
                Atom Type Acc: 15.99%

Epoch 128/200 - Train Loss: 3.914892, 
                Val MAE: 1.265461, Val Optimized MAE: 1.198780, 
                Val Optimized Typed MAE: 17.342410, 
                Val Hausdorff: 1.883901,
                Atom Type Acc: 15.75%

Epoch 129/200 - Train Loss: 3.916902, 
                Val MAE: 1.265485, Val Optimized MAE: 1.199678, 
                Val Optimized Typed MAE: 17.316387, 
                Val Hausdorff: 1.885190,
                Atom Type Acc: 15.87%

Epoch 130/200 - Train Loss: 3.918165, 
                Val MAE: 1.265416, Val Optimized MAE: 1.199122, 
                Val Optimized Typed MAE: 17.234013, 
                Val Hausdorff: 1.884242,
                Atom Type Acc: 16.15%

Epoch 131/200 - Train Loss: 3.913822, 
                Val MAE: 1.265444, Val Optimized MAE: 1.199071, 
                Val Optimized Typed MAE: 17.298260, 
                Val Hausdorff: 1.884439,
                Atom Type Acc: 15.90%

Epoch 132/200 - Train Loss: 3.915326, 
                Val MAE: 1.265450, Val Optimized MAE: 1.199060, 
                Val Optimized Typed MAE: 17.307782, 
                Val Hausdorff: 1.884330,
                Atom Type Acc: 15.87%

Epoch 133/200 - Train Loss: 3.922670, 
                Val MAE: 1.265456, Val Optimized MAE: 1.198671, 
                Val Optimized Typed MAE: 17.350248, 
                Val Hausdorff: 1.883733,
                Atom Type Acc: 15.70%

Epoch 134/200 - Train Loss: 3.922458, 
                Val MAE: 1.265437, Val Optimized MAE: 1.199109, 
                Val Optimized Typed MAE: 17.276897, 
                Val Hausdorff: 1.884420,
                Atom Type Acc: 16.00%

Epoch 135/200 - Train Loss: 3.916115, 
                Val MAE: 1.265426, Val Optimized MAE: 1.198479, 
                Val Optimized Typed MAE: 17.311925, 
                Val Hausdorff: 1.883348,
                Atom Type Acc: 15.82%

Epoch 136/200 - Train Loss: 3.915807, 
                Val MAE: 1.265446, Val Optimized MAE: 1.198332, 
                Val Optimized Typed MAE: 17.329254, 
                Val Hausdorff: 1.883022,
                Atom Type Acc: 15.75%

Epoch 137/200 - Train Loss: 3.912756, 
                Val MAE: 1.265447, Val Optimized MAE: 1.198944, 
                Val Optimized Typed MAE: 17.317993, 
                Val Hausdorff: 1.884039,
                Atom Type Acc: 15.84%

Epoch 138/200 - Train Loss: 3.907933, 
                Val MAE: 1.265441, Val Optimized MAE: 1.198622, 
                Val Optimized Typed MAE: 17.305755, 
                Val Hausdorff: 1.883782,
                Atom Type Acc: 15.85%

Epoch 139/200 - Train Loss: 3.919881, 
                Val MAE: 1.265459, Val Optimized MAE: 1.198361, 
                Val Optimized Typed MAE: 17.349930, 
                Val Hausdorff: 1.883279,
                Atom Type Acc: 15.70%

Epoch 140/200 - Train Loss: 3.915726, 
                Val MAE: 1.265434, Val Optimized MAE: 1.198669, 
                Val Optimized Typed MAE: 17.297863, 
                Val Hausdorff: 1.883732,
                Atom Type Acc: 15.88%

Epoch 141/200 - Train Loss: 3.921320, 
                Val MAE: 1.265440, Val Optimized MAE: 1.198797, 
                Val Optimized Typed MAE: 17.321047, 
                Val Hausdorff: 1.883856,
                Atom Type Acc: 15.81%

Epoch 142/200 - Train Loss: 3.920814, 
                Val MAE: 1.265453, Val Optimized MAE: 1.198678, 
                Val Optimized Typed MAE: 17.355004, 
                Val Hausdorff: 1.883807,
                Atom Type Acc: 15.66%

Epoch 143/200 - Train Loss: 3.917679, 
                Val MAE: 1.265445, Val Optimized MAE: 1.198955, 
                Val Optimized Typed MAE: 17.316405, 
                Val Hausdorff: 1.884260,
                Atom Type Acc: 15.85%

Epoch 144/200 - Train Loss: 3.914084, 
                Val MAE: 1.265428, Val Optimized MAE: 1.198639, 
                Val Optimized Typed MAE: 17.285137, 
                Val Hausdorff: 1.883477,
                Atom Type Acc: 15.96%

Epoch 145/200 - Train Loss: 3.920563, 
                Val MAE: 1.265438, Val Optimized MAE: 1.198863, 
                Val Optimized Typed MAE: 17.278231, 
                Val Hausdorff: 1.883931,
                Atom Type Acc: 15.97%

Epoch 146/200 - Train Loss: 3.910350, 
                Val MAE: 1.265447, Val Optimized MAE: 1.199445, 
                Val Optimized Typed MAE: 17.268556, 
                Val Hausdorff: 1.884940,
                Atom Type Acc: 16.07%

Epoch 147/200 - Train Loss: 3.915564, 
                Val MAE: 1.265430, Val Optimized MAE: 1.198167, 
                Val Optimized Typed MAE: 17.323541, 
                Val Hausdorff: 1.883183,
                Atom Type Acc: 15.75%

Epoch 148/200 - Train Loss: 3.917472, 
                Val MAE: 1.265443, Val Optimized MAE: 1.198887, 
                Val Optimized Typed MAE: 17.323487, 
                Val Hausdorff: 1.883796,
                Atom Type Acc: 15.82%

Epoch 149/200 - Train Loss: 3.918959, 
                Val MAE: 1.265438, Val Optimized MAE: 1.199297, 
                Val Optimized Typed MAE: 17.254076, 
                Val Hausdorff: 1.884180,
                Atom Type Acc: 16.11%

Epoch 150/200 - Train Loss: 3.911370, 
                Val MAE: 1.265453, Val Optimized MAE: 1.198749, 
                Val Optimized Typed MAE: 17.333682, 
                Val Hausdorff: 1.883828,
                Atom Type Acc: 15.79%

Epoch 151/200 - Train Loss: 3.916863, 
                Val MAE: 1.265468, Val Optimized MAE: 1.198458, 
                Val Optimized Typed MAE: 17.407180, 
                Val Hausdorff: 1.883442,
                Atom Type Acc: 15.48%

Epoch 152/200 - Train Loss: 3.914455, 
                Val MAE: 1.265434, Val Optimized MAE: 1.199123, 
                Val Optimized Typed MAE: 17.259452, 
                Val Hausdorff: 1.884192,
                Atom Type Acc: 16.09%

Epoch 153/200 - Train Loss: 3.909331, 
                Val MAE: 1.265455, Val Optimized MAE: 1.198969, 
                Val Optimized Typed MAE: 17.314035, 
                Val Hausdorff: 1.884098,
                Atom Type Acc: 15.87%

Epoch 154/200 - Train Loss: 3.918518, 
                Val MAE: 1.265439, Val Optimized MAE: 1.198606, 
                Val Optimized Typed MAE: 17.308905, 
                Val Hausdorff: 1.883503,
                Atom Type Acc: 15.83%

Epoch 155/200 - Train Loss: 3.915991, 
                Val MAE: 1.265420, Val Optimized MAE: 1.199010, 
                Val Optimized Typed MAE: 17.249010, 
                Val Hausdorff: 1.884188,
                Atom Type Acc: 16.12%

Epoch 156/200 - Train Loss: 3.918839, 
                Val MAE: 1.265449, Val Optimized MAE: 1.198686, 
                Val Optimized Typed MAE: 17.340726, 
                Val Hausdorff: 1.883682,
                Atom Type Acc: 15.75%

Epoch 157/200 - Train Loss: 3.915662, 
                Val MAE: 1.265467, Val Optimized MAE: 1.199243, 
                Val Optimized Typed MAE: 17.330993, 
                Val Hausdorff: 1.884587,
                Atom Type Acc: 15.78%

Epoch 158/200 - Train Loss: 3.927443, 
                Val MAE: 1.265454, Val Optimized MAE: 1.198977, 
                Val Optimized Typed MAE: 17.325151, 
                Val Hausdorff: 1.884234,
                Atom Type Acc: 15.81%

Epoch 159/200 - Train Loss: 3.913258, 
                Val MAE: 1.265428, Val Optimized MAE: 1.197869, 
                Val Optimized Typed MAE: 17.316877, 
                Val Hausdorff: 1.882522,
                Atom Type Acc: 15.79%

Epoch 160/200 - Train Loss: 3.914214, 
                Val MAE: 1.265456, Val Optimized MAE: 1.199180, 
                Val Optimized Typed MAE: 17.295229, 
                Val Hausdorff: 1.884521,
                Atom Type Acc: 15.93%

Epoch 161/200 - Train Loss: 3.911983, 
                Val MAE: 1.265444, Val Optimized MAE: 1.198749, 
                Val Optimized Typed MAE: 17.328130, 
                Val Hausdorff: 1.883832,
                Atom Type Acc: 15.81%

Epoch 162/200 - Train Loss: 3.914241, 
                Val MAE: 1.265482, Val Optimized MAE: 1.199413, 
                Val Optimized Typed MAE: 17.322458, 
                Val Hausdorff: 1.884787,
                Atom Type Acc: 15.85%

Epoch 163/200 - Train Loss: 3.910187, 
                Val MAE: 1.265471, Val Optimized MAE: 1.199545, 
                Val Optimized Typed MAE: 17.284528, 
                Val Hausdorff: 1.884902,
                Atom Type Acc: 16.02%

Epoch 164/200 - Train Loss: 3.918204, 
                Val MAE: 1.265440, Val Optimized MAE: 1.198738, 
                Val Optimized Typed MAE: 17.274164, 
                Val Hausdorff: 1.883653,
                Atom Type Acc: 15.99%

Epoch 165/200 - Train Loss: 3.912556, 
                Val MAE: 1.265436, Val Optimized MAE: 1.198405, 
                Val Optimized Typed MAE: 17.307122, 
                Val Hausdorff: 1.883271,
                Atom Type Acc: 15.84%

Epoch 166/200 - Train Loss: 3.919819, 
                Val MAE: 1.265439, Val Optimized MAE: 1.198603, 
                Val Optimized Typed MAE: 17.279552, 
                Val Hausdorff: 1.883538,
                Atom Type Acc: 15.95%

Epoch 167/200 - Train Loss: 3.911132, 
                Val MAE: 1.265446, Val Optimized MAE: 1.198732, 
                Val Optimized Typed MAE: 17.321743, 
                Val Hausdorff: 1.883835,
                Atom Type Acc: 15.81%

Epoch 168/200 - Train Loss: 3.918810, 
                Val MAE: 1.265436, Val Optimized MAE: 1.198983, 
                Val Optimized Typed MAE: 17.252957, 
                Val Hausdorff: 1.883756,
                Atom Type Acc: 16.09%

Epoch 169/200 - Train Loss: 3.921115, 
                Val MAE: 1.265452, Val Optimized MAE: 1.198933, 
                Val Optimized Typed MAE: 17.332242, 
                Val Hausdorff: 1.884066,
                Atom Type Acc: 15.80%

Epoch 170/200 - Train Loss: 3.907930, 
                Val MAE: 1.265435, Val Optimized MAE: 1.198756, 
                Val Optimized Typed MAE: 17.298758, 
                Val Hausdorff: 1.883686,
                Atom Type Acc: 15.91%

Epoch 171/200 - Train Loss: 3.919025, 
                Val MAE: 1.265448, Val Optimized MAE: 1.199019, 
                Val Optimized Typed MAE: 17.291890, 
                Val Hausdorff: 1.884241,
                Atom Type Acc: 15.95%

Epoch 172/200 - Train Loss: 3.916385, 
                Val MAE: 1.265421, Val Optimized MAE: 1.198297, 
                Val Optimized Typed MAE: 17.303040, 
                Val Hausdorff: 1.883225,
                Atom Type Acc: 15.84%

Epoch 173/200 - Train Loss: 3.919579, 
                Val MAE: 1.265463, Val Optimized MAE: 1.198781, 
                Val Optimized Typed MAE: 17.365430, 
                Val Hausdorff: 1.883926,
                Atom Type Acc: 15.65%

Epoch 174/200 - Train Loss: 3.913868, 
                Val MAE: 1.265427, Val Optimized MAE: 1.198261, 
                Val Optimized Typed MAE: 17.306964, 
                Val Hausdorff: 1.883013,
                Atom Type Acc: 15.84%

Epoch 175/200 - Train Loss: 3.931228, 
                Val MAE: 1.265449, Val Optimized MAE: 1.199101, 
                Val Optimized Typed MAE: 17.308639, 
                Val Hausdorff: 1.884359,
                Atom Type Acc: 15.88%

Epoch 176/200 - Train Loss: 3.916564, 
                Val MAE: 1.265448, Val Optimized MAE: 1.199151, 
                Val Optimized Typed MAE: 17.307882, 
                Val Hausdorff: 1.884250,
                Atom Type Acc: 15.88%

Epoch 177/200 - Train Loss: 3.911299, 
                Val MAE: 1.265428, Val Optimized MAE: 1.198389, 
                Val Optimized Typed MAE: 17.294395, 
                Val Hausdorff: 1.883129,
                Atom Type Acc: 15.91%

Epoch 178/200 - Train Loss: 3.914019, 
                Val MAE: 1.265442, Val Optimized MAE: 1.199124, 
                Val Optimized Typed MAE: 17.283270, 
                Val Hausdorff: 1.884417,
                Atom Type Acc: 15.97%

Epoch 179/200 - Train Loss: 3.918369, 
                Val MAE: 1.265443, Val Optimized MAE: 1.198366, 
                Val Optimized Typed MAE: 17.354691, 
                Val Hausdorff: 1.883385,
                Atom Type Acc: 15.64%

Epoch 180/200 - Train Loss: 3.919036, 
                Val MAE: 1.265413, Val Optimized MAE: 1.198508, 
                Val Optimized Typed MAE: 17.247711, 
                Val Hausdorff: 1.883428,
                Atom Type Acc: 16.05%

Epoch 181/200 - Train Loss: 3.918405, 
                Val MAE: 1.265467, Val Optimized MAE: 1.198548, 
                Val Optimized Typed MAE: 17.386639, 
                Val Hausdorff: 1.883648,
                Atom Type Acc: 15.53%

Epoch 182/200 - Train Loss: 3.914003, 
                Val MAE: 1.265433, Val Optimized MAE: 1.198553, 
                Val Optimized Typed MAE: 17.291395, 
                Val Hausdorff: 1.883326,
                Atom Type Acc: 15.90%

Epoch 183/200 - Train Loss: 3.924771, 
                Val MAE: 1.265456, Val Optimized MAE: 1.199036, 
                Val Optimized Typed MAE: 17.326806, 
                Val Hausdorff: 1.884190,
                Atom Type Acc: 15.83%

Epoch 184/200 - Train Loss: 3.916848, 
                Val MAE: 1.265465, Val Optimized MAE: 1.199251, 
                Val Optimized Typed MAE: 17.304844, 
                Val Hausdorff: 1.884553,
                Atom Type Acc: 15.89%

Epoch 185/200 - Train Loss: 3.918301, 
                Val MAE: 1.265443, Val Optimized MAE: 1.198776, 
                Val Optimized Typed MAE: 17.321016, 
                Val Hausdorff: 1.883851,
                Atom Type Acc: 15.82%

Epoch 186/200 - Train Loss: 3.919901, 
                Val MAE: 1.265455, Val Optimized MAE: 1.198485, 
                Val Optimized Typed MAE: 17.340540, 
                Val Hausdorff: 1.883311,
                Atom Type Acc: 15.71%

Epoch 187/200 - Train Loss: 3.917318, 
                Val MAE: 1.265421, Val Optimized MAE: 1.198224, 
                Val Optimized Typed MAE: 17.280734, 
                Val Hausdorff: 1.883273,
                Atom Type Acc: 15.95%

Epoch 188/200 - Train Loss: 3.914261, 
                Val MAE: 1.265453, Val Optimized MAE: 1.199318, 
                Val Optimized Typed MAE: 17.297728, 
                Val Hausdorff: 1.884838,
                Atom Type Acc: 15.96%

Epoch 189/200 - Train Loss: 3.916046, 
                Val MAE: 1.265426, Val Optimized MAE: 1.199298, 
                Val Optimized Typed MAE: 17.239778, 
                Val Hausdorff: 1.884653,
                Atom Type Acc: 16.13%

Epoch 190/200 - Train Loss: 3.912653, 
                Val MAE: 1.265439, Val Optimized MAE: 1.198486, 
                Val Optimized Typed MAE: 17.293707, 
                Val Hausdorff: 1.883489,
                Atom Type Acc: 15.90%

Epoch 191/200 - Train Loss: 3.918257, 
                Val MAE: 1.265440, Val Optimized MAE: 1.198970, 
                Val Optimized Typed MAE: 17.308494, 
                Val Hausdorff: 1.884334,
                Atom Type Acc: 15.88%

Epoch 192/200 - Train Loss: 3.916465, 
                Val MAE: 1.265433, Val Optimized MAE: 1.198395, 
                Val Optimized Typed MAE: 17.301538, 
                Val Hausdorff: 1.883146,
                Atom Type Acc: 15.88%

Epoch 193/200 - Train Loss: 3.914101, 
                Val MAE: 1.265442, Val Optimized MAE: 1.198881, 
                Val Optimized Typed MAE: 17.309213, 
                Val Hausdorff: 1.883886,
                Atom Type Acc: 15.88%

Epoch 194/200 - Train Loss: 3.914390, 
                Val MAE: 1.265452, Val Optimized MAE: 1.198370, 
                Val Optimized Typed MAE: 17.355501, 
                Val Hausdorff: 1.883212,
                Atom Type Acc: 15.63%

Epoch 195/200 - Train Loss: 3.919649, 
                Val MAE: 1.265417, Val Optimized MAE: 1.198609, 
                Val Optimized Typed MAE: 17.265272, 
                Val Hausdorff: 1.883578,
                Atom Type Acc: 16.02%

Epoch 196/200 - Train Loss: 3.918938, 
                Val MAE: 1.265426, Val Optimized MAE: 1.198239, 
                Val Optimized Typed MAE: 17.276798, 
                Val Hausdorff: 1.882943,
                Atom Type Acc: 15.94%

Epoch 197/200 - Train Loss: 3.918626, 
                Val MAE: 1.265457, Val Optimized MAE: 1.198697, 
                Val Optimized Typed MAE: 17.356598, 
                Val Hausdorff: 1.883726,
                Atom Type Acc: 15.65%

Epoch 198/200 - Train Loss: 3.918343, 
                Val MAE: 1.265455, Val Optimized MAE: 1.198954, 
                Val Optimized Typed MAE: 17.324345, 
                Val Hausdorff: 1.883997,
                Atom Type Acc: 15.80%

Epoch 199/200 - Train Loss: 3.918208, 
                Val MAE: 1.265435, Val Optimized MAE: 1.198878, 
                Val Optimized Typed MAE: 17.275857, 
                Val Hausdorff: 1.883826,
                Atom Type Acc: 16.00%

Epoch 200/200 - Train Loss: 3.917138, 
                Val MAE: 1.265463, Val Optimized MAE: 1.199065, 
                Val Optimized Typed MAE: 17.343514, 
                Val Hausdorff: 1.884190,
                Atom Type Acc: 15.74%
Training complete. Model saved to 'mlp_results/FracPositionRegressionXPDF_20250515_032021_job6075_task0/samples/training_samples/pos_frac_layers3_hidden512_lr0.001_epochs200_batch32_cond6000_with_atoms_20250515-032022/mlp_model.pt'
Test MAE: 1.2792, 
        Test Optimized MAE: 1.2138, 
        Test Optimized Typed MAE: 17.6819, 
        Test Hausdorff: 1.9314, 
        Test Atom Type Accuracy: 14.52%
Final test MAE: 1.2792, Test Hausdorff: 1.9314, Test Optimized MAE: 1.2138, Test Optimized Typed MAE: 17.6819, Test Atom Type Accuracy: 14.52%
Final metrics saved to mlp_results/FracPositionRegressionXPDF_20250515_032021_job6075_task0/samples/training_samples/pos_frac_layers3_hidden512_lr0.001_epochs200_batch32_cond6000_with_atoms_20250515-032022/final_metrics.csv
----------------------------------------
Completed job with config file: configs/mlp_xpdf_frac_base.yaml
----------------------------------------

----------------------------------------
Starting job with config file: configs/mlp_xrd_frac_base.yaml
----------------------------------------
Running experiment with model type: MLP
Loaded atom mapping with 54 categories for visualization
Using device: cuda:0

Epoch 1/200 - Train Loss: 4.255611, 
                Val MAE: 1.266899, Val Optimized MAE: 1.221281, 
                Val Optimized Typed MAE: 19.965946, 
                Val Hausdorff: 1.922936,
                Atom Type Acc: 5.12%

Epoch 2/200 - Train Loss: 3.681107, 
                Val MAE: 1.266412, Val Optimized MAE: 1.196138, 
                Val Optimized Typed MAE: 18.342736, 
                Val Hausdorff: 1.881303,
                Atom Type Acc: 10.48%

Epoch 3/200 - Train Loss: 3.395308, 
                Val MAE: 1.265714, Val Optimized MAE: 1.197393, 
                Val Optimized Typed MAE: 17.947115, 
                Val Hausdorff: 1.878607,
                Atom Type Acc: 12.63%

Epoch 4/200 - Train Loss: 3.323486, 
                Val MAE: 1.265719, Val Optimized MAE: 1.196226, 
                Val Optimized Typed MAE: 17.934862, 
                Val Hausdorff: 1.877527,
                Atom Type Acc: 12.93%

Epoch 5/200 - Train Loss: 3.291866, 
                Val MAE: 1.265685, Val Optimized MAE: 1.196612, 
                Val Optimized Typed MAE: 17.914636, 
                Val Hausdorff: 1.877982,
                Atom Type Acc: 13.04%

Epoch 6/200 - Train Loss: 3.299801, 
                Val MAE: 1.265675, Val Optimized MAE: 1.196933, 
                Val Optimized Typed MAE: 17.983983, 
                Val Hausdorff: 1.878537,
                Atom Type Acc: 12.81%

Epoch 7/200 - Train Loss: 3.312733, 
                Val MAE: 1.265686, Val Optimized MAE: 1.196366, 
                Val Optimized Typed MAE: 17.922320, 
                Val Hausdorff: 1.877710,
                Atom Type Acc: 13.00%

Epoch 8/200 - Train Loss: 3.297574, 
                Val MAE: 1.265682, Val Optimized MAE: 1.196118, 
                Val Optimized Typed MAE: 17.930806, 
                Val Hausdorff: 1.877556,
                Atom Type Acc: 12.90%

Epoch 9/200 - Train Loss: 3.297654, 
                Val MAE: 1.265674, Val Optimized MAE: 1.196372, 
                Val Optimized Typed MAE: 17.913636, 
                Val Hausdorff: 1.878015,
                Atom Type Acc: 12.95%

Epoch 10/200 - Train Loss: 3.304439, 
                Val MAE: 1.265669, Val Optimized MAE: 1.196565, 
                Val Optimized Typed MAE: 17.908260, 
                Val Hausdorff: 1.878432,
                Atom Type Acc: 12.97%

Epoch 11/200 - Train Loss: 3.301190, 
                Val MAE: 1.265692, Val Optimized MAE: 1.195383, 
                Val Optimized Typed MAE: 17.916602, 
                Val Hausdorff: 1.876414,
                Atom Type Acc: 12.94%

Epoch 12/200 - Train Loss: 3.305338, 
                Val MAE: 1.265684, Val Optimized MAE: 1.196851, 
                Val Optimized Typed MAE: 17.953760, 
                Val Hausdorff: 1.878412,
                Atom Type Acc: 12.87%

Epoch 13/200 - Train Loss: 3.296410, 
                Val MAE: 1.265670, Val Optimized MAE: 1.197162, 
                Val Optimized Typed MAE: 17.902480, 
                Val Hausdorff: 1.879197,
                Atom Type Acc: 13.03%

Epoch 14/200 - Train Loss: 3.305219, 
                Val MAE: 1.265678, Val Optimized MAE: 1.195863, 
                Val Optimized Typed MAE: 17.943270, 
                Val Hausdorff: 1.877044,
                Atom Type Acc: 12.82%

Epoch 15/200 - Train Loss: 3.296306, 
                Val MAE: 1.265682, Val Optimized MAE: 1.196840, 
                Val Optimized Typed MAE: 17.941827, 
                Val Hausdorff: 1.878515,
                Atom Type Acc: 12.90%

Epoch 16/200 - Train Loss: 3.300916, 
                Val MAE: 1.265687, Val Optimized MAE: 1.196002, 
                Val Optimized Typed MAE: 17.925152, 
                Val Hausdorff: 1.877129,
                Atom Type Acc: 12.96%

Epoch 17/200 - Train Loss: 3.313525, 
                Val MAE: 1.265685, Val Optimized MAE: 1.195412, 
                Val Optimized Typed MAE: 17.903953, 
                Val Hausdorff: 1.876381,
                Atom Type Acc: 12.97%

Epoch 18/200 - Train Loss: 3.303932, 
                Val MAE: 1.265684, Val Optimized MAE: 1.196157, 
                Val Optimized Typed MAE: 17.923705, 
                Val Hausdorff: 1.877333,
                Atom Type Acc: 13.00%

Epoch 19/200 - Train Loss: 3.301105, 
                Val MAE: 1.265699, Val Optimized MAE: 1.195364, 
                Val Optimized Typed MAE: 17.903890, 
                Val Hausdorff: 1.876089,
                Atom Type Acc: 13.04%

Epoch 20/200 - Train Loss: 3.298928, 
                Val MAE: 1.265673, Val Optimized MAE: 1.197592, 
                Val Optimized Typed MAE: 17.931465, 
                Val Hausdorff: 1.879756,
                Atom Type Acc: 12.94%

Epoch 21/200 - Train Loss: 3.302458, 
                Val MAE: 1.265675, Val Optimized MAE: 1.196395, 
                Val Optimized Typed MAE: 17.912842, 
                Val Hausdorff: 1.877848,
                Atom Type Acc: 12.96%

Epoch 22/200 - Train Loss: 3.296497, 
                Val MAE: 1.265678, Val Optimized MAE: 1.196495, 
                Val Optimized Typed MAE: 17.950211, 
                Val Hausdorff: 1.877940,
                Atom Type Acc: 12.85%

Epoch 23/200 - Train Loss: 3.294351, 
                Val MAE: 1.265675, Val Optimized MAE: 1.196823, 
                Val Optimized Typed MAE: 17.962428, 
                Val Hausdorff: 1.878569,
                Atom Type Acc: 12.86%

Epoch 24/200 - Train Loss: 3.289038, 
                Val MAE: 1.265673, Val Optimized MAE: 1.196232, 
                Val Optimized Typed MAE: 17.914303, 
                Val Hausdorff: 1.877837,
                Atom Type Acc: 12.88%

Epoch 25/200 - Train Loss: 3.307827, 
                Val MAE: 1.265678, Val Optimized MAE: 1.196633, 
                Val Optimized Typed MAE: 17.955920, 
                Val Hausdorff: 1.878158,
                Atom Type Acc: 12.83%

Epoch 26/200 - Train Loss: 3.299165, 
                Val MAE: 1.265689, Val Optimized MAE: 1.195881, 
                Val Optimized Typed MAE: 17.914709, 
                Val Hausdorff: 1.877134,
                Atom Type Acc: 12.97%

Epoch 27/200 - Train Loss: 3.302659, 
                Val MAE: 1.265667, Val Optimized MAE: 1.197173, 
                Val Optimized Typed MAE: 17.965948, 
                Val Hausdorff: 1.879086,
                Atom Type Acc: 12.88%

Epoch 28/200 - Train Loss: 3.294678, 
                Val MAE: 1.265690, Val Optimized MAE: 1.196552, 
                Val Optimized Typed MAE: 17.879698, 
                Val Hausdorff: 1.877953,
                Atom Type Acc: 13.15%

Epoch 29/200 - Train Loss: 3.306872, 
                Val MAE: 1.265694, Val Optimized MAE: 1.196531, 
                Val Optimized Typed MAE: 17.903435, 
                Val Hausdorff: 1.877861,
                Atom Type Acc: 13.06%

Epoch 30/200 - Train Loss: 3.303379, 
                Val MAE: 1.265686, Val Optimized MAE: 1.195239, 
                Val Optimized Typed MAE: 17.889508, 
                Val Hausdorff: 1.876075,
                Atom Type Acc: 12.99%

Epoch 31/200 - Train Loss: 3.288443, 
                Val MAE: 1.265675, Val Optimized MAE: 1.196819, 
                Val Optimized Typed MAE: 17.898196, 
                Val Hausdorff: 1.878598,
                Atom Type Acc: 13.00%

Epoch 32/200 - Train Loss: 3.304297, 
                Val MAE: 1.265690, Val Optimized MAE: 1.194798, 
                Val Optimized Typed MAE: 17.897777, 
                Val Hausdorff: 1.875318,
                Atom Type Acc: 12.99%

Epoch 33/200 - Train Loss: 3.291749, 
                Val MAE: 1.265682, Val Optimized MAE: 1.195861, 
                Val Optimized Typed MAE: 17.955941, 
                Val Hausdorff: 1.876906,
                Atom Type Acc: 12.78%

Epoch 34/200 - Train Loss: 3.303501, 
                Val MAE: 1.265676, Val Optimized MAE: 1.197003, 
                Val Optimized Typed MAE: 17.927726, 
                Val Hausdorff: 1.878438,
                Atom Type Acc: 13.11%

Epoch 35/200 - Train Loss: 3.298457, 
                Val MAE: 1.265685, Val Optimized MAE: 1.195555, 
                Val Optimized Typed MAE: 17.933456, 
                Val Hausdorff: 1.876538,
                Atom Type Acc: 12.87%

Epoch 36/200 - Train Loss: 3.306432, 
                Val MAE: 1.265679, Val Optimized MAE: 1.196369, 
                Val Optimized Typed MAE: 17.927880, 
                Val Hausdorff: 1.877900,
                Atom Type Acc: 12.94%

Epoch 37/200 - Train Loss: 3.304459, 
                Val MAE: 1.265687, Val Optimized MAE: 1.195951, 
                Val Optimized Typed MAE: 17.885426, 
                Val Hausdorff: 1.877219,
                Atom Type Acc: 13.08%

Epoch 38/200 - Train Loss: 3.293961, 
                Val MAE: 1.265674, Val Optimized MAE: 1.196995, 
                Val Optimized Typed MAE: 17.915001, 
                Val Hausdorff: 1.878581,
                Atom Type Acc: 13.04%

Epoch 39/200 - Train Loss: 3.300569, 
                Val MAE: 1.265676, Val Optimized MAE: 1.196481, 
                Val Optimized Typed MAE: 17.945423, 
                Val Hausdorff: 1.878000,
                Atom Type Acc: 12.90%

Epoch 40/200 - Train Loss: 3.295468, 
                Val MAE: 1.265682, Val Optimized MAE: 1.196228, 
                Val Optimized Typed MAE: 17.962624, 
                Val Hausdorff: 1.877412,
                Atom Type Acc: 12.83%

Epoch 41/200 - Train Loss: 3.297092, 
                Val MAE: 1.265679, Val Optimized MAE: 1.196363, 
                Val Optimized Typed MAE: 17.940584, 
                Val Hausdorff: 1.877810,
                Atom Type Acc: 12.90%

Epoch 42/200 - Train Loss: 3.304935, 
                Val MAE: 1.265674, Val Optimized MAE: 1.196207, 
                Val Optimized Typed MAE: 17.911070, 
                Val Hausdorff: 1.877567,
                Atom Type Acc: 12.98%

Epoch 43/200 - Train Loss: 3.303723, 
                Val MAE: 1.265685, Val Optimized MAE: 1.195769, 
                Val Optimized Typed MAE: 17.906667, 
                Val Hausdorff: 1.876929,
                Atom Type Acc: 12.98%

Epoch 44/200 - Train Loss: 3.307058, 
                Val MAE: 1.265680, Val Optimized MAE: 1.196660, 
                Val Optimized Typed MAE: 17.918635, 
                Val Hausdorff: 1.878393,
                Atom Type Acc: 12.99%

Epoch 45/200 - Train Loss: 3.294437, 
                Val MAE: 1.265689, Val Optimized MAE: 1.196009, 
                Val Optimized Typed MAE: 17.924345, 
                Val Hausdorff: 1.877107,
                Atom Type Acc: 12.92%

Epoch 46/200 - Train Loss: 3.295828, 
                Val MAE: 1.265690, Val Optimized MAE: 1.195789, 
                Val Optimized Typed MAE: 17.897179, 
                Val Hausdorff: 1.876888,
                Atom Type Acc: 13.02%

Epoch 47/200 - Train Loss: 3.301635, 
                Val MAE: 1.265692, Val Optimized MAE: 1.195503, 
                Val Optimized Typed MAE: 17.912746, 
                Val Hausdorff: 1.876417,
                Atom Type Acc: 12.98%

Epoch 48/200 - Train Loss: 3.295973, 
                Val MAE: 1.265694, Val Optimized MAE: 1.195999, 
                Val Optimized Typed MAE: 17.913240, 
                Val Hausdorff: 1.877043,
                Atom Type Acc: 13.05%

Epoch 49/200 - Train Loss: 3.293544, 
                Val MAE: 1.265679, Val Optimized MAE: 1.196577, 
                Val Optimized Typed MAE: 17.926511, 
                Val Hausdorff: 1.878056,
                Atom Type Acc: 12.97%

Epoch 50/200 - Train Loss: 3.295372, 
                Val MAE: 1.265674, Val Optimized MAE: 1.196700, 
                Val Optimized Typed MAE: 17.953599, 
                Val Hausdorff: 1.878385,
                Atom Type Acc: 12.84%

Epoch 51/200 - Train Loss: 3.295614, 
                Val MAE: 1.265670, Val Optimized MAE: 1.197282, 
                Val Optimized Typed MAE: 17.939883, 
                Val Hausdorff: 1.879259,
                Atom Type Acc: 12.92%

Epoch 52/200 - Train Loss: 3.301989, 
                Val MAE: 1.265688, Val Optimized MAE: 1.196315, 
                Val Optimized Typed MAE: 17.919909, 
                Val Hausdorff: 1.877361,
                Atom Type Acc: 13.07%

Epoch 53/200 - Train Loss: 3.298544, 
                Val MAE: 1.265675, Val Optimized MAE: 1.196995, 
                Val Optimized Typed MAE: 17.899131, 
                Val Hausdorff: 1.878682,
                Atom Type Acc: 13.04%

Epoch 54/200 - Train Loss: 3.301619, 
                Val MAE: 1.265667, Val Optimized MAE: 1.197164, 
                Val Optimized Typed MAE: 17.959619, 
                Val Hausdorff: 1.879092,
                Atom Type Acc: 12.84%

Epoch 55/200 - Train Loss: 3.309113, 
                Val MAE: 1.265685, Val Optimized MAE: 1.195966, 
                Val Optimized Typed MAE: 17.937821, 
                Val Hausdorff: 1.876927,
                Atom Type Acc: 12.91%

Epoch 56/200 - Train Loss: 3.302614, 
                Val MAE: 1.265685, Val Optimized MAE: 1.195768, 
                Val Optimized Typed MAE: 17.968578, 
                Val Hausdorff: 1.876966,
                Atom Type Acc: 12.73%

Epoch 57/200 - Train Loss: 3.295409, 
                Val MAE: 1.265679, Val Optimized MAE: 1.196235, 
                Val Optimized Typed MAE: 17.909500, 
                Val Hausdorff: 1.877495,
                Atom Type Acc: 12.99%

Epoch 58/200 - Train Loss: 3.306246, 
                Val MAE: 1.265685, Val Optimized MAE: 1.196860, 
                Val Optimized Typed MAE: 17.924371, 
                Val Hausdorff: 1.878309,
                Atom Type Acc: 13.02%

Epoch 59/200 - Train Loss: 3.309456, 
                Val MAE: 1.265699, Val Optimized MAE: 1.195494, 
                Val Optimized Typed MAE: 17.933368, 
                Val Hausdorff: 1.876412,
                Atom Type Acc: 12.90%

Epoch 60/200 - Train Loss: 3.291436, 
                Val MAE: 1.265689, Val Optimized MAE: 1.195985, 
                Val Optimized Typed MAE: 17.898156, 
                Val Hausdorff: 1.877282,
                Atom Type Acc: 13.04%

Epoch 61/200 - Train Loss: 3.292886, 
                Val MAE: 1.265695, Val Optimized MAE: 1.194576, 
                Val Optimized Typed MAE: 17.908678, 
                Val Hausdorff: 1.874947,
                Atom Type Acc: 12.92%

Epoch 62/200 - Train Loss: 3.301930, 
                Val MAE: 1.265684, Val Optimized MAE: 1.196202, 
                Val Optimized Typed MAE: 17.953111, 
                Val Hausdorff: 1.877339,
                Atom Type Acc: 12.86%

Epoch 63/200 - Train Loss: 3.295961, 
                Val MAE: 1.265682, Val Optimized MAE: 1.195930, 
                Val Optimized Typed MAE: 17.890192, 
                Val Hausdorff: 1.877415,
                Atom Type Acc: 13.02%

Epoch 64/200 - Train Loss: 3.299933, 
                Val MAE: 1.265666, Val Optimized MAE: 1.196783, 
                Val Optimized Typed MAE: 17.944969, 
                Val Hausdorff: 1.878602,
                Atom Type Acc: 12.86%

Epoch 65/200 - Train Loss: 3.301568, 
                Val MAE: 1.265686, Val Optimized MAE: 1.196241, 
                Val Optimized Typed MAE: 17.901607, 
                Val Hausdorff: 1.877735,
                Atom Type Acc: 13.01%

Epoch 66/200 - Train Loss: 3.307299, 
                Val MAE: 1.265690, Val Optimized MAE: 1.195548, 
                Val Optimized Typed MAE: 17.910418, 
                Val Hausdorff: 1.876556,
                Atom Type Acc: 12.93%

Epoch 67/200 - Train Loss: 3.301720, 
                Val MAE: 1.265675, Val Optimized MAE: 1.196208, 
                Val Optimized Typed MAE: 17.955506, 
                Val Hausdorff: 1.877503,
                Atom Type Acc: 12.83%

Epoch 68/200 - Train Loss: 3.297229, 
                Val MAE: 1.265686, Val Optimized MAE: 1.196153, 
                Val Optimized Typed MAE: 17.914194, 
                Val Hausdorff: 1.877448,
                Atom Type Acc: 13.00%

Epoch 69/200 - Train Loss: 3.304467, 
                Val MAE: 1.265683, Val Optimized MAE: 1.195273, 
                Val Optimized Typed MAE: 17.907775, 
                Val Hausdorff: 1.876138,
                Atom Type Acc: 12.96%

Epoch 70/200 - Train Loss: 3.295356, 
                Val MAE: 1.265688, Val Optimized MAE: 1.195639, 
                Val Optimized Typed MAE: 17.916850, 
                Val Hausdorff: 1.876627,
                Atom Type Acc: 12.93%

Epoch 71/200 - Train Loss: 3.297180, 
                Val MAE: 1.265690, Val Optimized MAE: 1.195983, 
                Val Optimized Typed MAE: 17.922767, 
                Val Hausdorff: 1.877066,
                Atom Type Acc: 12.94%

Epoch 72/200 - Train Loss: 3.286885, 
                Val MAE: 1.265673, Val Optimized MAE: 1.196521, 
                Val Optimized Typed MAE: 17.938340, 
                Val Hausdorff: 1.877989,
                Atom Type Acc: 12.90%

Epoch 73/200 - Train Loss: 3.302991, 
                Val MAE: 1.265681, Val Optimized MAE: 1.196599, 
                Val Optimized Typed MAE: 17.951881, 
                Val Hausdorff: 1.878080,
                Atom Type Acc: 12.88%

Epoch 74/200 - Train Loss: 3.293120, 
                Val MAE: 1.265678, Val Optimized MAE: 1.196529, 
                Val Optimized Typed MAE: 17.947897, 
                Val Hausdorff: 1.877994,
                Atom Type Acc: 12.87%

Epoch 75/200 - Train Loss: 3.302549, 
                Val MAE: 1.265687, Val Optimized MAE: 1.195957, 
                Val Optimized Typed MAE: 17.903679, 
                Val Hausdorff: 1.877176,
                Atom Type Acc: 13.03%

Epoch 76/200 - Train Loss: 3.298413, 
                Val MAE: 1.265681, Val Optimized MAE: 1.196052, 
                Val Optimized Typed MAE: 17.918065, 
                Val Hausdorff: 1.877518,
                Atom Type Acc: 12.94%

Epoch 77/200 - Train Loss: 3.293754, 
                Val MAE: 1.265680, Val Optimized MAE: 1.196698, 
                Val Optimized Typed MAE: 17.923420, 
                Val Hausdorff: 1.878263,
                Atom Type Acc: 12.95%

Epoch 78/200 - Train Loss: 3.297350, 
                Val MAE: 1.265689, Val Optimized MAE: 1.196499, 
                Val Optimized Typed MAE: 17.922449, 
                Val Hausdorff: 1.878027,
                Atom Type Acc: 12.97%

Epoch 79/200 - Train Loss: 3.299888, 
                Val MAE: 1.265704, Val Optimized MAE: 1.195657, 
                Val Optimized Typed MAE: 17.885965, 
                Val Hausdorff: 1.876429,
                Atom Type Acc: 13.12%

Epoch 80/200 - Train Loss: 3.301006, 
                Val MAE: 1.265687, Val Optimized MAE: 1.196135, 
                Val Optimized Typed MAE: 17.930845, 
                Val Hausdorff: 1.877283,
                Atom Type Acc: 12.89%

Epoch 81/200 - Train Loss: 3.303830, 
                Val MAE: 1.265681, Val Optimized MAE: 1.196443, 
                Val Optimized Typed MAE: 17.944609, 
                Val Hausdorff: 1.877999,
                Atom Type Acc: 12.87%

Epoch 82/200 - Train Loss: 3.299726, 
                Val MAE: 1.265689, Val Optimized MAE: 1.195247, 
                Val Optimized Typed MAE: 17.914095, 
                Val Hausdorff: 1.876114,
                Atom Type Acc: 12.92%

Epoch 83/200 - Train Loss: 3.301314, 
                Val MAE: 1.265671, Val Optimized MAE: 1.197194, 
                Val Optimized Typed MAE: 17.947751, 
                Val Hausdorff: 1.879124,
                Atom Type Acc: 12.89%

Epoch 84/200 - Train Loss: 3.293440, 
                Val MAE: 1.265684, Val Optimized MAE: 1.195971, 
                Val Optimized Typed MAE: 17.933826, 
                Val Hausdorff: 1.877075,
                Atom Type Acc: 12.91%

Epoch 85/200 - Train Loss: 3.299681, 
                Val MAE: 1.265693, Val Optimized MAE: 1.195299, 
                Val Optimized Typed MAE: 17.930785, 
                Val Hausdorff: 1.875951,
                Atom Type Acc: 12.89%

Epoch 86/200 - Train Loss: 3.303403, 
                Val MAE: 1.265689, Val Optimized MAE: 1.195221, 
                Val Optimized Typed MAE: 17.898234, 
                Val Hausdorff: 1.876176,
                Atom Type Acc: 12.97%

Epoch 87/200 - Train Loss: 3.299270, 
                Val MAE: 1.265678, Val Optimized MAE: 1.196408, 
                Val Optimized Typed MAE: 17.908086, 
                Val Hausdorff: 1.877742,
                Atom Type Acc: 13.04%

Epoch 88/200 - Train Loss: 3.302350, 
                Val MAE: 1.265680, Val Optimized MAE: 1.196740, 
                Val Optimized Typed MAE: 17.932985, 
                Val Hausdorff: 1.878380,
                Atom Type Acc: 12.89%

Epoch 89/200 - Train Loss: 3.287728, 
                Val MAE: 1.265680, Val Optimized MAE: 1.196434, 
                Val Optimized Typed MAE: 17.935883, 
                Val Hausdorff: 1.877886,
                Atom Type Acc: 12.88%

Epoch 90/200 - Train Loss: 3.299530, 
                Val MAE: 1.265690, Val Optimized MAE: 1.195460, 
                Val Optimized Typed MAE: 17.933340, 
                Val Hausdorff: 1.876222,
                Atom Type Acc: 12.90%

Epoch 91/200 - Train Loss: 3.302815, 
                Val MAE: 1.265674, Val Optimized MAE: 1.196287, 
                Val Optimized Typed MAE: 17.960350, 
                Val Hausdorff: 1.877794,
                Atom Type Acc: 12.79%

Epoch 92/200 - Train Loss: 3.288697, 
                Val MAE: 1.265685, Val Optimized MAE: 1.195520, 
                Val Optimized Typed MAE: 17.899304, 
                Val Hausdorff: 1.876568,
                Atom Type Acc: 13.00%

Epoch 93/200 - Train Loss: 3.296079, 
                Val MAE: 1.265666, Val Optimized MAE: 1.196794, 
                Val Optimized Typed MAE: 17.951295, 
                Val Hausdorff: 1.878504,
                Atom Type Acc: 12.86%

Epoch 94/200 - Train Loss: 3.304104, 
                Val MAE: 1.265680, Val Optimized MAE: 1.196019, 
                Val Optimized Typed MAE: 17.959270, 
                Val Hausdorff: 1.877308,
                Atom Type Acc: 12.83%

Epoch 95/200 - Train Loss: 3.306709, 
                Val MAE: 1.265668, Val Optimized MAE: 1.197533, 
                Val Optimized Typed MAE: 17.929022, 
                Val Hausdorff: 1.879454,
                Atom Type Acc: 13.05%

Epoch 96/200 - Train Loss: 3.299473, 
                Val MAE: 1.265681, Val Optimized MAE: 1.196205, 
                Val Optimized Typed MAE: 17.899962, 
                Val Hausdorff: 1.877540,
                Atom Type Acc: 13.04%

Epoch 97/200 - Train Loss: 3.306218, 
                Val MAE: 1.265687, Val Optimized MAE: 1.195837, 
                Val Optimized Typed MAE: 17.905950, 
                Val Hausdorff: 1.876915,
                Atom Type Acc: 12.97%

Epoch 98/200 - Train Loss: 3.304824, 
                Val MAE: 1.265669, Val Optimized MAE: 1.198148, 
                Val Optimized Typed MAE: 17.954243, 
                Val Hausdorff: 1.880700,
                Atom Type Acc: 12.93%

Epoch 99/200 - Train Loss: 3.299506, 
                Val MAE: 1.265662, Val Optimized MAE: 1.196721, 
                Val Optimized Typed MAE: 17.953635, 
                Val Hausdorff: 1.878542,
                Atom Type Acc: 12.80%

Epoch 100/200 - Train Loss: 3.297920, 
                Val MAE: 1.265684, Val Optimized MAE: 1.195365, 
                Val Optimized Typed MAE: 17.916597, 
                Val Hausdorff: 1.876442,
                Atom Type Acc: 12.87%

Epoch 101/200 - Train Loss: 3.299694, 
                Val MAE: 1.265681, Val Optimized MAE: 1.196420, 
                Val Optimized Typed MAE: 17.931109, 
                Val Hausdorff: 1.877634,
                Atom Type Acc: 12.94%

Epoch 102/200 - Train Loss: 3.303197, 
                Val MAE: 1.265693, Val Optimized MAE: 1.195889, 
                Val Optimized Typed MAE: 17.905156, 
                Val Hausdorff: 1.876895,
                Atom Type Acc: 13.01%

Epoch 103/200 - Train Loss: 3.300275, 
                Val MAE: 1.265674, Val Optimized MAE: 1.197468, 
                Val Optimized Typed MAE: 17.963897, 
                Val Hausdorff: 1.879536,
                Atom Type Acc: 12.91%

Epoch 104/200 - Train Loss: 3.302927, 
                Val MAE: 1.265683, Val Optimized MAE: 1.195642, 
                Val Optimized Typed MAE: 17.945429, 
                Val Hausdorff: 1.876546,
                Atom Type Acc: 12.85%

Epoch 105/200 - Train Loss: 3.296797, 
                Val MAE: 1.265698, Val Optimized MAE: 1.195284, 
                Val Optimized Typed MAE: 17.915733, 
                Val Hausdorff: 1.875994,
                Atom Type Acc: 12.97%

Epoch 106/200 - Train Loss: 3.301106, 
                Val MAE: 1.265700, Val Optimized MAE: 1.195989, 
                Val Optimized Typed MAE: 17.875139, 
                Val Hausdorff: 1.877005,
                Atom Type Acc: 13.17%

Epoch 107/200 - Train Loss: 3.290834, 
                Val MAE: 1.265672, Val Optimized MAE: 1.196373, 
                Val Optimized Typed MAE: 17.946983, 
                Val Hausdorff: 1.878123,
                Atom Type Acc: 12.85%

Epoch 108/200 - Train Loss: 3.294631, 
                Val MAE: 1.265679, Val Optimized MAE: 1.196216, 
                Val Optimized Typed MAE: 17.925357, 
                Val Hausdorff: 1.877556,
                Atom Type Acc: 12.95%

Epoch 109/200 - Train Loss: 3.288560, 
                Val MAE: 1.265680, Val Optimized MAE: 1.196149, 
                Val Optimized Typed MAE: 17.949120, 
                Val Hausdorff: 1.877560,
                Atom Type Acc: 12.82%

Epoch 110/200 - Train Loss: 3.302146, 
                Val MAE: 1.265691, Val Optimized MAE: 1.195182, 
                Val Optimized Typed MAE: 17.911660, 
                Val Hausdorff: 1.875923,
                Atom Type Acc: 12.94%

Epoch 111/200 - Train Loss: 3.308079, 
                Val MAE: 1.265689, Val Optimized MAE: 1.196417, 
                Val Optimized Typed MAE: 17.926340, 
                Val Hausdorff: 1.877792,
                Atom Type Acc: 12.91%

Epoch 112/200 - Train Loss: 3.298937, 
                Val MAE: 1.265690, Val Optimized MAE: 1.195790, 
                Val Optimized Typed MAE: 17.906658, 
                Val Hausdorff: 1.876829,
                Atom Type Acc: 13.06%

Epoch 113/200 - Train Loss: 3.293737, 
                Val MAE: 1.265685, Val Optimized MAE: 1.195699, 
                Val Optimized Typed MAE: 17.912154, 
                Val Hausdorff: 1.876730,
                Atom Type Acc: 12.98%

Epoch 114/200 - Train Loss: 3.302901, 
                Val MAE: 1.265665, Val Optimized MAE: 1.198269, 
                Val Optimized Typed MAE: 17.984490, 
                Val Hausdorff: 1.880955,
                Atom Type Acc: 12.82%

Epoch 115/200 - Train Loss: 3.294265, 
                Val MAE: 1.265674, Val Optimized MAE: 1.196383, 
                Val Optimized Typed MAE: 17.946136, 
                Val Hausdorff: 1.878010,
                Atom Type Acc: 12.82%

Epoch 116/200 - Train Loss: 3.301835, 
                Val MAE: 1.265680, Val Optimized MAE: 1.196345, 
                Val Optimized Typed MAE: 17.954044, 
                Val Hausdorff: 1.877806,
                Atom Type Acc: 12.83%

Epoch 117/200 - Train Loss: 3.304048, 
                Val MAE: 1.265676, Val Optimized MAE: 1.196355, 
                Val Optimized Typed MAE: 17.927113, 
                Val Hausdorff: 1.878101,
                Atom Type Acc: 12.87%

Epoch 118/200 - Train Loss: 3.314290, 
                Val MAE: 1.265689, Val Optimized MAE: 1.196603, 
                Val Optimized Typed MAE: 17.922555, 
                Val Hausdorff: 1.878066,
                Atom Type Acc: 12.99%

Epoch 119/200 - Train Loss: 3.300389, 
                Val MAE: 1.265672, Val Optimized MAE: 1.197387, 
                Val Optimized Typed MAE: 17.957442, 
                Val Hausdorff: 1.879359,
                Atom Type Acc: 12.85%

Epoch 120/200 - Train Loss: 3.295579, 
                Val MAE: 1.265676, Val Optimized MAE: 1.196219, 
                Val Optimized Typed MAE: 17.935706, 
                Val Hausdorff: 1.877576,
                Atom Type Acc: 12.91%

Epoch 121/200 - Train Loss: 3.307792, 
                Val MAE: 1.265674, Val Optimized MAE: 1.196023, 
                Val Optimized Typed MAE: 17.951414, 
                Val Hausdorff: 1.877561,
                Atom Type Acc: 12.75%

Epoch 122/200 - Train Loss: 3.298271, 
                Val MAE: 1.265666, Val Optimized MAE: 1.197106, 
                Val Optimized Typed MAE: 18.007140, 
                Val Hausdorff: 1.878881,
                Atom Type Acc: 12.74%

Epoch 123/200 - Train Loss: 3.300845, 
                Val MAE: 1.265680, Val Optimized MAE: 1.196079, 
                Val Optimized Typed MAE: 17.907755, 
                Val Hausdorff: 1.877386,
                Atom Type Acc: 12.99%

Epoch 124/200 - Train Loss: 3.298878, 
                Val MAE: 1.265685, Val Optimized MAE: 1.195866, 
                Val Optimized Typed MAE: 17.914695, 
                Val Hausdorff: 1.877224,
                Atom Type Acc: 12.98%

Epoch 125/200 - Train Loss: 3.299930, 
                Val MAE: 1.265707, Val Optimized MAE: 1.194966, 
                Val Optimized Typed MAE: 17.875726, 
                Val Hausdorff: 1.875477,
                Atom Type Acc: 13.18%

Epoch 126/200 - Train Loss: 3.292661, 
                Val MAE: 1.265688, Val Optimized MAE: 1.196108, 
                Val Optimized Typed MAE: 17.929212, 
                Val Hausdorff: 1.877164,
                Atom Type Acc: 12.91%

Epoch 127/200 - Train Loss: 3.302126, 
                Val MAE: 1.265671, Val Optimized MAE: 1.196926, 
                Val Optimized Typed MAE: 17.972076, 
                Val Hausdorff: 1.878746,
                Atom Type Acc: 12.83%

Epoch 128/200 - Train Loss: 3.295357, 
                Val MAE: 1.265683, Val Optimized MAE: 1.196623, 
                Val Optimized Typed MAE: 17.908298, 
                Val Hausdorff: 1.877940,
                Atom Type Acc: 13.05%

Epoch 129/200 - Train Loss: 3.298222, 
                Val MAE: 1.265697, Val Optimized MAE: 1.195021, 
                Val Optimized Typed MAE: 17.908317, 
                Val Hausdorff: 1.875735,
                Atom Type Acc: 12.98%

Epoch 130/200 - Train Loss: 3.296515, 
                Val MAE: 1.265679, Val Optimized MAE: 1.196554, 
                Val Optimized Typed MAE: 17.914550, 
                Val Hausdorff: 1.878086,
                Atom Type Acc: 13.00%

Epoch 131/200 - Train Loss: 3.300391, 
                Val MAE: 1.265684, Val Optimized MAE: 1.196063, 
                Val Optimized Typed MAE: 17.899861, 
                Val Hausdorff: 1.877622,
                Atom Type Acc: 13.01%

Epoch 132/200 - Train Loss: 3.295573, 
                Val MAE: 1.265677, Val Optimized MAE: 1.196848, 
                Val Optimized Typed MAE: 17.891059, 
                Val Hausdorff: 1.878503,
                Atom Type Acc: 13.12%

Epoch 133/200 - Train Loss: 3.301702, 
                Val MAE: 1.265689, Val Optimized MAE: 1.195966, 
                Val Optimized Typed MAE: 17.955259, 
                Val Hausdorff: 1.876917,
                Atom Type Acc: 12.81%

Epoch 134/200 - Train Loss: 3.295402, 
                Val MAE: 1.265685, Val Optimized MAE: 1.195990, 
                Val Optimized Typed MAE: 17.925124, 
                Val Hausdorff: 1.877239,
                Atom Type Acc: 12.94%

Epoch 135/200 - Train Loss: 3.298998, 
                Val MAE: 1.265682, Val Optimized MAE: 1.196787, 
                Val Optimized Typed MAE: 17.933868, 
                Val Hausdorff: 1.878389,
                Atom Type Acc: 12.90%

Epoch 136/200 - Train Loss: 3.303106, 
                Val MAE: 1.265685, Val Optimized MAE: 1.196381, 
                Val Optimized Typed MAE: 17.907283, 
                Val Hausdorff: 1.877789,
                Atom Type Acc: 13.02%

Epoch 137/200 - Train Loss: 3.301706, 
                Val MAE: 1.265674, Val Optimized MAE: 1.195910, 
                Val Optimized Typed MAE: 17.929067, 
                Val Hausdorff: 1.877318,
                Atom Type Acc: 12.87%

Epoch 138/200 - Train Loss: 3.300883, 
                Val MAE: 1.265679, Val Optimized MAE: 1.196230, 
                Val Optimized Typed MAE: 17.903144, 
                Val Hausdorff: 1.877626,
                Atom Type Acc: 13.01%

Epoch 139/200 - Train Loss: 3.299766, 
                Val MAE: 1.265671, Val Optimized MAE: 1.197497, 
                Val Optimized Typed MAE: 17.938513, 
                Val Hausdorff: 1.879945,
                Atom Type Acc: 12.91%

Epoch 140/200 - Train Loss: 3.300423, 
                Val MAE: 1.265694, Val Optimized MAE: 1.195641, 
                Val Optimized Typed MAE: 17.912101, 
                Val Hausdorff: 1.876555,
                Atom Type Acc: 12.96%

Epoch 141/200 - Train Loss: 3.298446, 
                Val MAE: 1.265693, Val Optimized MAE: 1.195896, 
                Val Optimized Typed MAE: 17.863944, 
                Val Hausdorff: 1.876902,
                Atom Type Acc: 13.19%

Epoch 142/200 - Train Loss: 3.298199, 
                Val MAE: 1.265682, Val Optimized MAE: 1.196198, 
                Val Optimized Typed MAE: 17.910261, 
                Val Hausdorff: 1.877437,
                Atom Type Acc: 12.99%

Epoch 143/200 - Train Loss: 3.301416, 
                Val MAE: 1.265682, Val Optimized MAE: 1.196280, 
                Val Optimized Typed MAE: 17.923820, 
                Val Hausdorff: 1.877497,
                Atom Type Acc: 12.95%

Epoch 144/200 - Train Loss: 3.296603, 
                Val MAE: 1.265679, Val Optimized MAE: 1.197126, 
                Val Optimized Typed MAE: 17.934168, 
                Val Hausdorff: 1.879179,
                Atom Type Acc: 12.93%

Epoch 145/200 - Train Loss: 3.299818, 
                Val MAE: 1.265684, Val Optimized MAE: 1.196731, 
                Val Optimized Typed MAE: 17.952034, 
                Val Hausdorff: 1.878269,
                Atom Type Acc: 12.88%

Epoch 146/200 - Train Loss: 3.300328, 
                Val MAE: 1.265671, Val Optimized MAE: 1.196966, 
                Val Optimized Typed MAE: 17.950700, 
                Val Hausdorff: 1.879065,
                Atom Type Acc: 12.88%

Epoch 147/200 - Train Loss: 3.300773, 
                Val MAE: 1.265681, Val Optimized MAE: 1.196307, 
                Val Optimized Typed MAE: 17.923820, 
                Val Hausdorff: 1.877898,
                Atom Type Acc: 12.92%

Epoch 148/200 - Train Loss: 3.300995, 
                Val MAE: 1.265688, Val Optimized MAE: 1.195661, 
                Val Optimized Typed MAE: 17.927200, 
                Val Hausdorff: 1.876753,
                Atom Type Acc: 12.93%

Epoch 149/200 - Train Loss: 3.301123, 
                Val MAE: 1.265688, Val Optimized MAE: 1.195221, 
                Val Optimized Typed MAE: 17.905343, 
                Val Hausdorff: 1.876150,
                Atom Type Acc: 12.95%

Epoch 150/200 - Train Loss: 3.296244, 
                Val MAE: 1.265690, Val Optimized MAE: 1.195124, 
                Val Optimized Typed MAE: 17.910783, 
                Val Hausdorff: 1.875866,
                Atom Type Acc: 12.94%

Epoch 151/200 - Train Loss: 3.304519, 
                Val MAE: 1.265684, Val Optimized MAE: 1.196574, 
                Val Optimized Typed MAE: 17.895533, 
                Val Hausdorff: 1.877957,
                Atom Type Acc: 13.10%

Epoch 152/200 - Train Loss: 3.299090, 
                Val MAE: 1.265686, Val Optimized MAE: 1.195242, 
                Val Optimized Typed MAE: 17.901400, 
                Val Hausdorff: 1.876193,
                Atom Type Acc: 12.96%

Epoch 153/200 - Train Loss: 3.289772, 
                Val MAE: 1.265674, Val Optimized MAE: 1.197268, 
                Val Optimized Typed MAE: 17.920826, 
                Val Hausdorff: 1.879294,
                Atom Type Acc: 12.99%

Epoch 154/200 - Train Loss: 3.295368, 
                Val MAE: 1.265674, Val Optimized MAE: 1.197006, 
                Val Optimized Typed MAE: 17.961796, 
                Val Hausdorff: 1.878865,
                Atom Type Acc: 12.83%

Epoch 155/200 - Train Loss: 3.302853, 
                Val MAE: 1.265683, Val Optimized MAE: 1.195514, 
                Val Optimized Typed MAE: 17.915947, 
                Val Hausdorff: 1.876513,
                Atom Type Acc: 12.95%

Epoch 156/200 - Train Loss: 3.293143, 
                Val MAE: 1.265684, Val Optimized MAE: 1.196068, 
                Val Optimized Typed MAE: 17.908553, 
                Val Hausdorff: 1.877337,
                Atom Type Acc: 13.02%

Epoch 157/200 - Train Loss: 3.297738, 
                Val MAE: 1.265697, Val Optimized MAE: 1.195824, 
                Val Optimized Typed MAE: 17.878965, 
                Val Hausdorff: 1.876767,
                Atom Type Acc: 13.15%

Epoch 158/200 - Train Loss: 3.296776, 
                Val MAE: 1.265686, Val Optimized MAE: 1.195146, 
                Val Optimized Typed MAE: 17.921155, 
                Val Hausdorff: 1.876125,
                Atom Type Acc: 12.95%

Epoch 159/200 - Train Loss: 3.301152, 
                Val MAE: 1.265677, Val Optimized MAE: 1.196379, 
                Val Optimized Typed MAE: 17.918415, 
                Val Hausdorff: 1.878056,
                Atom Type Acc: 12.95%

Epoch 160/200 - Train Loss: 3.303018, 
                Val MAE: 1.265684, Val Optimized MAE: 1.196150, 
                Val Optimized Typed MAE: 17.926067, 
                Val Hausdorff: 1.877491,
                Atom Type Acc: 12.92%

Epoch 161/200 - Train Loss: 3.303900, 
                Val MAE: 1.265682, Val Optimized MAE: 1.196070, 
                Val Optimized Typed MAE: 17.891893, 
                Val Hausdorff: 1.877359,
                Atom Type Acc: 13.08%

Epoch 162/200 - Train Loss: 3.291083, 
                Val MAE: 1.265673, Val Optimized MAE: 1.196886, 
                Val Optimized Typed MAE: 17.932354, 
                Val Hausdorff: 1.878694,
                Atom Type Acc: 12.93%

Epoch 163/200 - Train Loss: 3.294729, 
                Val MAE: 1.265682, Val Optimized MAE: 1.196661, 
                Val Optimized Typed MAE: 17.904370, 
                Val Hausdorff: 1.878256,
                Atom Type Acc: 13.06%

Epoch 164/200 - Train Loss: 3.298563, 
                Val MAE: 1.265674, Val Optimized MAE: 1.196030, 
                Val Optimized Typed MAE: 17.938659, 
                Val Hausdorff: 1.877208,
                Atom Type Acc: 12.88%

Epoch 165/200 - Train Loss: 3.304321, 
                Val MAE: 1.265679, Val Optimized MAE: 1.196344, 
                Val Optimized Typed MAE: 17.907229, 
                Val Hausdorff: 1.877875,
                Atom Type Acc: 12.99%

Epoch 166/200 - Train Loss: 3.299242, 
                Val MAE: 1.265681, Val Optimized MAE: 1.196258, 
                Val Optimized Typed MAE: 17.945213, 
                Val Hausdorff: 1.877541,
                Atom Type Acc: 12.85%

Epoch 167/200 - Train Loss: 3.299222, 
                Val MAE: 1.265663, Val Optimized MAE: 1.196398, 
                Val Optimized Typed MAE: 17.939885, 
                Val Hausdorff: 1.878187,
                Atom Type Acc: 12.83%

Epoch 168/200 - Train Loss: 3.296701, 
                Val MAE: 1.265676, Val Optimized MAE: 1.197194, 
                Val Optimized Typed MAE: 17.953286, 
                Val Hausdorff: 1.878962,
                Atom Type Acc: 12.89%

Epoch 169/200 - Train Loss: 3.300020, 
                Val MAE: 1.265679, Val Optimized MAE: 1.196152, 
                Val Optimized Typed MAE: 17.912598, 
                Val Hausdorff: 1.877500,
                Atom Type Acc: 12.98%

Epoch 170/200 - Train Loss: 3.290200, 
                Val MAE: 1.265680, Val Optimized MAE: 1.196323, 
                Val Optimized Typed MAE: 17.897687, 
                Val Hausdorff: 1.877732,
                Atom Type Acc: 13.08%

Epoch 171/200 - Train Loss: 3.300146, 
                Val MAE: 1.265680, Val Optimized MAE: 1.196281, 
                Val Optimized Typed MAE: 17.942860, 
                Val Hausdorff: 1.877429,
                Atom Type Acc: 12.86%

Epoch 172/200 - Train Loss: 3.293944, 
                Val MAE: 1.265678, Val Optimized MAE: 1.197306, 
                Val Optimized Typed MAE: 17.946240, 
                Val Hausdorff: 1.878916,
                Atom Type Acc: 13.02%

Epoch 173/200 - Train Loss: 3.297659, 
                Val MAE: 1.265682, Val Optimized MAE: 1.196079, 
                Val Optimized Typed MAE: 17.919664, 
                Val Hausdorff: 1.877368,
                Atom Type Acc: 12.96%

Epoch 174/200 - Train Loss: 3.298736, 
                Val MAE: 1.265689, Val Optimized MAE: 1.195670, 
                Val Optimized Typed MAE: 17.916891, 
                Val Hausdorff: 1.876778,
                Atom Type Acc: 12.94%

Epoch 175/200 - Train Loss: 3.296755, 
                Val MAE: 1.265680, Val Optimized MAE: 1.195769, 
                Val Optimized Typed MAE: 17.889253, 
                Val Hausdorff: 1.877207,
                Atom Type Acc: 13.02%

Epoch 176/200 - Train Loss: 3.287778, 
                Val MAE: 1.265692, Val Optimized MAE: 1.195844, 
                Val Optimized Typed MAE: 17.890932, 
                Val Hausdorff: 1.876795,
                Atom Type Acc: 13.10%

Epoch 177/200 - Train Loss: 3.299992, 
                Val MAE: 1.265691, Val Optimized MAE: 1.195698, 
                Val Optimized Typed MAE: 17.892321, 
                Val Hausdorff: 1.876571,
                Atom Type Acc: 13.11%

Epoch 178/200 - Train Loss: 3.298920, 
                Val MAE: 1.265693, Val Optimized MAE: 1.195487, 
                Val Optimized Typed MAE: 17.911940, 
                Val Hausdorff: 1.876424,
                Atom Type Acc: 12.96%

Epoch 179/200 - Train Loss: 3.290841, 
                Val MAE: 1.265686, Val Optimized MAE: 1.196141, 
                Val Optimized Typed MAE: 17.937974, 
                Val Hausdorff: 1.877545,
                Atom Type Acc: 12.89%

Epoch 180/200 - Train Loss: 3.304442, 
                Val MAE: 1.265684, Val Optimized MAE: 1.195756, 
                Val Optimized Typed MAE: 17.916173, 
                Val Hausdorff: 1.876884,
                Atom Type Acc: 12.94%

Epoch 181/200 - Train Loss: 3.298481, 
                Val MAE: 1.265681, Val Optimized MAE: 1.195184, 
                Val Optimized Typed MAE: 17.896648, 
                Val Hausdorff: 1.876276,
                Atom Type Acc: 12.96%

Epoch 182/200 - Train Loss: 3.295675, 
                Val MAE: 1.265691, Val Optimized MAE: 1.195434, 
                Val Optimized Typed MAE: 17.907961, 
                Val Hausdorff: 1.876335,
                Atom Type Acc: 13.00%

Epoch 183/200 - Train Loss: 3.299789, 
                Val MAE: 1.265670, Val Optimized MAE: 1.197003, 
                Val Optimized Typed MAE: 17.973710, 
                Val Hausdorff: 1.878847,
                Atom Type Acc: 12.85%

Epoch 184/200 - Train Loss: 3.297009, 
                Val MAE: 1.265682, Val Optimized MAE: 1.195816, 
                Val Optimized Typed MAE: 17.894035, 
                Val Hausdorff: 1.877106,
                Atom Type Acc: 13.01%

Epoch 185/200 - Train Loss: 3.309827, 
                Val MAE: 1.265689, Val Optimized MAE: 1.196253, 
                Val Optimized Typed MAE: 17.915084, 
                Val Hausdorff: 1.877560,
                Atom Type Acc: 13.02%

Epoch 186/200 - Train Loss: 3.302969, 
                Val MAE: 1.265678, Val Optimized MAE: 1.196900, 
                Val Optimized Typed MAE: 17.945863, 
                Val Hausdorff: 1.878576,
                Atom Type Acc: 12.89%

Epoch 187/200 - Train Loss: 3.304788, 
                Val MAE: 1.265683, Val Optimized MAE: 1.196633, 
                Val Optimized Typed MAE: 17.931315, 
                Val Hausdorff: 1.878176,
                Atom Type Acc: 12.98%

Epoch 188/200 - Train Loss: 3.295221, 
                Val MAE: 1.265679, Val Optimized MAE: 1.196894, 
                Val Optimized Typed MAE: 17.929980, 
                Val Hausdorff: 1.878606,
                Atom Type Acc: 12.96%

Epoch 189/200 - Train Loss: 3.294500, 
                Val MAE: 1.265674, Val Optimized MAE: 1.197179, 
                Val Optimized Typed MAE: 17.964379, 
                Val Hausdorff: 1.879208,
                Atom Type Acc: 12.86%

Epoch 190/200 - Train Loss: 3.293825, 
                Val MAE: 1.265679, Val Optimized MAE: 1.196229, 
                Val Optimized Typed MAE: 17.921394, 
                Val Hausdorff: 1.877522,
                Atom Type Acc: 12.92%

Epoch 191/200 - Train Loss: 3.299332, 
                Val MAE: 1.265682, Val Optimized MAE: 1.196530, 
                Val Optimized Typed MAE: 17.906631, 
                Val Hausdorff: 1.878077,
                Atom Type Acc: 13.04%

Epoch 192/200 - Train Loss: 3.300039, 
                Val MAE: 1.265688, Val Optimized MAE: 1.196261, 
                Val Optimized Typed MAE: 17.933340, 
                Val Hausdorff: 1.877420,
                Atom Type Acc: 12.94%

Epoch 193/200 - Train Loss: 3.306884, 
                Val MAE: 1.265680, Val Optimized MAE: 1.196049, 
                Val Optimized Typed MAE: 17.949014, 
                Val Hausdorff: 1.877259,
                Atom Type Acc: 12.81%

Epoch 194/200 - Train Loss: 3.299105, 
                Val MAE: 1.265685, Val Optimized MAE: 1.196997, 
                Val Optimized Typed MAE: 17.941975, 
                Val Hausdorff: 1.878572,
                Atom Type Acc: 12.94%

Epoch 195/200 - Train Loss: 3.293768, 
                Val MAE: 1.265688, Val Optimized MAE: 1.196133, 
                Val Optimized Typed MAE: 17.920522, 
                Val Hausdorff: 1.877276,
                Atom Type Acc: 12.98%

Epoch 196/200 - Train Loss: 3.294548, 
                Val MAE: 1.265688, Val Optimized MAE: 1.196091, 
                Val Optimized Typed MAE: 17.926026, 
                Val Hausdorff: 1.877540,
                Atom Type Acc: 12.93%

Epoch 197/200 - Train Loss: 3.313456, 
                Val MAE: 1.265691, Val Optimized MAE: 1.195003, 
                Val Optimized Typed MAE: 17.880626, 
                Val Hausdorff: 1.876092,
                Atom Type Acc: 13.04%

Epoch 198/200 - Train Loss: 3.311309, 
                Val MAE: 1.265679, Val Optimized MAE: 1.196194, 
                Val Optimized Typed MAE: 17.899179, 
                Val Hausdorff: 1.877953,
                Atom Type Acc: 12.96%

Epoch 199/200 - Train Loss: 3.291119, 
                Val MAE: 1.265674, Val Optimized MAE: 1.196228, 
                Val Optimized Typed MAE: 17.933329, 
                Val Hausdorff: 1.877666,
                Atom Type Acc: 12.91%

Epoch 200/200 - Train Loss: 3.302126, 
                Val MAE: 1.265679, Val Optimized MAE: 1.195700, 
                Val Optimized Typed MAE: 17.905034, 
                Val Hausdorff: 1.876868,
                Atom Type Acc: 12.99%
Training complete. Model saved to 'mlp_results/FracPositionRegressionXRD_20250515_033552_job6075_task0/samples/training_samples/pos_frac_layers3_hidden512_lr0.001_epochs200_batch32_cond580_with_atoms_20250515-033553/mlp_model.pt'
Test MAE: 1.2794, 
        Test Optimized MAE: 1.2100, 
        Test Optimized Typed MAE: 17.8630, 
        Test Hausdorff: 1.9229, 
        Test Atom Type Accuracy: 13.31%
Final test MAE: 1.2794, Test Hausdorff: 1.9229, Test Optimized MAE: 1.2100, Test Optimized Typed MAE: 17.8630, Test Atom Type Accuracy: 13.31%
Final metrics saved to mlp_results/FracPositionRegressionXRD_20250515_033552_job6075_task0/samples/training_samples/pos_frac_layers3_hidden512_lr0.001_epochs200_batch32_cond580_with_atoms_20250515-033553/final_metrics.csv
----------------------------------------
Completed job with config file: configs/mlp_xrd_frac_base.yaml
----------------------------------------

----------------------------------------
Starting job with config file: configs/mlp_xrd_abs_base.yaml
----------------------------------------
Running experiment with model type: MLP
Loaded atom mapping with 54 categories for visualization
Using device: cuda:0

Epoch 1/200 - Train Loss: 6.035083, 
                Val MAE: 5.057948, Val Optimized MAE: 4.877426, 
                Val Optimized Typed MAE: 23.614463, 
                Val Hausdorff: 6.483762,
                Atom Type Acc: 5.17%

Epoch 2/200 - Train Loss: 5.440126, 
                Val MAE: 5.056730, Val Optimized MAE: 4.679522, 
                Val Optimized Typed MAE: 21.777801, 
                Val Hausdorff: 6.174251,
                Atom Type Acc: 11.08%

Epoch 3/200 - Train Loss: 5.156597, 
                Val MAE: 5.055933, Val Optimized MAE: 4.655238, 
                Val Optimized Typed MAE: 21.285812, 
                Val Hausdorff: 6.125273,
                Atom Type Acc: 13.20%

Epoch 4/200 - Train Loss: 5.086540, 
                Val MAE: 5.056124, Val Optimized MAE: 4.641317, 
                Val Optimized Typed MAE: 21.263821, 
                Val Hausdorff: 6.109741,
                Atom Type Acc: 13.40%

Epoch 5/200 - Train Loss: 5.058256, 
                Val MAE: 5.055998, Val Optimized MAE: 4.644093, 
                Val Optimized Typed MAE: 21.307591, 
                Val Hausdorff: 6.114600,
                Atom Type Acc: 13.40%

Epoch 6/200 - Train Loss: 5.066078, 
                Val MAE: 5.055920, Val Optimized MAE: 4.645297, 
                Val Optimized Typed MAE: 21.339868, 
                Val Hausdorff: 6.116477,
                Atom Type Acc: 13.24%

Epoch 7/200 - Train Loss: 5.076882, 
                Val MAE: 5.056031, Val Optimized MAE: 4.641537, 
                Val Optimized Typed MAE: 21.297845, 
                Val Hausdorff: 6.111163,
                Atom Type Acc: 13.40%

Epoch 8/200 - Train Loss: 5.059255, 
                Val MAE: 5.056087, Val Optimized MAE: 4.639149, 
                Val Optimized Typed MAE: 21.256184, 
                Val Hausdorff: 6.107631,
                Atom Type Acc: 13.42%

Epoch 9/200 - Train Loss: 5.060096, 
                Val MAE: 5.056093, Val Optimized MAE: 4.638414, 
                Val Optimized Typed MAE: 21.238716, 
                Val Hausdorff: 6.106826,
                Atom Type Acc: 13.53%

Epoch 10/200 - Train Loss: 5.067559, 
                Val MAE: 5.056049, Val Optimized MAE: 4.640000, 
                Val Optimized Typed MAE: 21.227603, 
                Val Hausdorff: 6.109432,
                Atom Type Acc: 13.56%

Epoch 11/200 - Train Loss: 5.065329, 
                Val MAE: 5.056170, Val Optimized MAE: 4.636485, 
                Val Optimized Typed MAE: 21.245563, 
                Val Hausdorff: 6.103384,
                Atom Type Acc: 13.47%

Epoch 12/200 - Train Loss: 5.067240, 
                Val MAE: 5.055958, Val Optimized MAE: 4.644222, 
                Val Optimized Typed MAE: 21.335542, 
                Val Hausdorff: 6.114875,
                Atom Type Acc: 13.28%

Epoch 13/200 - Train Loss: 5.060433, 
                Val MAE: 5.055923, Val Optimized MAE: 4.644947, 
                Val Optimized Typed MAE: 21.267351, 
                Val Hausdorff: 6.116524,
                Atom Type Acc: 13.48%

Epoch 14/200 - Train Loss: 5.067933, 
                Val MAE: 5.056136, Val Optimized MAE: 4.636620, 
                Val Optimized Typed MAE: 21.266408, 
                Val Hausdorff: 6.103726,
                Atom Type Acc: 13.42%

Epoch 15/200 - Train Loss: 5.060191, 
                Val MAE: 5.056000, Val Optimized MAE: 4.642090, 
                Val Optimized Typed MAE: 21.338367, 
                Val Hausdorff: 6.112961,
                Atom Type Acc: 13.24%

Epoch 16/200 - Train Loss: 5.062337, 
                Val MAE: 5.056073, Val Optimized MAE: 4.640642, 
                Val Optimized Typed MAE: 21.269342, 
                Val Hausdorff: 6.109464,
                Atom Type Acc: 13.47%

Epoch 17/200 - Train Loss: 5.077095, 
                Val MAE: 5.056168, Val Optimized MAE: 4.636291, 
                Val Optimized Typed MAE: 21.232116, 
                Val Hausdorff: 6.103309,
                Atom Type Acc: 13.54%

Epoch 18/200 - Train Loss: 5.063911, 
                Val MAE: 5.056053, Val Optimized MAE: 4.640625, 
                Val Optimized Typed MAE: 21.281904, 
                Val Hausdorff: 6.109807,
                Atom Type Acc: 13.44%

Epoch 19/200 - Train Loss: 5.062569, 
                Val MAE: 5.056221, Val Optimized MAE: 4.635695, 
                Val Optimized Typed MAE: 21.266876, 
                Val Hausdorff: 6.102067,
                Atom Type Acc: 13.44%

Epoch 20/200 - Train Loss: 5.064336, 
                Val MAE: 5.055889, Val Optimized MAE: 4.646453, 
                Val Optimized Typed MAE: 21.298420, 
                Val Hausdorff: 6.119439,
                Atom Type Acc: 13.43%

Epoch 21/200 - Train Loss: 5.063139, 
                Val MAE: 5.056041, Val Optimized MAE: 4.641085, 
                Val Optimized Typed MAE: 21.264205, 
                Val Hausdorff: 6.110622,
                Atom Type Acc: 13.45%

Epoch 22/200 - Train Loss: 5.060206, 
                Val MAE: 5.056018, Val Optimized MAE: 4.641656, 
                Val Optimized Typed MAE: 21.310755, 
                Val Hausdorff: 6.111490,
                Atom Type Acc: 13.35%

Epoch 23/200 - Train Loss: 5.058040, 
                Val MAE: 5.055995, Val Optimized MAE: 4.642078, 
                Val Optimized Typed MAE: 21.334495, 
                Val Hausdorff: 6.113024,
                Atom Type Acc: 13.31%

Epoch 24/200 - Train Loss: 5.051372, 
                Val MAE: 5.056096, Val Optimized MAE: 4.638059, 
                Val Optimized Typed MAE: 21.257326, 
                Val Hausdorff: 6.106632,
                Atom Type Acc: 13.44%

Epoch 25/200 - Train Loss: 5.070634, 
                Val MAE: 5.056002, Val Optimized MAE: 4.642585, 
                Val Optimized Typed MAE: 21.338725, 
                Val Hausdorff: 6.111911,
                Atom Type Acc: 13.27%

Epoch 26/200 - Train Loss: 5.064360, 
                Val MAE: 5.056151, Val Optimized MAE: 4.637811, 
                Val Optimized Typed MAE: 21.243506, 
                Val Hausdorff: 6.105777,
                Atom Type Acc: 13.51%

Epoch 27/200 - Train Loss: 5.066844, 
                Val MAE: 5.055945, Val Optimized MAE: 4.643664, 
                Val Optimized Typed MAE: 21.326336, 
                Val Hausdorff: 6.115359,
                Atom Type Acc: 13.25%

Epoch 28/200 - Train Loss: 5.059067, 
                Val MAE: 5.055979, Val Optimized MAE: 4.644233, 
                Val Optimized Typed MAE: 21.288913, 
                Val Hausdorff: 6.115805,
                Atom Type Acc: 13.49%

Epoch 29/200 - Train Loss: 5.073503, 
                Val MAE: 5.056043, Val Optimized MAE: 4.642278, 
                Val Optimized Typed MAE: 21.294717, 
                Val Hausdorff: 6.111790,
                Atom Type Acc: 13.46%

Epoch 30/200 - Train Loss: 5.069198, 
                Val MAE: 5.056231, Val Optimized MAE: 4.634977, 
                Val Optimized Typed MAE: 21.223756, 
                Val Hausdorff: 6.100880,
                Atom Type Acc: 13.53%

Epoch 31/200 - Train Loss: 5.055073, 
                Val MAE: 5.056030, Val Optimized MAE: 4.641293, 
                Val Optimized Typed MAE: 21.239267, 
                Val Hausdorff: 6.110920,
                Atom Type Acc: 13.57%

Epoch 32/200 - Train Loss: 5.066550, 
                Val MAE: 5.056277, Val Optimized MAE: 4.632960, 
                Val Optimized Typed MAE: 21.232825, 
                Val Hausdorff: 6.097918,
                Atom Type Acc: 13.51%

Epoch 33/200 - Train Loss: 5.055970, 
                Val MAE: 5.056117, Val Optimized MAE: 4.638487, 
                Val Optimized Typed MAE: 21.303681, 
                Val Hausdorff: 6.105871,
                Atom Type Acc: 13.29%

Epoch 34/200 - Train Loss: 5.065931, 
                Val MAE: 5.055937, Val Optimized MAE: 4.645251, 
                Val Optimized Typed MAE: 21.349264, 
                Val Hausdorff: 6.118025,
                Atom Type Acc: 13.36%

Epoch 35/200 - Train Loss: 5.060715, 
                Val MAE: 5.056191, Val Optimized MAE: 4.635544, 
                Val Optimized Typed MAE: 21.261599, 
                Val Hausdorff: 6.102158,
                Atom Type Acc: 13.38%

Epoch 36/200 - Train Loss: 5.072752, 
                Val MAE: 5.056057, Val Optimized MAE: 4.639860, 
                Val Optimized Typed MAE: 21.296371, 
                Val Hausdorff: 6.108865,
                Atom Type Acc: 13.34%

Epoch 37/200 - Train Loss: 5.064900, 
                Val MAE: 5.056087, Val Optimized MAE: 4.639658, 
                Val Optimized Typed MAE: 21.240737, 
                Val Hausdorff: 6.108682,
                Atom Type Acc: 13.54%

Epoch 38/200 - Train Loss: 5.058381, 
                Val MAE: 5.055930, Val Optimized MAE: 4.644980, 
                Val Optimized Typed MAE: 21.338820, 
                Val Hausdorff: 6.116228,
                Atom Type Acc: 13.29%

Epoch 39/200 - Train Loss: 5.064189, 
                Val MAE: 5.056063, Val Optimized MAE: 4.639880, 
                Val Optimized Typed MAE: 21.312945, 
                Val Hausdorff: 6.108681,
                Atom Type Acc: 13.33%

Epoch 40/200 - Train Loss: 5.062247, 
                Val MAE: 5.056087, Val Optimized MAE: 4.638965, 
                Val Optimized Typed MAE: 21.309561, 
                Val Hausdorff: 6.107844,
                Atom Type Acc: 13.29%

Epoch 41/200 - Train Loss: 5.061332, 
                Val MAE: 5.056052, Val Optimized MAE: 4.640615, 
                Val Optimized Typed MAE: 21.304206, 
                Val Hausdorff: 6.109941,
                Atom Type Acc: 13.36%

Epoch 42/200 - Train Loss: 5.067631, 
                Val MAE: 5.056137, Val Optimized MAE: 4.637622, 
                Val Optimized Typed MAE: 21.242652, 
                Val Hausdorff: 6.105416,
                Atom Type Acc: 13.52%

Epoch 43/200 - Train Loss: 5.066253, 
                Val MAE: 5.056090, Val Optimized MAE: 4.639262, 
                Val Optimized Typed MAE: 21.244516, 
                Val Hausdorff: 6.107517,
                Atom Type Acc: 13.51%

Epoch 44/200 - Train Loss: 5.069468, 
                Val MAE: 5.056021, Val Optimized MAE: 4.641551, 
                Val Optimized Typed MAE: 21.290095, 
                Val Hausdorff: 6.111228,
                Atom Type Acc: 13.43%

Epoch 45/200 - Train Loss: 5.060913, 
                Val MAE: 5.056138, Val Optimized MAE: 4.637591, 
                Val Optimized Typed MAE: 21.279877, 
                Val Hausdorff: 6.105468,
                Atom Type Acc: 13.40%

Epoch 46/200 - Train Loss: 5.059147, 
                Val MAE: 5.056160, Val Optimized MAE: 4.637077, 
                Val Optimized Typed MAE: 21.227170, 
                Val Hausdorff: 6.104517,
                Atom Type Acc: 13.54%

Epoch 47/200 - Train Loss: 5.066586, 
                Val MAE: 5.056200, Val Optimized MAE: 4.636102, 
                Val Optimized Typed MAE: 21.241234, 
                Val Hausdorff: 6.102689,
                Atom Type Acc: 13.51%

Epoch 48/200 - Train Loss: 5.058156, 
                Val MAE: 5.056081, Val Optimized MAE: 4.640255, 
                Val Optimized Typed MAE: 21.287155, 
                Val Hausdorff: 6.108824,
                Atom Type Acc: 13.44%

Epoch 49/200 - Train Loss: 5.056337, 
                Val MAE: 5.056006, Val Optimized MAE: 4.642435, 
                Val Optimized Typed MAE: 21.302094, 
                Val Hausdorff: 6.112411,
                Atom Type Acc: 13.41%

Epoch 50/200 - Train Loss: 5.061760, 
                Val MAE: 5.056021, Val Optimized MAE: 4.641253, 
                Val Optimized Typed MAE: 21.308291, 
                Val Hausdorff: 6.110988,
                Atom Type Acc: 13.38%

Epoch 51/200 - Train Loss: 5.060868, 
                Val MAE: 5.055933, Val Optimized MAE: 4.644429, 
                Val Optimized Typed MAE: 21.310426, 
                Val Hausdorff: 6.115607,
                Atom Type Acc: 13.36%

Epoch 52/200 - Train Loss: 5.069096, 
                Val MAE: 5.056022, Val Optimized MAE: 4.642634, 
                Val Optimized Typed MAE: 21.329086, 
                Val Hausdorff: 6.112127,
                Atom Type Acc: 13.33%

Epoch 53/200 - Train Loss: 5.061350, 
                Val MAE: 5.055964, Val Optimized MAE: 4.643929, 
                Val Optimized Typed MAE: 21.276499, 
                Val Hausdorff: 6.115255,
                Atom Type Acc: 13.47%

Epoch 54/200 - Train Loss: 5.065836, 
                Val MAE: 5.055954, Val Optimized MAE: 4.643025, 
                Val Optimized Typed MAE: 21.312993, 
                Val Hausdorff: 6.114428,
                Atom Type Acc: 13.33%

Epoch 55/200 - Train Loss: 5.072972, 
                Val MAE: 5.056067, Val Optimized MAE: 4.640589, 
                Val Optimized Typed MAE: 21.306555, 
                Val Hausdorff: 6.109699,
                Atom Type Acc: 13.38%

Epoch 56/200 - Train Loss: 5.067497, 
                Val MAE: 5.056155, Val Optimized MAE: 4.636536, 
                Val Optimized Typed MAE: 21.305838, 
                Val Hausdorff: 6.103919,
                Atom Type Acc: 13.29%

Epoch 57/200 - Train Loss: 5.059270, 
                Val MAE: 5.056094, Val Optimized MAE: 4.639196, 
                Val Optimized Typed MAE: 21.249734, 
                Val Hausdorff: 6.107647,
                Atom Type Acc: 13.49%

Epoch 58/200 - Train Loss: 5.069674, 
                Val MAE: 5.055977, Val Optimized MAE: 4.643593, 
                Val Optimized Typed MAE: 21.313386, 
                Val Hausdorff: 6.114119,
                Atom Type Acc: 13.37%

Epoch 59/200 - Train Loss: 5.071638, 
                Val MAE: 5.056169, Val Optimized MAE: 4.637289, 
                Val Optimized Typed MAE: 21.251906, 
                Val Hausdorff: 6.104298,
                Atom Type Acc: 13.47%

Epoch 60/200 - Train Loss: 5.056279, 
                Val MAE: 5.056119, Val Optimized MAE: 4.638380, 
                Val Optimized Typed MAE: 21.262493, 
                Val Hausdorff: 6.106606,
                Atom Type Acc: 13.43%

Epoch 61/200 - Train Loss: 5.058551, 
                Val MAE: 5.056307, Val Optimized MAE: 4.632683, 
                Val Optimized Typed MAE: 21.239126, 
                Val Hausdorff: 6.097176,
                Atom Type Acc: 13.42%

Epoch 62/200 - Train Loss: 5.062225, 
                Val MAE: 5.056113, Val Optimized MAE: 4.638532, 
                Val Optimized Typed MAE: 21.305975, 
                Val Hausdorff: 6.107102,
                Atom Type Acc: 13.31%

Epoch 63/200 - Train Loss: 5.060070, 
                Val MAE: 5.056065, Val Optimized MAE: 4.640112, 
                Val Optimized Typed MAE: 21.226215, 
                Val Hausdorff: 6.108931,
                Atom Type Acc: 13.59%

Epoch 64/200 - Train Loss: 5.062116, 
                Val MAE: 5.056005, Val Optimized MAE: 4.641553, 
                Val Optimized Typed MAE: 21.302016, 
                Val Hausdorff: 6.112215,
                Atom Type Acc: 13.33%

Epoch 65/200 - Train Loss: 5.062895, 
                Val MAE: 5.056087, Val Optimized MAE: 4.639261, 
                Val Optimized Typed MAE: 21.224581, 
                Val Hausdorff: 6.107677,
                Atom Type Acc: 13.59%

Epoch 66/200 - Train Loss: 5.069514, 
                Val MAE: 5.056161, Val Optimized MAE: 4.636822, 
                Val Optimized Typed MAE: 21.255717, 
                Val Hausdorff: 6.103993,
                Atom Type Acc: 13.41%

Epoch 67/200 - Train Loss: 5.063924, 
                Val MAE: 5.056096, Val Optimized MAE: 4.638726, 
                Val Optimized Typed MAE: 21.289012, 
                Val Hausdorff: 6.107482,
                Atom Type Acc: 13.37%

Epoch 68/200 - Train Loss: 5.060987, 
                Val MAE: 5.056074, Val Optimized MAE: 4.640056, 
                Val Optimized Typed MAE: 21.273489, 
                Val Hausdorff: 6.108606,
                Atom Type Acc: 13.48%

Epoch 69/200 - Train Loss: 5.069866, 
                Val MAE: 5.056191, Val Optimized MAE: 4.635460, 
                Val Optimized Typed MAE: 21.236044, 
                Val Hausdorff: 6.102509,
                Atom Type Acc: 13.46%

Epoch 70/200 - Train Loss: 5.061989, 
                Val MAE: 5.056180, Val Optimized MAE: 4.636025, 
                Val Optimized Typed MAE: 21.258824, 
                Val Hausdorff: 6.102606,
                Atom Type Acc: 13.40%

Epoch 71/200 - Train Loss: 5.060997, 
                Val MAE: 5.056119, Val Optimized MAE: 4.638997, 
                Val Optimized Typed MAE: 21.287562, 
                Val Hausdorff: 6.107094,
                Atom Type Acc: 13.37%

Epoch 72/200 - Train Loss: 5.052331, 
                Val MAE: 5.056007, Val Optimized MAE: 4.641205, 
                Val Optimized Typed MAE: 21.289850, 
                Val Hausdorff: 6.111632,
                Atom Type Acc: 13.36%

Epoch 73/200 - Train Loss: 5.067599, 
                Val MAE: 5.056025, Val Optimized MAE: 4.641466, 
                Val Optimized Typed MAE: 21.345455, 
                Val Hausdorff: 6.111112,
                Atom Type Acc: 13.20%

Epoch 74/200 - Train Loss: 5.056739, 
                Val MAE: 5.055984, Val Optimized MAE: 4.642626, 
                Val Optimized Typed MAE: 21.306195, 
                Val Hausdorff: 6.113134,
                Atom Type Acc: 13.32%

Epoch 75/200 - Train Loss: 5.064155, 
                Val MAE: 5.056092, Val Optimized MAE: 4.639301, 
                Val Optimized Typed MAE: 21.248301, 
                Val Hausdorff: 6.107899,
                Atom Type Acc: 13.52%

Epoch 76/200 - Train Loss: 5.059997, 
                Val MAE: 5.056093, Val Optimized MAE: 4.639218, 
                Val Optimized Typed MAE: 21.240696, 
                Val Hausdorff: 6.108120,
                Atom Type Acc: 13.51%

Epoch 77/200 - Train Loss: 5.055707, 
                Val MAE: 5.055943, Val Optimized MAE: 4.644351, 
                Val Optimized Typed MAE: 21.312618, 
                Val Hausdorff: 6.115533,
                Atom Type Acc: 13.34%

Epoch 78/200 - Train Loss: 5.060656, 
                Val MAE: 5.056029, Val Optimized MAE: 4.641080, 
                Val Optimized Typed MAE: 21.294470, 
                Val Hausdorff: 6.110934,
                Atom Type Acc: 13.37%

Epoch 79/200 - Train Loss: 5.066479, 
                Val MAE: 5.056150, Val Optimized MAE: 4.638560, 
                Val Optimized Typed MAE: 21.281551, 
                Val Hausdorff: 6.106289,
                Atom Type Acc: 13.39%

Epoch 80/200 - Train Loss: 5.063543, 
                Val MAE: 5.056111, Val Optimized MAE: 4.639107, 
                Val Optimized Typed MAE: 21.256745, 
                Val Hausdorff: 6.107304,
                Atom Type Acc: 13.48%

Epoch 81/200 - Train Loss: 5.066015, 
                Val MAE: 5.056040, Val Optimized MAE: 4.640429, 
                Val Optimized Typed MAE: 21.296273, 
                Val Hausdorff: 6.110028,
                Atom Type Acc: 13.32%

Epoch 82/200 - Train Loss: 5.060005, 
                Val MAE: 5.056219, Val Optimized MAE: 4.634672, 
                Val Optimized Typed MAE: 21.250441, 
                Val Hausdorff: 6.101023,
                Atom Type Acc: 13.38%

Epoch 83/200 - Train Loss: 5.062599, 
                Val MAE: 5.055974, Val Optimized MAE: 4.643123, 
                Val Optimized Typed MAE: 21.313769, 
                Val Hausdorff: 6.113987,
                Atom Type Acc: 13.31%

Epoch 84/200 - Train Loss: 5.057430, 
                Val MAE: 5.056086, Val Optimized MAE: 4.639183, 
                Val Optimized Typed MAE: 21.269520, 
                Val Hausdorff: 6.107209,
                Atom Type Acc: 13.45%

Epoch 85/200 - Train Loss: 5.062602, 
                Val MAE: 5.056216, Val Optimized MAE: 4.635417, 
                Val Optimized Typed MAE: 21.256841, 
                Val Hausdorff: 6.102098,
                Atom Type Acc: 13.41%

Epoch 86/200 - Train Loss: 5.063507, 
                Val MAE: 5.056294, Val Optimized MAE: 4.632285, 
                Val Optimized Typed MAE: 21.209961, 
                Val Hausdorff: 6.097697,
                Atom Type Acc: 13.56%

Epoch 87/200 - Train Loss: 5.066997, 
                Val MAE: 5.056012, Val Optimized MAE: 4.641960, 
                Val Optimized Typed MAE: 21.292012, 
                Val Hausdorff: 6.111774,
                Atom Type Acc: 13.41%

Epoch 88/200 - Train Loss: 5.067449, 
                Val MAE: 5.056003, Val Optimized MAE: 4.642297, 
                Val Optimized Typed MAE: 21.304392, 
                Val Hausdorff: 6.112530,
                Atom Type Acc: 13.35%

Epoch 89/200 - Train Loss: 5.053397, 
                Val MAE: 5.056018, Val Optimized MAE: 4.641920, 
                Val Optimized Typed MAE: 21.309347, 
                Val Hausdorff: 6.111296,
                Atom Type Acc: 13.30%

Epoch 90/200 - Train Loss: 5.065584, 
                Val MAE: 5.056207, Val Optimized MAE: 4.635124, 
                Val Optimized Typed MAE: 21.264099, 
                Val Hausdorff: 6.100667,
                Atom Type Acc: 13.41%

Epoch 91/200 - Train Loss: 5.067247, 
                Val MAE: 5.056107, Val Optimized MAE: 4.638301, 
                Val Optimized Typed MAE: 21.279840, 
                Val Hausdorff: 6.106522,
                Atom Type Acc: 13.40%

Epoch 92/200 - Train Loss: 5.051943, 
                Val MAE: 5.056134, Val Optimized MAE: 4.637867, 
                Val Optimized Typed MAE: 21.228887, 
                Val Hausdorff: 6.106186,
                Atom Type Acc: 13.54%

Epoch 93/200 - Train Loss: 5.059844, 
                Val MAE: 5.055983, Val Optimized MAE: 4.642374, 
                Val Optimized Typed MAE: 21.338563, 
                Val Hausdorff: 6.112495,
                Atom Type Acc: 13.19%

Epoch 94/200 - Train Loss: 5.070818, 
                Val MAE: 5.056108, Val Optimized MAE: 4.637968, 
                Val Optimized Typed MAE: 21.319901, 
                Val Hausdorff: 6.105989,
                Atom Type Acc: 13.25%

Epoch 95/200 - Train Loss: 5.067827, 
                Val MAE: 5.055909, Val Optimized MAE: 4.645853, 
                Val Optimized Typed MAE: 21.332550, 
                Val Hausdorff: 6.117941,
                Atom Type Acc: 13.35%

Epoch 96/200 - Train Loss: 5.062342, 
                Val MAE: 5.056051, Val Optimized MAE: 4.640869, 
                Val Optimized Typed MAE: 21.240360, 
                Val Hausdorff: 6.110397,
                Atom Type Acc: 13.56%

Epoch 97/200 - Train Loss: 5.073210, 
                Val MAE: 5.056121, Val Optimized MAE: 4.638651, 
                Val Optimized Typed MAE: 21.239073, 
                Val Hausdorff: 6.106232,
                Atom Type Acc: 13.52%

Epoch 98/200 - Train Loss: 5.068833, 
                Val MAE: 5.055806, Val Optimized MAE: 4.648392, 
                Val Optimized Typed MAE: 21.337383, 
                Val Hausdorff: 6.122135,
                Atom Type Acc: 13.37%

Epoch 99/200 - Train Loss: 5.064245, 
                Val MAE: 5.056039, Val Optimized MAE: 4.640360, 
                Val Optimized Typed MAE: 21.283469, 
                Val Hausdorff: 6.109796,
                Atom Type Acc: 13.37%

Epoch 100/200 - Train Loss: 5.061693, 
                Val MAE: 5.056182, Val Optimized MAE: 4.635855, 
                Val Optimized Typed MAE: 21.246642, 
                Val Hausdorff: 6.102555,
                Atom Type Acc: 13.41%

Epoch 101/200 - Train Loss: 5.063224, 
                Val MAE: 5.056068, Val Optimized MAE: 4.640898, 
                Val Optimized Typed MAE: 21.274405, 
                Val Hausdorff: 6.109899,
                Atom Type Acc: 13.44%

Epoch 102/200 - Train Loss: 5.069197, 
                Val MAE: 5.056133, Val Optimized MAE: 4.637998, 
                Val Optimized Typed MAE: 21.288293, 
                Val Hausdorff: 6.106188,
                Atom Type Acc: 13.33%

Epoch 103/200 - Train Loss: 5.065491, 
                Val MAE: 5.055907, Val Optimized MAE: 4.645558, 
                Val Optimized Typed MAE: 21.342707, 
                Val Hausdorff: 6.117938,
                Atom Type Acc: 13.30%

Epoch 104/200 - Train Loss: 5.064627, 
                Val MAE: 5.056230, Val Optimized MAE: 4.634236, 
                Val Optimized Typed MAE: 21.260793, 
                Val Hausdorff: 6.100298,
                Atom Type Acc: 13.46%

Epoch 105/200 - Train Loss: 5.060274, 
                Val MAE: 5.056183, Val Optimized MAE: 4.637832, 
                Val Optimized Typed MAE: 21.245358, 
                Val Hausdorff: 6.104429,
                Atom Type Acc: 13.51%

Epoch 106/200 - Train Loss: 5.067729, 
                Val MAE: 5.056115, Val Optimized MAE: 4.639533, 
                Val Optimized Typed MAE: 21.265146, 
                Val Hausdorff: 6.107419,
                Atom Type Acc: 13.51%

Epoch 107/200 - Train Loss: 5.056419, 
                Val MAE: 5.056083, Val Optimized MAE: 4.638901, 
                Val Optimized Typed MAE: 21.285959, 
                Val Hausdorff: 6.107365,
                Atom Type Acc: 13.32%

Epoch 108/200 - Train Loss: 5.061161, 
                Val MAE: 5.056059, Val Optimized MAE: 4.640166, 
                Val Optimized Typed MAE: 21.290408, 
                Val Hausdorff: 6.108570,
                Atom Type Acc: 13.37%

Epoch 109/200 - Train Loss: 5.055000, 
                Val MAE: 5.056115, Val Optimized MAE: 4.637472, 
                Val Optimized Typed MAE: 21.287982, 
                Val Hausdorff: 6.105901,
                Atom Type Acc: 13.31%

Epoch 110/200 - Train Loss: 5.064785, 
                Val MAE: 5.056222, Val Optimized MAE: 4.634853, 
                Val Optimized Typed MAE: 21.246776, 
                Val Hausdorff: 6.100690,
                Atom Type Acc: 13.40%

Epoch 111/200 - Train Loss: 5.072692, 
                Val MAE: 5.056058, Val Optimized MAE: 4.640613, 
                Val Optimized Typed MAE: 21.256673, 
                Val Hausdorff: 6.109067,
                Atom Type Acc: 13.46%

Epoch 112/200 - Train Loss: 5.064965, 
                Val MAE: 5.056107, Val Optimized MAE: 4.638694, 
                Val Optimized Typed MAE: 21.273761, 
                Val Hausdorff: 6.106932,
                Atom Type Acc: 13.44%

Epoch 113/200 - Train Loss: 5.057032, 
                Val MAE: 5.056141, Val Optimized MAE: 4.637739, 
                Val Optimized Typed MAE: 21.241305, 
                Val Hausdorff: 6.105449,
                Atom Type Acc: 13.49%

Epoch 114/200 - Train Loss: 5.064787, 
                Val MAE: 5.055815, Val Optimized MAE: 4.649512, 
                Val Optimized Typed MAE: 21.331476, 
                Val Hausdorff: 6.122964,
                Atom Type Acc: 13.37%

Epoch 115/200 - Train Loss: 5.053922, 
                Val MAE: 5.056063, Val Optimized MAE: 4.639645, 
                Val Optimized Typed MAE: 21.297102, 
                Val Hausdorff: 6.108694,
                Atom Type Acc: 13.33%

Epoch 116/200 - Train Loss: 5.064778, 
                Val MAE: 5.056084, Val Optimized MAE: 4.639115, 
                Val Optimized Typed MAE: 21.275093, 
                Val Hausdorff: 6.108248,
                Atom Type Acc: 13.42%

Epoch 117/200 - Train Loss: 5.066364, 
                Val MAE: 5.056109, Val Optimized MAE: 4.637490, 
                Val Optimized Typed MAE: 21.264611, 
                Val Hausdorff: 6.105071,
                Atom Type Acc: 13.40%

Epoch 118/200 - Train Loss: 5.076076, 
                Val MAE: 5.056004, Val Optimized MAE: 4.642836, 
                Val Optimized Typed MAE: 21.264388, 
                Val Hausdorff: 6.113222,
                Atom Type Acc: 13.50%

Epoch 119/200 - Train Loss: 5.062874, 
                Val MAE: 5.055961, Val Optimized MAE: 4.643596, 
                Val Optimized Typed MAE: 21.314363, 
                Val Hausdorff: 6.114826,
                Atom Type Acc: 13.35%

Epoch 120/200 - Train Loss: 5.057206, 
                Val MAE: 5.056012, Val Optimized MAE: 4.641237, 
                Val Optimized Typed MAE: 21.283525, 
                Val Hausdorff: 6.110182,
                Atom Type Acc: 13.40%

Epoch 121/200 - Train Loss: 5.067607, 
                Val MAE: 5.056110, Val Optimized MAE: 4.637406, 
                Val Optimized Typed MAE: 21.300251, 
                Val Hausdorff: 6.105662,
                Atom Type Acc: 13.25%

Epoch 122/200 - Train Loss: 5.061545, 
                Val MAE: 5.055972, Val Optimized MAE: 4.642907, 
                Val Optimized Typed MAE: 21.375674, 
                Val Hausdorff: 6.113507,
                Atom Type Acc: 13.15%

Epoch 123/200 - Train Loss: 5.064828, 
                Val MAE: 5.056071, Val Optimized MAE: 4.639886, 
                Val Optimized Typed MAE: 21.275830, 
                Val Hausdorff: 6.109039,
                Atom Type Acc: 13.42%

Epoch 124/200 - Train Loss: 5.063152, 
                Val MAE: 5.056115, Val Optimized MAE: 4.638152, 
                Val Optimized Typed MAE: 21.239400, 
                Val Hausdorff: 6.106522,
                Atom Type Acc: 13.53%

Epoch 125/200 - Train Loss: 5.061677, 
                Val MAE: 5.056251, Val Optimized MAE: 4.634987, 
                Val Optimized Typed MAE: 21.229923, 
                Val Hausdorff: 6.100696,
                Atom Type Acc: 13.57%

Epoch 126/200 - Train Loss: 5.057884, 
                Val MAE: 5.056044, Val Optimized MAE: 4.640832, 
                Val Optimized Typed MAE: 21.301140, 
                Val Hausdorff: 6.109890,
                Atom Type Acc: 13.36%

Epoch 127/200 - Train Loss: 5.064365, 
                Val MAE: 5.055956, Val Optimized MAE: 4.643307, 
                Val Optimized Typed MAE: 21.341086, 
                Val Hausdorff: 6.114188,
                Atom Type Acc: 13.28%

Epoch 128/200 - Train Loss: 5.058178, 
                Val MAE: 5.055999, Val Optimized MAE: 4.642718, 
                Val Optimized Typed MAE: 21.297558, 
                Val Hausdorff: 6.113206,
                Atom Type Acc: 13.41%

Epoch 129/200 - Train Loss: 5.060096, 
                Val MAE: 5.056265, Val Optimized MAE: 4.633596, 
                Val Optimized Typed MAE: 21.255411, 
                Val Hausdorff: 6.099377,
                Atom Type Acc: 13.42%

Epoch 130/200 - Train Loss: 5.061281, 
                Val MAE: 5.055999, Val Optimized MAE: 4.642172, 
                Val Optimized Typed MAE: 21.315919, 
                Val Hausdorff: 6.112616,
                Atom Type Acc: 13.36%

Epoch 131/200 - Train Loss: 5.063812, 
                Val MAE: 5.056080, Val Optimized MAE: 4.639339, 
                Val Optimized Typed MAE: 21.210395, 
                Val Hausdorff: 6.108097,
                Atom Type Acc: 13.63%

Epoch 132/200 - Train Loss: 5.058567, 
                Val MAE: 5.056007, Val Optimized MAE: 4.642778, 
                Val Optimized Typed MAE: 21.243789, 
                Val Hausdorff: 6.113351,
                Atom Type Acc: 13.54%

Epoch 133/200 - Train Loss: 5.067692, 
                Val MAE: 5.056140, Val Optimized MAE: 4.637449, 
                Val Optimized Typed MAE: 21.301864, 
                Val Hausdorff: 6.104660,
                Atom Type Acc: 13.29%

Epoch 134/200 - Train Loss: 5.058530, 
                Val MAE: 5.056097, Val Optimized MAE: 4.638432, 
                Val Optimized Typed MAE: 21.269614, 
                Val Hausdorff: 6.106835,
                Atom Type Acc: 13.42%

Epoch 135/200 - Train Loss: 5.062951, 
                Val MAE: 5.055990, Val Optimized MAE: 4.643360, 
                Val Optimized Typed MAE: 21.302298, 
                Val Hausdorff: 6.113393,
                Atom Type Acc: 13.41%

Epoch 136/200 - Train Loss: 5.065768, 
                Val MAE: 5.056039, Val Optimized MAE: 4.641502, 
                Val Optimized Typed MAE: 21.280616, 
                Val Hausdorff: 6.110599,
                Atom Type Acc: 13.51%

Epoch 137/200 - Train Loss: 5.066050, 
                Val MAE: 5.056103, Val Optimized MAE: 4.638466, 
                Val Optimized Typed MAE: 21.232728, 
                Val Hausdorff: 6.106468,
                Atom Type Acc: 13.54%

Epoch 138/200 - Train Loss: 5.065944, 
                Val MAE: 5.056077, Val Optimized MAE: 4.639540, 
                Val Optimized Typed MAE: 21.254097, 
                Val Hausdorff: 6.108155,
                Atom Type Acc: 13.47%

Epoch 139/200 - Train Loss: 5.061779, 
                Val MAE: 5.055939, Val Optimized MAE: 4.643896, 
                Val Optimized Typed MAE: 21.308838, 
                Val Hausdorff: 6.115644,
                Atom Type Acc: 13.35%

Epoch 140/200 - Train Loss: 5.062132, 
                Val MAE: 5.056145, Val Optimized MAE: 4.637759, 
                Val Optimized Typed MAE: 21.262788, 
                Val Hausdorff: 6.105392,
                Atom Type Acc: 13.40%

Epoch 141/200 - Train Loss: 5.067138, 
                Val MAE: 5.056108, Val Optimized MAE: 4.639181, 
                Val Optimized Typed MAE: 21.234839, 
                Val Hausdorff: 6.107778,
                Atom Type Acc: 13.52%

Epoch 142/200 - Train Loss: 5.060685, 
                Val MAE: 5.056149, Val Optimized MAE: 4.637323, 
                Val Optimized Typed MAE: 21.243976, 
                Val Hausdorff: 6.105270,
                Atom Type Acc: 13.50%

Epoch 143/200 - Train Loss: 5.065182, 
                Val MAE: 5.056043, Val Optimized MAE: 4.641342, 
                Val Optimized Typed MAE: 21.277046, 
                Val Hausdorff: 6.110380,
                Atom Type Acc: 13.44%

Epoch 144/200 - Train Loss: 5.059128, 
                Val MAE: 5.055968, Val Optimized MAE: 4.642959, 
                Val Optimized Typed MAE: 21.296193, 
                Val Hausdorff: 6.114139,
                Atom Type Acc: 13.37%

Epoch 145/200 - Train Loss: 5.061451, 
                Val MAE: 5.056024, Val Optimized MAE: 4.641342, 
                Val Optimized Typed MAE: 21.315207, 
                Val Hausdorff: 6.111505,
                Atom Type Acc: 13.33%

Epoch 146/200 - Train Loss: 5.065854, 
                Val MAE: 5.055995, Val Optimized MAE: 4.641598, 
                Val Optimized Typed MAE: 21.297871, 
                Val Hausdorff: 6.111806,
                Atom Type Acc: 13.33%

Epoch 147/200 - Train Loss: 5.064202, 
                Val MAE: 5.056089, Val Optimized MAE: 4.638538, 
                Val Optimized Typed MAE: 21.307036, 
                Val Hausdorff: 6.107493,
                Atom Type Acc: 13.32%

Epoch 148/200 - Train Loss: 5.063303, 
                Val MAE: 5.056154, Val Optimized MAE: 4.637056, 
                Val Optimized Typed MAE: 21.280207, 
                Val Hausdorff: 6.104437,
                Atom Type Acc: 13.41%

Epoch 149/200 - Train Loss: 5.070715, 
                Val MAE: 5.056211, Val Optimized MAE: 4.635012, 
                Val Optimized Typed MAE: 21.227974, 
                Val Hausdorff: 6.101449,
                Atom Type Acc: 13.49%

Epoch 150/200 - Train Loss: 5.061597, 
                Val MAE: 5.056215, Val Optimized MAE: 4.635110, 
                Val Optimized Typed MAE: 21.238025, 
                Val Hausdorff: 6.101668,
                Atom Type Acc: 13.47%

Epoch 151/200 - Train Loss: 5.068165, 
                Val MAE: 5.056011, Val Optimized MAE: 4.642727, 
                Val Optimized Typed MAE: 21.272989, 
                Val Hausdorff: 6.112019,
                Atom Type Acc: 13.51%

Epoch 152/200 - Train Loss: 5.064116, 
                Val MAE: 5.056218, Val Optimized MAE: 4.634609, 
                Val Optimized Typed MAE: 21.235893, 
                Val Hausdorff: 6.100852,
                Atom Type Acc: 13.46%

Epoch 153/200 - Train Loss: 5.053711, 
                Val MAE: 5.055954, Val Optimized MAE: 4.643948, 
                Val Optimized Typed MAE: 21.291623, 
                Val Hausdorff: 6.115606,
                Atom Type Acc: 13.43%

Epoch 154/200 - Train Loss: 5.058425, 
                Val MAE: 5.055935, Val Optimized MAE: 4.644038, 
                Val Optimized Typed MAE: 21.347318, 
                Val Hausdorff: 6.115705,
                Atom Type Acc: 13.18%

Epoch 155/200 - Train Loss: 5.065304, 
                Val MAE: 5.056201, Val Optimized MAE: 4.635538, 
                Val Optimized Typed MAE: 21.246901, 
                Val Hausdorff: 6.102144,
                Atom Type Acc: 13.49%

Epoch 156/200 - Train Loss: 5.059011, 
                Val MAE: 5.056084, Val Optimized MAE: 4.639865, 
                Val Optimized Typed MAE: 21.255050, 
                Val Hausdorff: 6.108879,
                Atom Type Acc: 13.51%

Epoch 157/200 - Train Loss: 5.060440, 
                Val MAE: 5.056143, Val Optimized MAE: 4.638601, 
                Val Optimized Typed MAE: 21.255612, 
                Val Hausdorff: 6.106269,
                Atom Type Acc: 13.45%

Epoch 158/200 - Train Loss: 5.059768, 
                Val MAE: 5.056261, Val Optimized MAE: 4.633013, 
                Val Optimized Typed MAE: 21.232101, 
                Val Hausdorff: 6.098212,
                Atom Type Acc: 13.55%

Epoch 159/200 - Train Loss: 5.064186, 
                Val MAE: 5.056097, Val Optimized MAE: 4.639167, 
                Val Optimized Typed MAE: 21.229449, 
                Val Hausdorff: 6.107952,
                Atom Type Acc: 13.56%

Epoch 160/200 - Train Loss: 5.065731, 
                Val MAE: 5.056077, Val Optimized MAE: 4.639827, 
                Val Optimized Typed MAE: 21.256714, 
                Val Hausdorff: 6.108357,
                Atom Type Acc: 13.50%

Epoch 161/200 - Train Loss: 5.065247, 
                Val MAE: 5.056089, Val Optimized MAE: 4.639580, 
                Val Optimized Typed MAE: 21.265216, 
                Val Hausdorff: 6.107650,
                Atom Type Acc: 13.49%

Epoch 162/200 - Train Loss: 5.054946, 
                Val MAE: 5.055975, Val Optimized MAE: 4.642700, 
                Val Optimized Typed MAE: 21.294545, 
                Val Hausdorff: 6.113487,
                Atom Type Acc: 13.39%

Epoch 163/200 - Train Loss: 5.060540, 
                Val MAE: 5.056026, Val Optimized MAE: 4.641750, 
                Val Optimized Typed MAE: 21.279266, 
                Val Hausdorff: 6.111607,
                Atom Type Acc: 13.45%

Epoch 164/200 - Train Loss: 5.066302, 
                Val MAE: 5.056118, Val Optimized MAE: 4.638176, 
                Val Optimized Typed MAE: 21.259732, 
                Val Hausdorff: 6.106097,
                Atom Type Acc: 13.44%

Epoch 165/200 - Train Loss: 5.070399, 
                Val MAE: 5.056058, Val Optimized MAE: 4.639834, 
                Val Optimized Typed MAE: 21.290826, 
                Val Hausdorff: 6.108482,
                Atom Type Acc: 13.35%

Epoch 166/200 - Train Loss: 5.062622, 
                Val MAE: 5.056097, Val Optimized MAE: 4.639428, 
                Val Optimized Typed MAE: 21.293591, 
                Val Hausdorff: 6.107517,
                Atom Type Acc: 13.40%

Epoch 167/200 - Train Loss: 5.063537, 
                Val MAE: 5.056068, Val Optimized MAE: 4.638508, 
                Val Optimized Typed MAE: 21.288831, 
                Val Hausdorff: 6.107624,
                Atom Type Acc: 13.28%

Epoch 168/200 - Train Loss: 5.062121, 
                Val MAE: 5.055932, Val Optimized MAE: 4.644764, 
                Val Optimized Typed MAE: 21.306860, 
                Val Hausdorff: 6.116314,
                Atom Type Acc: 13.37%

Epoch 169/200 - Train Loss: 5.063327, 
                Val MAE: 5.056122, Val Optimized MAE: 4.637832, 
                Val Optimized Typed MAE: 21.254184, 
                Val Hausdorff: 6.105636,
                Atom Type Acc: 13.50%

Epoch 170/200 - Train Loss: 5.053443, 
                Val MAE: 5.056079, Val Optimized MAE: 4.639488, 
                Val Optimized Typed MAE: 21.287251, 
                Val Hausdorff: 6.108661,
                Atom Type Acc: 13.40%

Epoch 171/200 - Train Loss: 5.063693, 
                Val MAE: 5.056082, Val Optimized MAE: 4.639754, 
                Val Optimized Typed MAE: 21.305010, 
                Val Hausdorff: 6.108149,
                Atom Type Acc: 13.32%

Epoch 172/200 - Train Loss: 5.059679, 
                Val MAE: 5.055953, Val Optimized MAE: 4.645301, 
                Val Optimized Typed MAE: 21.328663, 
                Val Hausdorff: 6.116424,
                Atom Type Acc: 13.37%

Epoch 173/200 - Train Loss: 5.065235, 
                Val MAE: 5.056098, Val Optimized MAE: 4.639172, 
                Val Optimized Typed MAE: 21.259152, 
                Val Hausdorff: 6.107318,
                Atom Type Acc: 13.48%

Epoch 174/200 - Train Loss: 5.063816, 
                Val MAE: 5.056145, Val Optimized MAE: 4.637286, 
                Val Optimized Typed MAE: 21.253551, 
                Val Hausdorff: 6.104537,
                Atom Type Acc: 13.48%

Epoch 175/200 - Train Loss: 5.061500, 
                Val MAE: 5.056140, Val Optimized MAE: 4.637051, 
                Val Optimized Typed MAE: 21.192200, 
                Val Hausdorff: 6.104836,
                Atom Type Acc: 13.64%

Epoch 176/200 - Train Loss: 5.051579, 
                Val MAE: 5.056087, Val Optimized MAE: 4.640126, 
                Val Optimized Typed MAE: 21.245908, 
                Val Hausdorff: 6.109276,
                Atom Type Acc: 13.50%

Epoch 177/200 - Train Loss: 5.065085, 
                Val MAE: 5.056162, Val Optimized MAE: 4.638258, 
                Val Optimized Typed MAE: 21.235365, 
                Val Hausdorff: 6.105881,
                Atom Type Acc: 13.58%

Epoch 178/200 - Train Loss: 5.060746, 
                Val MAE: 5.056201, Val Optimized MAE: 4.635988, 
                Val Optimized Typed MAE: 21.236504, 
                Val Hausdorff: 6.102487,
                Atom Type Acc: 13.50%

Epoch 179/200 - Train Loss: 5.054015, 
                Val MAE: 5.056125, Val Optimized MAE: 4.637365, 
                Val Optimized Typed MAE: 21.268730, 
                Val Hausdorff: 6.104793,
                Atom Type Acc: 13.42%

Epoch 180/200 - Train Loss: 5.066024, 
                Val MAE: 5.056149, Val Optimized MAE: 4.637233, 
                Val Optimized Typed MAE: 21.240833, 
                Val Hausdorff: 6.104672,
                Atom Type Acc: 13.52%

Epoch 181/200 - Train Loss: 5.063607, 
                Val MAE: 5.056243, Val Optimized MAE: 4.633801, 
                Val Optimized Typed MAE: 21.227432, 
                Val Hausdorff: 6.098871,
                Atom Type Acc: 13.50%

Epoch 182/200 - Train Loss: 5.058231, 
                Val MAE: 5.056220, Val Optimized MAE: 4.635569, 
                Val Optimized Typed MAE: 21.261303, 
                Val Hausdorff: 6.101793,
                Atom Type Acc: 13.45%

Epoch 183/200 - Train Loss: 5.065560, 
                Val MAE: 5.055978, Val Optimized MAE: 4.642490, 
                Val Optimized Typed MAE: 21.329894, 
                Val Hausdorff: 6.113580,
                Atom Type Acc: 13.23%

Epoch 184/200 - Train Loss: 5.058523, 
                Val MAE: 5.056154, Val Optimized MAE: 4.637331, 
                Val Optimized Typed MAE: 21.219420, 
                Val Hausdorff: 6.104654,
                Atom Type Acc: 13.57%

Epoch 185/200 - Train Loss: 5.071844, 
                Val MAE: 5.056105, Val Optimized MAE: 4.638906, 
                Val Optimized Typed MAE: 21.286591, 
                Val Hausdorff: 6.107064,
                Atom Type Acc: 13.44%

Epoch 186/200 - Train Loss: 5.067663, 
                Val MAE: 5.056005, Val Optimized MAE: 4.642219, 
                Val Optimized Typed MAE: 21.325088, 
                Val Hausdorff: 6.112697,
                Atom Type Acc: 13.37%

Epoch 187/200 - Train Loss: 5.068946, 
                Val MAE: 5.056028, Val Optimized MAE: 4.641712, 
                Val Optimized Typed MAE: 21.301223, 
                Val Hausdorff: 6.112156,
                Atom Type Acc: 13.35%

Epoch 188/200 - Train Loss: 5.059653, 
                Val MAE: 5.056004, Val Optimized MAE: 4.642079, 
                Val Optimized Typed MAE: 21.307252, 
                Val Hausdorff: 6.112240,
                Atom Type Acc: 13.30%

Epoch 189/200 - Train Loss: 5.058868, 
                Val MAE: 5.055984, Val Optimized MAE: 4.642027, 
                Val Optimized Typed MAE: 21.321486, 
                Val Hausdorff: 6.112584,
                Atom Type Acc: 13.31%

Epoch 190/200 - Train Loss: 5.056228, 
                Val MAE: 5.056067, Val Optimized MAE: 4.639964, 
                Val Optimized Typed MAE: 21.253605, 
                Val Hausdorff: 6.108309,
                Atom Type Acc: 13.50%

Epoch 191/200 - Train Loss: 5.060542, 
                Val MAE: 5.056024, Val Optimized MAE: 4.641935, 
                Val Optimized Typed MAE: 21.266745, 
                Val Hausdorff: 6.112352,
                Atom Type Acc: 13.53%

Epoch 192/200 - Train Loss: 5.065071, 
                Val MAE: 5.056055, Val Optimized MAE: 4.640723, 
                Val Optimized Typed MAE: 21.283602, 
                Val Hausdorff: 6.110097,
                Atom Type Acc: 13.42%

Epoch 193/200 - Train Loss: 5.070801, 
                Val MAE: 5.056127, Val Optimized MAE: 4.637236, 
                Val Optimized Typed MAE: 21.278867, 
                Val Hausdorff: 6.105359,
                Atom Type Acc: 13.36%

Epoch 194/200 - Train Loss: 5.065857, 
                Val MAE: 5.055952, Val Optimized MAE: 4.644998, 
                Val Optimized Typed MAE: 21.321967, 
                Val Hausdorff: 6.116447,
                Atom Type Acc: 13.33%

Epoch 195/200 - Train Loss: 5.055083, 
                Val MAE: 5.056069, Val Optimized MAE: 4.640018, 
                Val Optimized Typed MAE: 21.278161, 
                Val Hausdorff: 6.109377,
                Atom Type Acc: 13.42%

Epoch 196/200 - Train Loss: 5.058895, 
                Val MAE: 5.056129, Val Optimized MAE: 4.637829, 
                Val Optimized Typed MAE: 21.248403, 
                Val Hausdorff: 6.106118,
                Atom Type Acc: 13.48%

Epoch 197/200 - Train Loss: 5.078173, 
                Val MAE: 5.056348, Val Optimized MAE: 4.630530, 
                Val Optimized Typed MAE: 21.201361, 
                Val Hausdorff: 6.094961,
                Atom Type Acc: 13.60%

Epoch 198/200 - Train Loss: 5.074344, 
                Val MAE: 5.056119, Val Optimized MAE: 4.637290, 
                Val Optimized Typed MAE: 21.210820, 
                Val Hausdorff: 6.105827,
                Atom Type Acc: 13.55%

Epoch 199/200 - Train Loss: 5.053779, 
                Val MAE: 5.056092, Val Optimized MAE: 4.638842, 
                Val Optimized Typed MAE: 21.240875, 
                Val Hausdorff: 6.107683,
                Atom Type Acc: 13.50%

Epoch 200/200 - Train Loss: 5.061214, 
                Val MAE: 5.056151, Val Optimized MAE: 4.636783, 
                Val Optimized Typed MAE: 21.232358, 
                Val Hausdorff: 6.103792,
                Atom Type Acc: 13.53%
Training complete. Model saved to 'mlp_results/AbsPositionRegressionXRD_20250515_035050_job6075_task0/samples/training_samples/pos_abs_layers3_hidden512_lr0.001_epochs200_batch32_cond580_with_atoms_20250515-035052/mlp_model.pt'
Test MAE: 5.0585, 
        Test Optimized MAE: 4.6393, 
        Test Optimized Typed MAE: 21.2347, 
        Test Hausdorff: 6.1036, 
        Test Atom Type Accuracy: 13.52%
Final test MAE: 5.0585, Test Hausdorff: 6.1036, Test Optimized MAE: 4.6393, Test Optimized Typed MAE: 21.2347, Test Atom Type Accuracy: 13.52%
Final metrics saved to mlp_results/AbsPositionRegressionXRD_20250515_035050_job6075_task0/samples/training_samples/pos_abs_layers3_hidden512_lr0.001_epochs200_batch32_cond580_with_atoms_20250515-035052/final_metrics.csv
----------------------------------------
Completed job with config file: configs/mlp_xrd_abs_base.yaml
----------------------------------------

All jobs completed at Thu May 15 04:05:50 CEST 2025
