Slurm assigned GPUs: 0
Set CUDA_VISIBLE_DEVICES=0,1,2,3
Job ID: 9857
Node: hendrixgpu20fl
# CPUs: 4
Fri May 16 19:03:40 2025       
+-----------------------------------------------------------------------------------------+
| NVIDIA-SMI 570.86.15              Driver Version: 570.86.15      CUDA Version: 12.8     |
|-----------------------------------------+------------------------+----------------------+
| GPU  Name                 Persistence-M | Bus-Id          Disp.A | Volatile Uncorr. ECC |
| Fan  Temp   Perf          Pwr:Usage/Cap |           Memory-Usage | GPU-Util  Compute M. |
|                                         |                        |               MIG M. |
|=========================================+========================+======================|
|   0  NVIDIA TITAN RTX               Off |   00000000:1A:00.0 Off |                  N/A |
| 41%   33C    P8             26W /  280W |       1MiB /  24576MiB |      0%      Default |
|                                         |                        |                  N/A |
+-----------------------------------------+------------------------+----------------------+
                                                                                         
+-----------------------------------------------------------------------------------------+
| Processes:                                                                              |
|  GPU   GI   CI              PID   Type   Process name                        GPU Memory |
|        ID   ID                                                               Usage      |
|=========================================================================================|
|  No running processes found                                                             |
+-----------------------------------------------------------------------------------------+
----------------------------------------
Starting job with config file: configs/diffusion_xpdf_abs_base_long.yaml
----------------------------------------
Running experiment with model type: Diffusion
Loaded atom mapping with 54 categories for visualization
Loaded atom mapping with 54 categories
Created dataset with 2013 samples, image shape: torch.Size([2013, 3, 10, 10]), conditioning shape: torch.Size([2013, 6000])
Atom types shape: torch.Size([2013, 1, 10, 10]), with 54 categories
Loaded atom mapping with 54 categories
Created dataset with 252 samples, image shape: torch.Size([252, 3, 10, 10]), conditioning shape: torch.Size([252, 6000])
Atom types shape: torch.Size([252, 1, 10, 10]), with 54 categories
Loaded atom mapping with 54 categories
Created dataset with 252 samples, image shape: torch.Size([252, 3, 10, 10]), conditioning shape: torch.Size([252, 6000])
Atom types shape: torch.Size([252, 1, 10, 10]), with 54 categories
Using device: cuda:0

Epoch 1/300 - Train Loss: 10.619763, 
                Val MAE: 5.117902, Val Optimized MAE: 3.984951, 
                Val Optimized Typed MAE: 23.039903,
                Val Hausdorff: 6.845492,
                Atom Type Acc: 2.47%

Epoch 2/300 - Train Loss: 6.683914, 
                Val MAE: 5.042777, Val Optimized MAE: 4.360032, 
                Val Optimized Typed MAE: 21.082697,
                Val Hausdorff: 7.403831,
                Atom Type Acc: 9.27%

Epoch 3/300 - Train Loss: 5.703105, 
                Val MAE: 5.033786, Val Optimized MAE: 4.435629, 
                Val Optimized Typed MAE: 17.907610,
                Val Hausdorff: 7.575254,
                Atom Type Acc: 19.65%

Epoch 4/300 - Train Loss: 5.263665, 
                Val MAE: 5.027342, Val Optimized MAE: 4.467205, 
                Val Optimized Typed MAE: 16.797124,
                Val Hausdorff: 7.625234,
                Atom Type Acc: 23.92%

Epoch 5/300 - Train Loss: 5.051302, 
                Val MAE: 5.020606, Val Optimized MAE: 4.476433, 
                Val Optimized Typed MAE: 14.247266,
                Val Hausdorff: 7.631875,
                Atom Type Acc: 34.98%

Epoch 6/300 - Train Loss: 4.902000, 
                Val MAE: 5.021109, Val Optimized MAE: 4.490444, 
                Val Optimized Typed MAE: 13.987534,
                Val Hausdorff: 7.676909,
                Atom Type Acc: 37.12%

Epoch 7/300 - Train Loss: 4.809649, 
                Val MAE: 5.020269, Val Optimized MAE: 4.497391, 
                Val Optimized Typed MAE: 13.635347,
                Val Hausdorff: 7.700613,
                Atom Type Acc: 39.67%

Epoch 8/300 - Train Loss: 4.748187, 
                Val MAE: 5.014179, Val Optimized MAE: 4.488432, 
                Val Optimized Typed MAE: 13.634473,
                Val Hausdorff: 7.625584,
                Atom Type Acc: 39.77%

Epoch 9/300 - Train Loss: 4.688059, 
                Val MAE: 5.016582, Val Optimized MAE: 4.481934, 
                Val Optimized Typed MAE: 13.390875,
                Val Hausdorff: 7.637366,
                Atom Type Acc: 40.58%

Epoch 10/300 - Train Loss: 4.616902, 
                Val MAE: 5.013482, Val Optimized MAE: 4.506408, 
                Val Optimized Typed MAE: 13.205072,
                Val Hausdorff: 7.675441,
                Atom Type Acc: 43.29%

Epoch 11/300 - Train Loss: 4.591112, 
                Val MAE: 5.014453, Val Optimized MAE: 4.477816, 
                Val Optimized Typed MAE: 13.945053,
                Val Hausdorff: 7.632573,
                Atom Type Acc: 38.69%

Epoch 12/300 - Train Loss: 4.524950, 
                Val MAE: 5.012759, Val Optimized MAE: 4.478168, 
                Val Optimized Typed MAE: 15.208957,
                Val Hausdorff: 7.632149,
                Atom Type Acc: 33.96%

Epoch 13/300 - Train Loss: 4.481014, 
                Val MAE: 5.011228, Val Optimized MAE: 4.499966, 
                Val Optimized Typed MAE: 17.089645,
                Val Hausdorff: 7.641820,
                Atom Type Acc: 28.19%

Epoch 14/300 - Train Loss: 4.422149, 
                Val MAE: 5.018257, Val Optimized MAE: 4.443380, 
                Val Optimized Typed MAE: 17.077189,
                Val Hausdorff: 7.586317,
                Atom Type Acc: 27.67%

Epoch 15/300 - Train Loss: 4.370602, 
                Val MAE: 5.017547, Val Optimized MAE: 4.464092, 
                Val Optimized Typed MAE: 17.749229,
                Val Hausdorff: 7.589645,
                Atom Type Acc: 25.18%

Epoch 16/300 - Train Loss: 4.316619, 
                Val MAE: 5.013346, Val Optimized MAE: 4.457433, 
                Val Optimized Typed MAE: 17.973544,
                Val Hausdorff: 7.589316,
                Atom Type Acc: 24.73%

Epoch 17/300 - Train Loss: 4.267643, 
                Val MAE: 5.012839, Val Optimized MAE: 4.454367, 
                Val Optimized Typed MAE: 17.984093,
                Val Hausdorff: 7.563943,
                Atom Type Acc: 24.52%

Epoch 18/300 - Train Loss: 4.231357, 
                Val MAE: 5.011706, Val Optimized MAE: 4.461059, 
                Val Optimized Typed MAE: 18.123975,
                Val Hausdorff: 7.572769,
                Atom Type Acc: 24.47%

Epoch 19/300 - Train Loss: 4.207005, 
                Val MAE: 5.007941, Val Optimized MAE: 4.456611, 
                Val Optimized Typed MAE: 18.158089,
                Val Hausdorff: 7.549952,
                Atom Type Acc: 24.60%

Epoch 20/300 - Train Loss: 4.161452, 
                Val MAE: 5.013895, Val Optimized MAE: 4.462502, 
                Val Optimized Typed MAE: 18.453067,
                Val Hausdorff: 7.584948,
                Atom Type Acc: 23.35%

Epoch 21/300 - Train Loss: 4.128883, 
                Val MAE: 5.012371, Val Optimized MAE: 4.454665, 
                Val Optimized Typed MAE: 18.480873,
                Val Hausdorff: 7.571477,
                Atom Type Acc: 23.12%

Epoch 22/300 - Train Loss: 4.096428, 
                Val MAE: 5.010419, Val Optimized MAE: 4.458671, 
                Val Optimized Typed MAE: 18.603284,
                Val Hausdorff: 7.581596,
                Atom Type Acc: 22.22%

Epoch 23/300 - Train Loss: 4.076262, 
                Val MAE: 5.011580, Val Optimized MAE: 4.453006, 
                Val Optimized Typed MAE: 18.176840,
                Val Hausdorff: 7.564970,
                Atom Type Acc: 23.74%

Epoch 24/300 - Train Loss: 4.045476, 
                Val MAE: 5.014699, Val Optimized MAE: 4.442518, 
                Val Optimized Typed MAE: 18.438820,
                Val Hausdorff: 7.539555,
                Atom Type Acc: 22.64%

Epoch 25/300 - Train Loss: 3.982997, 
                Val MAE: 5.016038, Val Optimized MAE: 4.441199, 
                Val Optimized Typed MAE: 19.619885,
                Val Hausdorff: 7.521374,
                Atom Type Acc: 18.61%

Epoch 26/300 - Train Loss: 3.936433, 
                Val MAE: 5.021112, Val Optimized MAE: 4.423242, 
                Val Optimized Typed MAE: 20.471154,
                Val Hausdorff: 7.518164,
                Atom Type Acc: 15.24%

Epoch 27/300 - Train Loss: 3.877487, 
                Val MAE: 5.021669, Val Optimized MAE: 4.433758, 
                Val Optimized Typed MAE: 20.298908,
                Val Hausdorff: 7.547108,
                Atom Type Acc: 16.10%

Epoch 28/300 - Train Loss: 3.813214, 
                Val MAE: 5.019315, Val Optimized MAE: 4.428674, 
                Val Optimized Typed MAE: 20.688248,
                Val Hausdorff: 7.507530,
                Atom Type Acc: 14.56%

Epoch 29/300 - Train Loss: 3.757721, 
                Val MAE: 5.022604, Val Optimized MAE: 4.417319, 
                Val Optimized Typed MAE: 20.107138,
                Val Hausdorff: 7.527058,
                Atom Type Acc: 16.97%

Epoch 30/300 - Train Loss: 3.735313, 
                Val MAE: 5.020292, Val Optimized MAE: 4.428951, 
                Val Optimized Typed MAE: 20.701001,
                Val Hausdorff: 7.526822,
                Atom Type Acc: 14.65%

Epoch 31/300 - Train Loss: 3.671326, 
                Val MAE: 5.029719, Val Optimized MAE: 4.411468, 
                Val Optimized Typed MAE: 20.578279,
                Val Hausdorff: 7.587148,
                Atom Type Acc: 14.44%

Epoch 32/300 - Train Loss: 3.610420, 
                Val MAE: 5.025573, Val Optimized MAE: 4.409922, 
                Val Optimized Typed MAE: 20.379324,
                Val Hausdorff: 7.507512,
                Atom Type Acc: 15.47%

Epoch 33/300 - Train Loss: 3.552301, 
                Val MAE: 5.015992, Val Optimized MAE: 4.430994, 
                Val Optimized Typed MAE: 20.030109,
                Val Hausdorff: 7.551188,
                Atom Type Acc: 16.31%

Epoch 34/300 - Train Loss: 3.460539, 
                Val MAE: 5.024353, Val Optimized MAE: 4.410058, 
                Val Optimized Typed MAE: 21.048300,
                Val Hausdorff: 7.487369,
                Atom Type Acc: 12.69%

Epoch 35/300 - Train Loss: 3.414563, 
                Val MAE: 5.019398, Val Optimized MAE: 4.437124, 
                Val Optimized Typed MAE: 20.969110,
                Val Hausdorff: 7.565138,
                Atom Type Acc: 12.89%

Epoch 36/300 - Train Loss: 3.389659, 
                Val MAE: 5.028286, Val Optimized MAE: 4.410768, 
                Val Optimized Typed MAE: 21.691955,
                Val Hausdorff: 7.518980,
                Atom Type Acc: 10.50%

Epoch 37/300 - Train Loss: 3.352120, 
                Val MAE: 5.024135, Val Optimized MAE: 4.426329, 
                Val Optimized Typed MAE: 21.113700,
                Val Hausdorff: 7.546185,
                Atom Type Acc: 12.73%

Epoch 38/300 - Train Loss: 3.265498, 
                Val MAE: 5.024820, Val Optimized MAE: 4.415013, 
                Val Optimized Typed MAE: 21.559115,
                Val Hausdorff: 7.545475,
                Atom Type Acc: 10.54%

Epoch 39/300 - Train Loss: 3.162186, 
                Val MAE: 5.026879, Val Optimized MAE: 4.401836, 
                Val Optimized Typed MAE: 21.596899,
                Val Hausdorff: 7.496835,
                Atom Type Acc: 11.02%

Epoch 40/300 - Train Loss: 3.082096, 
                Val MAE: 5.021755, Val Optimized MAE: 4.419881, 
                Val Optimized Typed MAE: 20.847490,
                Val Hausdorff: 7.550565,
                Atom Type Acc: 13.33%

Epoch 41/300 - Train Loss: 2.998849, 
                Val MAE: 5.025722, Val Optimized MAE: 4.393167, 
                Val Optimized Typed MAE: 21.455116,
                Val Hausdorff: 7.493482,
                Atom Type Acc: 11.07%

Epoch 42/300 - Train Loss: 2.951799, 
                Val MAE: 5.026092, Val Optimized MAE: 4.379885, 
                Val Optimized Typed MAE: 21.907569,
                Val Hausdorff: 7.458655,
                Atom Type Acc: 10.11%

Epoch 43/300 - Train Loss: 2.925861, 
                Val MAE: 5.028101, Val Optimized MAE: 4.378073, 
                Val Optimized Typed MAE: 21.796285,
                Val Hausdorff: 7.486647,
                Atom Type Acc: 10.38%

Epoch 44/300 - Train Loss: 2.820808, 
                Val MAE: 5.028870, Val Optimized MAE: 4.388414, 
                Val Optimized Typed MAE: 21.291904,
                Val Hausdorff: 7.483319,
                Atom Type Acc: 12.06%

Epoch 45/300 - Train Loss: 2.747609, 
                Val MAE: 5.021738, Val Optimized MAE: 4.416945, 
                Val Optimized Typed MAE: 21.154028,
                Val Hausdorff: 7.535295,
                Atom Type Acc: 12.71%

Epoch 46/300 - Train Loss: 2.671283, 
                Val MAE: 5.026244, Val Optimized MAE: 4.383656, 
                Val Optimized Typed MAE: 21.435582,
                Val Hausdorff: 7.477411,
                Atom Type Acc: 12.10%

Epoch 47/300 - Train Loss: 2.578336, 
                Val MAE: 5.027156, Val Optimized MAE: 4.385750, 
                Val Optimized Typed MAE: 21.706904,
                Val Hausdorff: 7.496090,
                Atom Type Acc: 10.59%

Epoch 48/300 - Train Loss: 2.500306, 
                Val MAE: 5.023314, Val Optimized MAE: 4.405057, 
                Val Optimized Typed MAE: 21.197242,
                Val Hausdorff: 7.508073,
                Atom Type Acc: 13.22%

Epoch 49/300 - Train Loss: 2.430217, 
                Val MAE: 5.025707, Val Optimized MAE: 4.390346, 
                Val Optimized Typed MAE: 21.549560,
                Val Hausdorff: 7.516513,
                Atom Type Acc: 11.56%

Epoch 50/300 - Train Loss: 2.395028, 
                Val MAE: 5.024645, Val Optimized MAE: 4.382292, 
                Val Optimized Typed MAE: 21.066591,
                Val Hausdorff: 7.472285,
                Atom Type Acc: 13.90%

Epoch 51/300 - Train Loss: 2.297163, 
                Val MAE: 5.032362, Val Optimized MAE: 4.408487, 
                Val Optimized Typed MAE: 20.976152,
                Val Hausdorff: 7.553372,
                Atom Type Acc: 13.79%

Epoch 52/300 - Train Loss: 2.213322, 
                Val MAE: 5.026067, Val Optimized MAE: 4.392162, 
                Val Optimized Typed MAE: 21.279302,
                Val Hausdorff: 7.488835,
                Atom Type Acc: 12.95%

Epoch 53/300 - Train Loss: 2.112142, 
                Val MAE: 5.025795, Val Optimized MAE: 4.375427, 
                Val Optimized Typed MAE: 21.039643,
                Val Hausdorff: 7.477664,
                Atom Type Acc: 14.03%

Epoch 54/300 - Train Loss: 2.063179, 
                Val MAE: 5.036757, Val Optimized MAE: 4.355505, 
                Val Optimized Typed MAE: 21.919506,
                Val Hausdorff: 7.476615,
                Atom Type Acc: 10.36%

Epoch 55/300 - Train Loss: 1.977086, 
                Val MAE: 5.027040, Val Optimized MAE: 4.371686, 
                Val Optimized Typed MAE: 21.629861,
                Val Hausdorff: 7.460213,
                Atom Type Acc: 11.77%

Epoch 56/300 - Train Loss: 1.912583, 
                Val MAE: 5.030587, Val Optimized MAE: 4.363370, 
                Val Optimized Typed MAE: 21.090557,
                Val Hausdorff: 7.447768,
                Atom Type Acc: 13.58%

Epoch 57/300 - Train Loss: 1.819587, 
                Val MAE: 5.035972, Val Optimized MAE: 4.362639, 
                Val Optimized Typed MAE: 21.202983,
                Val Hausdorff: 7.464454,
                Atom Type Acc: 13.06%

Epoch 58/300 - Train Loss: 1.741678, 
                Val MAE: 5.031764, Val Optimized MAE: 4.359679, 
                Val Optimized Typed MAE: 21.170760,
                Val Hausdorff: 7.456356,
                Atom Type Acc: 13.65%

Epoch 59/300 - Train Loss: 1.730087, 
                Val MAE: 5.031614, Val Optimized MAE: 4.372166, 
                Val Optimized Typed MAE: 21.764691,
                Val Hausdorff: 7.476253,
                Atom Type Acc: 10.66%

Epoch 60/300 - Train Loss: 1.667050, 
                Val MAE: 5.034756, Val Optimized MAE: 4.358328, 
                Val Optimized Typed MAE: 21.203416,
                Val Hausdorff: 7.451569,
                Atom Type Acc: 13.00%

Epoch 61/300 - Train Loss: 1.615003, 
                Val MAE: 5.024809, Val Optimized MAE: 4.366519, 
                Val Optimized Typed MAE: 20.955301,
                Val Hausdorff: 7.467464,
                Atom Type Acc: 14.11%

Epoch 62/300 - Train Loss: 1.595341, 
                Val MAE: 5.033074, Val Optimized MAE: 4.355756, 
                Val Optimized Typed MAE: 21.367264,
                Val Hausdorff: 7.428708,
                Atom Type Acc: 12.64%

Epoch 63/300 - Train Loss: 1.507727, 
                Val MAE: 5.030176, Val Optimized MAE: 4.352094, 
                Val Optimized Typed MAE: 21.086763,
                Val Hausdorff: 7.432577,
                Atom Type Acc: 13.71%

Epoch 64/300 - Train Loss: 1.467743, 
                Val MAE: 5.032709, Val Optimized MAE: 4.363834, 
                Val Optimized Typed MAE: 20.981280,
                Val Hausdorff: 7.462096,
                Atom Type Acc: 14.50%

Epoch 65/300 - Train Loss: 1.436828, 
                Val MAE: 5.033027, Val Optimized MAE: 4.357672, 
                Val Optimized Typed MAE: 21.251593,
                Val Hausdorff: 7.439986,
                Atom Type Acc: 12.85%

Epoch 66/300 - Train Loss: 1.394555, 
                Val MAE: 5.032091, Val Optimized MAE: 4.336045, 
                Val Optimized Typed MAE: 21.086717,
                Val Hausdorff: 7.414937,
                Atom Type Acc: 13.54%

Epoch 67/300 - Train Loss: 1.358249, 
                Val MAE: 5.029960, Val Optimized MAE: 4.366888, 
                Val Optimized Typed MAE: 20.649648,
                Val Hausdorff: 7.467106,
                Atom Type Acc: 15.52%

Epoch 68/300 - Train Loss: 1.327660, 
                Val MAE: 5.034646, Val Optimized MAE: 4.365525, 
                Val Optimized Typed MAE: 20.196410,
                Val Hausdorff: 7.462499,
                Atom Type Acc: 17.17%

Epoch 69/300 - Train Loss: 1.286954, 
                Val MAE: 5.032011, Val Optimized MAE: 4.360916, 
                Val Optimized Typed MAE: 20.921943,
                Val Hausdorff: 7.442149,
                Atom Type Acc: 14.84%

Epoch 70/300 - Train Loss: 1.232276, 
                Val MAE: 5.028490, Val Optimized MAE: 4.358203, 
                Val Optimized Typed MAE: 20.327563,
                Val Hausdorff: 7.452350,
                Atom Type Acc: 17.78%

Epoch 71/300 - Train Loss: 1.214095, 
                Val MAE: 5.031192, Val Optimized MAE: 4.359646, 
                Val Optimized Typed MAE: 20.451903,
                Val Hausdorff: 7.452754,
                Atom Type Acc: 16.70%

Epoch 72/300 - Train Loss: 1.202973, 
                Val MAE: 5.028747, Val Optimized MAE: 4.361674, 
                Val Optimized Typed MAE: 20.535416,
                Val Hausdorff: 7.423128,
                Atom Type Acc: 16.45%

Epoch 73/300 - Train Loss: 1.196736, 
                Val MAE: 5.029587, Val Optimized MAE: 4.340157, 
                Val Optimized Typed MAE: 19.976059,
                Val Hausdorff: 7.401056,
                Atom Type Acc: 18.18%

Epoch 74/300 - Train Loss: 1.147829, 
                Val MAE: 5.036439, Val Optimized MAE: 4.352651, 
                Val Optimized Typed MAE: 19.939813,
                Val Hausdorff: 7.427044,
                Atom Type Acc: 18.29%

Epoch 75/300 - Train Loss: 1.148635, 
                Val MAE: 5.034676, Val Optimized MAE: 4.353434, 
                Val Optimized Typed MAE: 20.446906,
                Val Hausdorff: 7.424406,
                Atom Type Acc: 16.60%

Epoch 76/300 - Train Loss: 1.159540, 
                Val MAE: 5.032413, Val Optimized MAE: 4.359025, 
                Val Optimized Typed MAE: 19.402573,
                Val Hausdorff: 7.424963,
                Atom Type Acc: 20.81%

Epoch 77/300 - Train Loss: 1.096655, 
                Val MAE: 5.037209, Val Optimized MAE: 4.352611, 
                Val Optimized Typed MAE: 19.665827,
                Val Hausdorff: 7.387342,
                Atom Type Acc: 19.23%

Epoch 78/300 - Train Loss: 1.079646, 
                Val MAE: 5.035227, Val Optimized MAE: 4.341674, 
                Val Optimized Typed MAE: 20.158194,
                Val Hausdorff: 7.403860,
                Atom Type Acc: 17.42%

Epoch 79/300 - Train Loss: 1.079428, 
                Val MAE: 5.031983, Val Optimized MAE: 4.351954, 
                Val Optimized Typed MAE: 19.342662,
                Val Hausdorff: 7.416746,
                Atom Type Acc: 20.96%

Epoch 80/300 - Train Loss: 1.075927, 
                Val MAE: 5.037348, Val Optimized MAE: 4.341696, 
                Val Optimized Typed MAE: 18.997748,
                Val Hausdorff: 7.391647,
                Atom Type Acc: 22.47%

Epoch 81/300 - Train Loss: 1.070327, 
                Val MAE: 5.041499, Val Optimized MAE: 4.312099, 
                Val Optimized Typed MAE: 20.700274,
                Val Hausdorff: 7.377968,
                Atom Type Acc: 15.29%

Epoch 82/300 - Train Loss: 1.142864, 
                Val MAE: 5.032585, Val Optimized MAE: 4.359631, 
                Val Optimized Typed MAE: 19.434971,
                Val Hausdorff: 7.428413,
                Atom Type Acc: 20.83%

Epoch 83/300 - Train Loss: 1.024743, 
                Val MAE: 5.037876, Val Optimized MAE: 4.349643, 
                Val Optimized Typed MAE: 19.290460,
                Val Hausdorff: 7.424125,
                Atom Type Acc: 21.58%

Epoch 84/300 - Train Loss: 1.002401, 
                Val MAE: 5.034855, Val Optimized MAE: 4.352178, 
                Val Optimized Typed MAE: 19.165154,
                Val Hausdorff: 7.419496,
                Atom Type Acc: 21.52%

Epoch 85/300 - Train Loss: 1.003048, 
                Val MAE: 5.034893, Val Optimized MAE: 4.353278, 
                Val Optimized Typed MAE: 18.484840,
                Val Hausdorff: 7.411650,
                Atom Type Acc: 24.08%

Epoch 86/300 - Train Loss: 1.012913, 
                Val MAE: 5.032900, Val Optimized MAE: 4.341168, 
                Val Optimized Typed MAE: 19.452864,
                Val Hausdorff: 7.402555,
                Atom Type Acc: 20.32%

Epoch 87/300 - Train Loss: 0.974582, 
                Val MAE: 5.033928, Val Optimized MAE: 4.339429, 
                Val Optimized Typed MAE: 18.892759,
                Val Hausdorff: 7.391450,
                Atom Type Acc: 22.56%

Epoch 88/300 - Train Loss: 0.956161, 
                Val MAE: 5.032379, Val Optimized MAE: 4.356242, 
                Val Optimized Typed MAE: 17.199561,
                Val Hausdorff: 7.419713,
                Atom Type Acc: 28.96%

Epoch 89/300 - Train Loss: 0.957429, 
                Val MAE: 5.033166, Val Optimized MAE: 4.333588, 
                Val Optimized Typed MAE: 18.693304,
                Val Hausdorff: 7.386546,
                Atom Type Acc: 23.46%

Epoch 90/300 - Train Loss: 0.955688, 
                Val MAE: 5.034119, Val Optimized MAE: 4.344393, 
                Val Optimized Typed MAE: 18.080880,
                Val Hausdorff: 7.422032,
                Atom Type Acc: 26.47%

Epoch 91/300 - Train Loss: 0.941127, 
                Val MAE: 5.036000, Val Optimized MAE: 4.350522, 
                Val Optimized Typed MAE: 17.684896,
                Val Hausdorff: 7.429357,
                Atom Type Acc: 27.27%

Epoch 92/300 - Train Loss: 0.933661, 
                Val MAE: 5.034957, Val Optimized MAE: 4.352371, 
                Val Optimized Typed MAE: 17.299515,
                Val Hausdorff: 7.378557,
                Atom Type Acc: 29.06%

Epoch 93/300 - Train Loss: 0.901953, 
                Val MAE: 5.037115, Val Optimized MAE: 4.331204, 
                Val Optimized Typed MAE: 17.590830,
                Val Hausdorff: 7.387024,
                Atom Type Acc: 27.81%

Epoch 94/300 - Train Loss: 0.883430, 
                Val MAE: 5.038137, Val Optimized MAE: 4.340092, 
                Val Optimized Typed MAE: 17.319981,
                Val Hausdorff: 7.426283,
                Atom Type Acc: 28.81%

Epoch 95/300 - Train Loss: 0.912834, 
                Val MAE: 5.034348, Val Optimized MAE: 4.347774, 
                Val Optimized Typed MAE: 17.764995,
                Val Hausdorff: 7.395796,
                Atom Type Acc: 27.12%

Epoch 96/300 - Train Loss: 0.925724, 
                Val MAE: 5.034290, Val Optimized MAE: 4.320367, 
                Val Optimized Typed MAE: 18.629546,
                Val Hausdorff: 7.378073,
                Atom Type Acc: 24.00%

Epoch 97/300 - Train Loss: 0.887427, 
                Val MAE: 5.033175, Val Optimized MAE: 4.342587, 
                Val Optimized Typed MAE: 17.664961,
                Val Hausdorff: 7.419199,
                Atom Type Acc: 27.37%

Epoch 98/300 - Train Loss: 0.879823, 
                Val MAE: 5.033031, Val Optimized MAE: 4.339693, 
                Val Optimized Typed MAE: 17.418439,
                Val Hausdorff: 7.415892,
                Atom Type Acc: 28.60%

Epoch 99/300 - Train Loss: 0.883656, 
                Val MAE: 5.036036, Val Optimized MAE: 4.334817, 
                Val Optimized Typed MAE: 17.589050,
                Val Hausdorff: 7.390294,
                Atom Type Acc: 27.33%

Epoch 100/300 - Train Loss: 0.896203, 
                Val MAE: 5.042826, Val Optimized MAE: 4.339363, 
                Val Optimized Typed MAE: 17.554656,
                Val Hausdorff: 7.391146,
                Atom Type Acc: 27.94%

Epoch 101/300 - Train Loss: 0.883144, 
                Val MAE: 5.038752, Val Optimized MAE: 4.344995, 
                Val Optimized Typed MAE: 17.589788,
                Val Hausdorff: 7.412991,
                Atom Type Acc: 28.03%

Epoch 102/300 - Train Loss: 0.855860, 
                Val MAE: 5.035932, Val Optimized MAE: 4.334201, 
                Val Optimized Typed MAE: 16.674417,
                Val Hausdorff: 7.383350,
                Atom Type Acc: 31.23%

Epoch 103/300 - Train Loss: 0.880304, 
                Val MAE: 5.042861, Val Optimized MAE: 4.336283, 
                Val Optimized Typed MAE: 16.311333,
                Val Hausdorff: 7.390704,
                Atom Type Acc: 32.71%

Epoch 104/300 - Train Loss: 0.893362, 
                Val MAE: 5.032286, Val Optimized MAE: 4.346727, 
                Val Optimized Typed MAE: 15.870874,
                Val Hausdorff: 7.440393,
                Atom Type Acc: 34.02%

Epoch 105/300 - Train Loss: 0.850079, 
                Val MAE: 5.035213, Val Optimized MAE: 4.347031, 
                Val Optimized Typed MAE: 15.579034,
                Val Hausdorff: 7.401348,
                Atom Type Acc: 35.08%

Epoch 106/300 - Train Loss: 0.826807, 
                Val MAE: 5.038095, Val Optimized MAE: 4.327002, 
                Val Optimized Typed MAE: 15.648493,
                Val Hausdorff: 7.372670,
                Atom Type Acc: 34.65%

Epoch 107/300 - Train Loss: 0.828951, 
                Val MAE: 5.036704, Val Optimized MAE: 4.338118, 
                Val Optimized Typed MAE: 15.790065,
                Val Hausdorff: 7.401836,
                Atom Type Acc: 33.85%

Epoch 108/300 - Train Loss: 0.844655, 
                Val MAE: 5.038254, Val Optimized MAE: 4.337611, 
                Val Optimized Typed MAE: 15.996014,
                Val Hausdorff: 7.396097,
                Atom Type Acc: 33.58%

Epoch 109/300 - Train Loss: 0.825773, 
                Val MAE: 5.036607, Val Optimized MAE: 4.347647, 
                Val Optimized Typed MAE: 15.535232,
                Val Hausdorff: 7.400629,
                Atom Type Acc: 34.85%

Epoch 110/300 - Train Loss: 0.847087, 
                Val MAE: 5.039785, Val Optimized MAE: 4.346697, 
                Val Optimized Typed MAE: 15.157920,
                Val Hausdorff: 7.407397,
                Atom Type Acc: 36.66%

Epoch 111/300 - Train Loss: 0.841416, 
                Val MAE: 5.038543, Val Optimized MAE: 4.349500, 
                Val Optimized Typed MAE: 15.055884,
                Val Hausdorff: 7.421158,
                Atom Type Acc: 36.56%

Epoch 112/300 - Train Loss: 0.801449, 
                Val MAE: 5.034466, Val Optimized MAE: 4.342942, 
                Val Optimized Typed MAE: 14.876729,
                Val Hausdorff: 7.404032,
                Atom Type Acc: 37.54%

Epoch 113/300 - Train Loss: 0.784006, 
                Val MAE: 5.037838, Val Optimized MAE: 4.321390, 
                Val Optimized Typed MAE: 15.423856,
                Val Hausdorff: 7.369794,
                Atom Type Acc: 35.15%

Epoch 114/300 - Train Loss: 0.814933, 
                Val MAE: 5.041167, Val Optimized MAE: 4.326675, 
                Val Optimized Typed MAE: 15.429028,
                Val Hausdorff: 7.403136,
                Atom Type Acc: 35.53%

Epoch 115/300 - Train Loss: 0.831334, 
                Val MAE: 5.038898, Val Optimized MAE: 4.330495, 
                Val Optimized Typed MAE: 15.633433,
                Val Hausdorff: 7.385544,
                Atom Type Acc: 34.21%

Epoch 116/300 - Train Loss: 0.823096, 
                Val MAE: 5.036982, Val Optimized MAE: 4.334618, 
                Val Optimized Typed MAE: 15.005126,
                Val Hausdorff: 7.392461,
                Atom Type Acc: 36.58%

Epoch 117/300 - Train Loss: 0.798726, 
                Val MAE: 5.036888, Val Optimized MAE: 4.347757, 
                Val Optimized Typed MAE: 15.076428,
                Val Hausdorff: 7.425638,
                Atom Type Acc: 36.41%

Epoch 118/300 - Train Loss: 0.780186, 
                Val MAE: 5.039014, Val Optimized MAE: 4.336159, 
                Val Optimized Typed MAE: 14.794795,
                Val Hausdorff: 7.386387,
                Atom Type Acc: 36.82%

Epoch 119/300 - Train Loss: 0.766505, 
                Val MAE: 5.041052, Val Optimized MAE: 4.329945, 
                Val Optimized Typed MAE: 13.928365,
                Val Hausdorff: 7.380884,
                Atom Type Acc: 40.77%

Epoch 120/300 - Train Loss: 0.750207, 
                Val MAE: 5.036970, Val Optimized MAE: 4.341730, 
                Val Optimized Typed MAE: 14.442417,
                Val Hausdorff: 7.403649,
                Atom Type Acc: 38.34%

Epoch 121/300 - Train Loss: 0.770907, 
                Val MAE: 5.042198, Val Optimized MAE: 4.341757, 
                Val Optimized Typed MAE: 14.174651,
                Val Hausdorff: 7.394148,
                Atom Type Acc: 38.77%

Epoch 122/300 - Train Loss: 0.771720, 
                Val MAE: 5.039440, Val Optimized MAE: 4.342914, 
                Val Optimized Typed MAE: 13.926876,
                Val Hausdorff: 7.417448,
                Atom Type Acc: 40.70%

Epoch 123/300 - Train Loss: 0.764588, 
                Val MAE: 5.036165, Val Optimized MAE: 4.338236, 
                Val Optimized Typed MAE: 14.573379,
                Val Hausdorff: 7.408747,
                Atom Type Acc: 38.05%

Epoch 124/300 - Train Loss: 0.757625, 
                Val MAE: 5.039874, Val Optimized MAE: 4.320865, 
                Val Optimized Typed MAE: 14.364683,
                Val Hausdorff: 7.385156,
                Atom Type Acc: 39.02%

Epoch 125/300 - Train Loss: 0.761677, 
                Val MAE: 5.038826, Val Optimized MAE: 4.331410, 
                Val Optimized Typed MAE: 13.470548,
                Val Hausdorff: 7.382513,
                Atom Type Acc: 41.77%

Epoch 126/300 - Train Loss: 0.753823, 
                Val MAE: 5.037195, Val Optimized MAE: 4.342231, 
                Val Optimized Typed MAE: 13.422403,
                Val Hausdorff: 7.393774,
                Atom Type Acc: 42.00%

Epoch 127/300 - Train Loss: 0.746847, 
                Val MAE: 5.038319, Val Optimized MAE: 4.327220, 
                Val Optimized Typed MAE: 13.405391,
                Val Hausdorff: 7.385423,
                Atom Type Acc: 42.20%

Epoch 128/300 - Train Loss: 0.740675, 
                Val MAE: 5.038118, Val Optimized MAE: 4.332733, 
                Val Optimized Typed MAE: 13.682663,
                Val Hausdorff: 7.392751,
                Atom Type Acc: 41.47%

Epoch 129/300 - Train Loss: 0.738244, 
                Val MAE: 5.038911, Val Optimized MAE: 4.331801, 
                Val Optimized Typed MAE: 13.680167,
                Val Hausdorff: 7.401029,
                Atom Type Acc: 41.44%

Epoch 130/300 - Train Loss: 0.720495, 
                Val MAE: 5.038841, Val Optimized MAE: 4.341121, 
                Val Optimized Typed MAE: 13.624903,
                Val Hausdorff: 7.416636,
                Atom Type Acc: 41.63%

Epoch 131/300 - Train Loss: 0.712960, 
                Val MAE: 5.040041, Val Optimized MAE: 4.312480, 
                Val Optimized Typed MAE: 13.963409,
                Val Hausdorff: 7.338448,
                Atom Type Acc: 40.07%

Epoch 132/300 - Train Loss: 0.752316, 
                Val MAE: 5.033330, Val Optimized MAE: 4.337385, 
                Val Optimized Typed MAE: 13.451633,
                Val Hausdorff: 7.394622,
                Atom Type Acc: 42.25%

Epoch 133/300 - Train Loss: 0.766325, 
                Val MAE: 5.036057, Val Optimized MAE: 4.348534, 
                Val Optimized Typed MAE: 13.784548,
                Val Hausdorff: 7.399388,
                Atom Type Acc: 40.76%

Epoch 134/300 - Train Loss: 0.751337, 
                Val MAE: 5.040922, Val Optimized MAE: 4.333666, 
                Val Optimized Typed MAE: 12.775685,
                Val Hausdorff: 7.382749,
                Atom Type Acc: 44.73%

Epoch 135/300 - Train Loss: 0.723476, 
                Val MAE: 5.038095, Val Optimized MAE: 4.336725, 
                Val Optimized Typed MAE: 13.166306,
                Val Hausdorff: 7.382591,
                Atom Type Acc: 43.72%

Epoch 136/300 - Train Loss: 0.719192, 
                Val MAE: 5.038190, Val Optimized MAE: 4.339412, 
                Val Optimized Typed MAE: 13.165563,
                Val Hausdorff: 7.414847,
                Atom Type Acc: 43.37%

Epoch 137/300 - Train Loss: 0.738723, 
                Val MAE: 5.039373, Val Optimized MAE: 4.328443, 
                Val Optimized Typed MAE: 13.714424,
                Val Hausdorff: 7.390351,
                Atom Type Acc: 41.21%

Epoch 138/300 - Train Loss: 0.739980, 
                Val MAE: 5.040519, Val Optimized MAE: 4.325905, 
                Val Optimized Typed MAE: 13.456384,
                Val Hausdorff: 7.366811,
                Atom Type Acc: 41.74%

Epoch 139/300 - Train Loss: 0.706584, 
                Val MAE: 5.038368, Val Optimized MAE: 4.323993, 
                Val Optimized Typed MAE: 13.453185,
                Val Hausdorff: 7.384737,
                Atom Type Acc: 41.73%

Epoch 140/300 - Train Loss: 0.751615, 
                Val MAE: 5.037761, Val Optimized MAE: 4.330354, 
                Val Optimized Typed MAE: 13.706021,
                Val Hausdorff: 7.399613,
                Atom Type Acc: 41.27%

Epoch 141/300 - Train Loss: 0.715113, 
                Val MAE: 5.036838, Val Optimized MAE: 4.326822, 
                Val Optimized Typed MAE: 13.587153,
                Val Hausdorff: 7.376423,
                Atom Type Acc: 42.02%

Epoch 142/300 - Train Loss: 0.725006, 
                Val MAE: 5.038189, Val Optimized MAE: 4.342851, 
                Val Optimized Typed MAE: 13.771308,
                Val Hausdorff: 7.400031,
                Atom Type Acc: 40.48%

Epoch 143/300 - Train Loss: 0.726638, 
                Val MAE: 5.036378, Val Optimized MAE: 4.341348, 
                Val Optimized Typed MAE: 13.221380,
                Val Hausdorff: 7.392704,
                Atom Type Acc: 42.95%

Epoch 144/300 - Train Loss: 0.688732, 
                Val MAE: 5.039285, Val Optimized MAE: 4.315067, 
                Val Optimized Typed MAE: 13.290435,
                Val Hausdorff: 7.350845,
                Atom Type Acc: 42.57%

Epoch 145/300 - Train Loss: 0.665787, 
                Val MAE: 5.039671, Val Optimized MAE: 4.331389, 
                Val Optimized Typed MAE: 12.989299,
                Val Hausdorff: 7.386115,
                Atom Type Acc: 43.72%

Epoch 146/300 - Train Loss: 0.698784, 
                Val MAE: 5.041685, Val Optimized MAE: 4.318556, 
                Val Optimized Typed MAE: 12.916028,
                Val Hausdorff: 7.363037,
                Atom Type Acc: 44.29%

Epoch 147/300 - Train Loss: 0.734220, 
                Val MAE: 5.031436, Val Optimized MAE: 4.328804, 
                Val Optimized Typed MAE: 13.013758,
                Val Hausdorff: 7.384040,
                Atom Type Acc: 44.39%

Epoch 148/300 - Train Loss: 0.677737, 
                Val MAE: 5.043426, Val Optimized MAE: 4.333367, 
                Val Optimized Typed MAE: 13.124379,
                Val Hausdorff: 7.391659,
                Atom Type Acc: 43.61%

Epoch 149/300 - Train Loss: 0.665204, 
                Val MAE: 5.041414, Val Optimized MAE: 4.327905, 
                Val Optimized Typed MAE: 12.831003,
                Val Hausdorff: 7.385340,
                Atom Type Acc: 44.65%

Epoch 150/300 - Train Loss: 0.719114, 
                Val MAE: 5.038807, Val Optimized MAE: 4.321290, 
                Val Optimized Typed MAE: 13.533459,
                Val Hausdorff: 7.359620,
                Atom Type Acc: 41.44%

Epoch 151/300 - Train Loss: 0.676579, 
                Val MAE: 5.038424, Val Optimized MAE: 4.336087, 
                Val Optimized Typed MAE: 12.978767,
                Val Hausdorff: 7.383969,
                Atom Type Acc: 43.70%

Epoch 152/300 - Train Loss: 0.688378, 
                Val MAE: 5.042107, Val Optimized MAE: 4.305468, 
                Val Optimized Typed MAE: 13.124881,
                Val Hausdorff: 7.340783,
                Atom Type Acc: 43.84%

Epoch 153/300 - Train Loss: 0.692460, 
                Val MAE: 5.046348, Val Optimized MAE: 4.318105, 
                Val Optimized Typed MAE: 12.741015,
                Val Hausdorff: 7.366214,
                Atom Type Acc: 44.99%

Epoch 154/300 - Train Loss: 0.689062, 
                Val MAE: 5.041292, Val Optimized MAE: 4.329270, 
                Val Optimized Typed MAE: 12.975979,
                Val Hausdorff: 7.379027,
                Atom Type Acc: 43.97%

Epoch 155/300 - Train Loss: 0.677040, 
                Val MAE: 5.042567, Val Optimized MAE: 4.316915, 
                Val Optimized Typed MAE: 12.997729,
                Val Hausdorff: 7.356098,
                Atom Type Acc: 43.64%

Epoch 156/300 - Train Loss: 0.691432, 
                Val MAE: 5.038576, Val Optimized MAE: 4.322382, 
                Val Optimized Typed MAE: 12.994220,
                Val Hausdorff: 7.378113,
                Atom Type Acc: 44.72%

Epoch 157/300 - Train Loss: 0.666559, 
                Val MAE: 5.039973, Val Optimized MAE: 4.327091, 
                Val Optimized Typed MAE: 12.877343,
                Val Hausdorff: 7.365947,
                Atom Type Acc: 44.31%

Epoch 158/300 - Train Loss: 0.666317, 
                Val MAE: 5.042557, Val Optimized MAE: 4.320490, 
                Val Optimized Typed MAE: 12.627100,
                Val Hausdorff: 7.374771,
                Atom Type Acc: 45.69%

Epoch 159/300 - Train Loss: 0.698544, 
                Val MAE: 5.043975, Val Optimized MAE: 4.305969, 
                Val Optimized Typed MAE: 12.974026,
                Val Hausdorff: 7.343132,
                Atom Type Acc: 44.56%

Epoch 160/300 - Train Loss: 0.666431, 
                Val MAE: 5.039684, Val Optimized MAE: 4.328135, 
                Val Optimized Typed MAE: 12.751164,
                Val Hausdorff: 7.379482,
                Atom Type Acc: 45.43%

Epoch 161/300 - Train Loss: 0.645826, 
                Val MAE: 5.041640, Val Optimized MAE: 4.316958, 
                Val Optimized Typed MAE: 12.856251,
                Val Hausdorff: 7.371833,
                Atom Type Acc: 44.42%

Epoch 162/300 - Train Loss: 0.645878, 
                Val MAE: 5.039281, Val Optimized MAE: 4.323308, 
                Val Optimized Typed MAE: 12.615385,
                Val Hausdorff: 7.385433,
                Atom Type Acc: 45.26%

Epoch 163/300 - Train Loss: 0.657585, 
                Val MAE: 5.044953, Val Optimized MAE: 4.314733, 
                Val Optimized Typed MAE: 12.611906,
                Val Hausdorff: 7.359982,
                Atom Type Acc: 44.83%

Epoch 164/300 - Train Loss: 0.641837, 
                Val MAE: 5.044598, Val Optimized MAE: 4.322224, 
                Val Optimized Typed MAE: 12.881751,
                Val Hausdorff: 7.405122,
                Atom Type Acc: 45.03%

Epoch 165/300 - Train Loss: 0.661265, 
                Val MAE: 5.044689, Val Optimized MAE: 4.323546, 
                Val Optimized Typed MAE: 12.610455,
                Val Hausdorff: 7.382241,
                Atom Type Acc: 45.87%

Epoch 166/300 - Train Loss: 0.637537, 
                Val MAE: 5.042008, Val Optimized MAE: 4.323833, 
                Val Optimized Typed MAE: 12.715663,
                Val Hausdorff: 7.370439,
                Atom Type Acc: 44.68%

Epoch 167/300 - Train Loss: 0.669443, 
                Val MAE: 5.041590, Val Optimized MAE: 4.323754, 
                Val Optimized Typed MAE: 12.642145,
                Val Hausdorff: 7.375570,
                Atom Type Acc: 45.96%

Epoch 168/300 - Train Loss: 0.640745, 
                Val MAE: 5.041902, Val Optimized MAE: 4.318576, 
                Val Optimized Typed MAE: 12.637983,
                Val Hausdorff: 7.355527,
                Atom Type Acc: 45.56%

Epoch 169/300 - Train Loss: 0.635982, 
                Val MAE: 5.042637, Val Optimized MAE: 4.314221, 
                Val Optimized Typed MAE: 12.500403,
                Val Hausdorff: 7.358809,
                Atom Type Acc: 46.97%

Epoch 170/300 - Train Loss: 0.616793, 
                Val MAE: 5.043683, Val Optimized MAE: 4.308339, 
                Val Optimized Typed MAE: 12.834502,
                Val Hausdorff: 7.362273,
                Atom Type Acc: 45.02%

Epoch 171/300 - Train Loss: 0.639990, 
                Val MAE: 5.041534, Val Optimized MAE: 4.330169, 
                Val Optimized Typed MAE: 12.526245,
                Val Hausdorff: 7.384084,
                Atom Type Acc: 46.45%

Epoch 172/300 - Train Loss: 0.643876, 
                Val MAE: 5.051243, Val Optimized MAE: 4.287440, 
                Val Optimized Typed MAE: 12.770938,
                Val Hausdorff: 7.309844,
                Atom Type Acc: 45.03%

Epoch 173/300 - Train Loss: 0.625334, 
                Val MAE: 5.040841, Val Optimized MAE: 4.318783, 
                Val Optimized Typed MAE: 12.874176,
                Val Hausdorff: 7.388438,
                Atom Type Acc: 44.77%

Epoch 174/300 - Train Loss: 0.632428, 
                Val MAE: 5.046089, Val Optimized MAE: 4.310608, 
                Val Optimized Typed MAE: 12.553338,
                Val Hausdorff: 7.351651,
                Atom Type Acc: 46.22%

Epoch 175/300 - Train Loss: 0.628166, 
                Val MAE: 5.042520, Val Optimized MAE: 4.317990, 
                Val Optimized Typed MAE: 12.601157,
                Val Hausdorff: 7.362363,
                Atom Type Acc: 46.28%

Epoch 176/300 - Train Loss: 0.614838, 
                Val MAE: 5.048903, Val Optimized MAE: 4.299287, 
                Val Optimized Typed MAE: 12.512253,
                Val Hausdorff: 7.353737,
                Atom Type Acc: 46.29%

Epoch 177/300 - Train Loss: 0.614570, 
                Val MAE: 5.045451, Val Optimized MAE: 4.305969, 
                Val Optimized Typed MAE: 12.552980,
                Val Hausdorff: 7.326195,
                Atom Type Acc: 45.91%

Epoch 178/300 - Train Loss: 0.602038, 
                Val MAE: 5.045376, Val Optimized MAE: 4.304443, 
                Val Optimized Typed MAE: 12.640120,
                Val Hausdorff: 7.341144,
                Atom Type Acc: 45.92%

Epoch 179/300 - Train Loss: 0.623650, 
                Val MAE: 5.045415, Val Optimized MAE: 4.306327, 
                Val Optimized Typed MAE: 12.745187,
                Val Hausdorff: 7.367693,
                Atom Type Acc: 45.83%

Epoch 180/300 - Train Loss: 0.621726, 
                Val MAE: 5.045529, Val Optimized MAE: 4.314427, 
                Val Optimized Typed MAE: 12.737158,
                Val Hausdorff: 7.372117,
                Atom Type Acc: 45.57%

Epoch 181/300 - Train Loss: 0.597808, 
                Val MAE: 5.044692, Val Optimized MAE: 4.305115, 
                Val Optimized Typed MAE: 12.732129,
                Val Hausdorff: 7.333516,
                Atom Type Acc: 46.56%

Epoch 182/300 - Train Loss: 0.617244, 
                Val MAE: 5.051845, Val Optimized MAE: 4.279921, 
                Val Optimized Typed MAE: 12.437928,
                Val Hausdorff: 7.299579,
                Atom Type Acc: 45.59%

Epoch 183/300 - Train Loss: 0.644899, 
                Val MAE: 5.048354, Val Optimized MAE: 4.308366, 
                Val Optimized Typed MAE: 12.798336,
                Val Hausdorff: 7.356380,
                Atom Type Acc: 44.57%

Epoch 184/300 - Train Loss: 0.661022, 
                Val MAE: 5.046993, Val Optimized MAE: 4.306023, 
                Val Optimized Typed MAE: 12.672209,
                Val Hausdorff: 7.341980,
                Atom Type Acc: 45.99%

Epoch 185/300 - Train Loss: 0.627404, 
                Val MAE: 5.049996, Val Optimized MAE: 4.294617, 
                Val Optimized Typed MAE: 12.306946,
                Val Hausdorff: 7.332235,
                Atom Type Acc: 47.38%

Epoch 186/300 - Train Loss: 0.613598, 
                Val MAE: 5.048937, Val Optimized MAE: 4.304138, 
                Val Optimized Typed MAE: 12.375911,
                Val Hausdorff: 7.344108,
                Atom Type Acc: 47.07%

Epoch 187/300 - Train Loss: 0.594399, 
                Val MAE: 5.047243, Val Optimized MAE: 4.305940, 
                Val Optimized Typed MAE: 12.450684,
                Val Hausdorff: 7.346965,
                Atom Type Acc: 47.35%

Epoch 188/300 - Train Loss: 0.631448, 
                Val MAE: 5.042012, Val Optimized MAE: 4.312227, 
                Val Optimized Typed MAE: 12.443901,
                Val Hausdorff: 7.369846,
                Atom Type Acc: 47.37%

Epoch 189/300 - Train Loss: 0.613782, 
                Val MAE: 5.045932, Val Optimized MAE: 4.298754, 
                Val Optimized Typed MAE: 12.622088,
                Val Hausdorff: 7.322440,
                Atom Type Acc: 46.08%

Epoch 190/300 - Train Loss: 0.613024, 
                Val MAE: 5.044465, Val Optimized MAE: 4.309155, 
                Val Optimized Typed MAE: 12.404224,
                Val Hausdorff: 7.359385,
                Atom Type Acc: 46.85%

Epoch 191/300 - Train Loss: 0.597556, 
                Val MAE: 5.044753, Val Optimized MAE: 4.314372, 
                Val Optimized Typed MAE: 12.236745,
                Val Hausdorff: 7.354550,
                Atom Type Acc: 47.83%

Epoch 192/300 - Train Loss: 0.625761, 
                Val MAE: 5.044569, Val Optimized MAE: 4.294961, 
                Val Optimized Typed MAE: 12.179251,
                Val Hausdorff: 7.333578,
                Atom Type Acc: 48.00%

Epoch 193/300 - Train Loss: 0.612157, 
                Val MAE: 5.047037, Val Optimized MAE: 4.308685, 
                Val Optimized Typed MAE: 12.582225,
                Val Hausdorff: 7.351239,
                Atom Type Acc: 46.57%

Epoch 194/300 - Train Loss: 0.617380, 
                Val MAE: 5.048367, Val Optimized MAE: 4.295400, 
                Val Optimized Typed MAE: 12.474399,
                Val Hausdorff: 7.321539,
                Atom Type Acc: 46.40%

Epoch 195/300 - Train Loss: 0.589262, 
                Val MAE: 5.049569, Val Optimized MAE: 4.301903, 
                Val Optimized Typed MAE: 12.846686,
                Val Hausdorff: 7.347368,
                Atom Type Acc: 44.71%

Epoch 196/300 - Train Loss: 0.586732, 
                Val MAE: 5.048213, Val Optimized MAE: 4.288181, 
                Val Optimized Typed MAE: 12.326404,
                Val Hausdorff: 7.328239,
                Atom Type Acc: 47.08%

Epoch 197/300 - Train Loss: 0.606195, 
                Val MAE: 5.048333, Val Optimized MAE: 4.304078, 
                Val Optimized Typed MAE: 12.446020,
                Val Hausdorff: 7.347064,
                Atom Type Acc: 48.01%

Epoch 198/300 - Train Loss: 0.606995, 
                Val MAE: 5.046312, Val Optimized MAE: 4.293602, 
                Val Optimized Typed MAE: 12.492206,
                Val Hausdorff: 7.318844,
                Atom Type Acc: 46.15%

Epoch 199/300 - Train Loss: 0.584607, 
                Val MAE: 5.048714, Val Optimized MAE: 4.299509, 
                Val Optimized Typed MAE: 12.466793,
                Val Hausdorff: 7.337636,
                Atom Type Acc: 46.64%

Epoch 200/300 - Train Loss: 0.599449, 
                Val MAE: 5.046657, Val Optimized MAE: 4.299452, 
                Val Optimized Typed MAE: 12.755955,
                Val Hausdorff: 7.324585,
                Atom Type Acc: 45.73%

Epoch 201/300 - Train Loss: 0.700654, 
                Val MAE: 5.042327, Val Optimized MAE: 4.306616, 
                Val Optimized Typed MAE: 12.716573,
                Val Hausdorff: 7.342741,
                Atom Type Acc: 45.63%

Epoch 202/300 - Train Loss: 0.608134, 
                Val MAE: 5.048998, Val Optimized MAE: 4.300377, 
                Val Optimized Typed MAE: 12.366408,
                Val Hausdorff: 7.343391,
                Atom Type Acc: 47.28%

Epoch 203/300 - Train Loss: 0.588106, 
                Val MAE: 5.047593, Val Optimized MAE: 4.292404, 
                Val Optimized Typed MAE: 12.417632,
                Val Hausdorff: 7.308577,
                Atom Type Acc: 46.73%

Epoch 204/300 - Train Loss: 0.597452, 
                Val MAE: 5.043881, Val Optimized MAE: 4.289580, 
                Val Optimized Typed MAE: 12.231342,
                Val Hausdorff: 7.332781,
                Atom Type Acc: 47.21%

Epoch 205/300 - Train Loss: 0.589494, 
                Val MAE: 5.049414, Val Optimized MAE: 4.296416, 
                Val Optimized Typed MAE: 12.403511,
                Val Hausdorff: 7.339006,
                Atom Type Acc: 47.10%

Epoch 206/300 - Train Loss: 0.582137, 
                Val MAE: 5.047102, Val Optimized MAE: 4.290828, 
                Val Optimized Typed MAE: 12.379939,
                Val Hausdorff: 7.327826,
                Atom Type Acc: 47.34%

Epoch 207/300 - Train Loss: 0.594699, 
                Val MAE: 5.048528, Val Optimized MAE: 4.299455, 
                Val Optimized Typed MAE: 12.387348,
                Val Hausdorff: 7.350133,
                Atom Type Acc: 47.37%

Epoch 208/300 - Train Loss: 0.581611, 
                Val MAE: 5.047577, Val Optimized MAE: 4.291367, 
                Val Optimized Typed MAE: 12.344055,
                Val Hausdorff: 7.330511,
                Atom Type Acc: 47.81%

Epoch 209/300 - Train Loss: 0.576809, 
                Val MAE: 5.044041, Val Optimized MAE: 4.295497, 
                Val Optimized Typed MAE: 12.389185,
                Val Hausdorff: 7.342354,
                Atom Type Acc: 47.44%

Epoch 210/300 - Train Loss: 0.584403, 
                Val MAE: 5.050818, Val Optimized MAE: 4.277296, 
                Val Optimized Typed MAE: 12.425641,
                Val Hausdorff: 7.301925,
                Atom Type Acc: 47.26%

Epoch 211/300 - Train Loss: 0.627737, 
                Val MAE: 5.046993, Val Optimized MAE: 4.295959, 
                Val Optimized Typed MAE: 12.285326,
                Val Hausdorff: 7.329699,
                Atom Type Acc: 47.81%

Epoch 212/300 - Train Loss: 0.601380, 
                Val MAE: 5.049655, Val Optimized MAE: 4.291132, 
                Val Optimized Typed MAE: 12.396877,
                Val Hausdorff: 7.335007,
                Atom Type Acc: 46.92%

Epoch 213/300 - Train Loss: 0.584022, 
                Val MAE: 5.054944, Val Optimized MAE: 4.297285, 
                Val Optimized Typed MAE: 12.130988,
                Val Hausdorff: 7.329668,
                Atom Type Acc: 48.29%

Epoch 214/300 - Train Loss: 0.603405, 
                Val MAE: 5.050943, Val Optimized MAE: 4.283715, 
                Val Optimized Typed MAE: 12.464349,
                Val Hausdorff: 7.307802,
                Atom Type Acc: 46.81%

Epoch 215/300 - Train Loss: 0.589762, 
                Val MAE: 5.048557, Val Optimized MAE: 4.294245, 
                Val Optimized Typed MAE: 12.394485,
                Val Hausdorff: 7.316986,
                Atom Type Acc: 47.23%

Epoch 216/300 - Train Loss: 0.572208, 
                Val MAE: 5.051732, Val Optimized MAE: 4.289173, 
                Val Optimized Typed MAE: 12.275113,
                Val Hausdorff: 7.324791,
                Atom Type Acc: 47.34%

Epoch 217/300 - Train Loss: 0.585632, 
                Val MAE: 5.053040, Val Optimized MAE: 4.295875, 
                Val Optimized Typed MAE: 12.291879,
                Val Hausdorff: 7.334829,
                Atom Type Acc: 47.26%

Epoch 218/300 - Train Loss: 0.577510, 
                Val MAE: 5.051756, Val Optimized MAE: 4.273992, 
                Val Optimized Typed MAE: 12.331519,
                Val Hausdorff: 7.303176,
                Atom Type Acc: 47.59%

Epoch 219/300 - Train Loss: 0.580428, 
                Val MAE: 5.051818, Val Optimized MAE: 4.285671, 
                Val Optimized Typed MAE: 12.524185,
                Val Hausdorff: 7.330463,
                Atom Type Acc: 47.30%

Epoch 220/300 - Train Loss: 0.602861, 
                Val MAE: 5.056201, Val Optimized MAE: 4.281960, 
                Val Optimized Typed MAE: 12.258114,
                Val Hausdorff: 7.304402,
                Atom Type Acc: 47.94%

Epoch 221/300 - Train Loss: 0.623931, 
                Val MAE: 5.057142, Val Optimized MAE: 4.287369, 
                Val Optimized Typed MAE: 12.307465,
                Val Hausdorff: 7.308933,
                Atom Type Acc: 48.12%

Epoch 222/300 - Train Loss: 0.618569, 
                Val MAE: 5.052042, Val Optimized MAE: 4.288428, 
                Val Optimized Typed MAE: 12.597560,
                Val Hausdorff: 7.323100,
                Atom Type Acc: 46.77%

Epoch 223/300 - Train Loss: 0.595911, 
                Val MAE: 5.053099, Val Optimized MAE: 4.284994, 
                Val Optimized Typed MAE: 12.288728,
                Val Hausdorff: 7.318502,
                Atom Type Acc: 47.43%

Epoch 224/300 - Train Loss: 0.557489, 
                Val MAE: 5.052097, Val Optimized MAE: 4.282406, 
                Val Optimized Typed MAE: 12.340690,
                Val Hausdorff: 7.306517,
                Atom Type Acc: 47.71%

Epoch 225/300 - Train Loss: 0.556318, 
                Val MAE: 5.049630, Val Optimized MAE: 4.274043, 
                Val Optimized Typed MAE: 12.344899,
                Val Hausdorff: 7.285408,
                Atom Type Acc: 47.85%

Epoch 226/300 - Train Loss: 0.572481, 
                Val MAE: 5.051687, Val Optimized MAE: 4.277066, 
                Val Optimized Typed MAE: 12.270597,
                Val Hausdorff: 7.294366,
                Atom Type Acc: 47.90%

Epoch 227/300 - Train Loss: 0.577198, 
                Val MAE: 5.052694, Val Optimized MAE: 4.277116, 
                Val Optimized Typed MAE: 12.113890,
                Val Hausdorff: 7.311481,
                Atom Type Acc: 48.42%

Epoch 228/300 - Train Loss: 0.568480, 
                Val MAE: 5.052560, Val Optimized MAE: 4.274612, 
                Val Optimized Typed MAE: 12.211296,
                Val Hausdorff: 7.322483,
                Atom Type Acc: 47.92%

Epoch 229/300 - Train Loss: 0.562919, 
                Val MAE: 5.057024, Val Optimized MAE: 4.268281, 
                Val Optimized Typed MAE: 12.113105,
                Val Hausdorff: 7.291775,
                Atom Type Acc: 48.65%

Epoch 230/300 - Train Loss: 0.586703, 
                Val MAE: 5.053606, Val Optimized MAE: 4.272967, 
                Val Optimized Typed MAE: 12.175558,
                Val Hausdorff: 7.302682,
                Atom Type Acc: 48.44%

Epoch 231/300 - Train Loss: 0.563869, 
                Val MAE: 5.049095, Val Optimized MAE: 4.279924, 
                Val Optimized Typed MAE: 12.232602,
                Val Hausdorff: 7.302503,
                Atom Type Acc: 48.56%

Epoch 232/300 - Train Loss: 0.577473, 
                Val MAE: 5.053821, Val Optimized MAE: 4.268849, 
                Val Optimized Typed MAE: 12.257575,
                Val Hausdorff: 7.272037,
                Atom Type Acc: 47.61%

Epoch 233/300 - Train Loss: 0.582527, 
                Val MAE: 5.051482, Val Optimized MAE: 4.284677, 
                Val Optimized Typed MAE: 12.164635,
                Val Hausdorff: 7.324448,
                Atom Type Acc: 48.85%

Epoch 234/300 - Train Loss: 0.591275, 
                Val MAE: 5.054558, Val Optimized MAE: 4.275770, 
                Val Optimized Typed MAE: 12.494633,
                Val Hausdorff: 7.293876,
                Atom Type Acc: 47.71%

Epoch 235/300 - Train Loss: 0.566661, 
                Val MAE: 5.055691, Val Optimized MAE: 4.260429, 
                Val Optimized Typed MAE: 12.087690,
                Val Hausdorff: 7.290070,
                Atom Type Acc: 48.83%

Epoch 236/300 - Train Loss: 0.550067, 
                Val MAE: 5.059458, Val Optimized MAE: 4.263604, 
                Val Optimized Typed MAE: 12.264655,
                Val Hausdorff: 7.287237,
                Atom Type Acc: 48.16%

Epoch 237/300 - Train Loss: 0.576933, 
                Val MAE: 5.054399, Val Optimized MAE: 4.271662, 
                Val Optimized Typed MAE: 12.128533,
                Val Hausdorff: 7.316468,
                Atom Type Acc: 47.84%

Epoch 238/300 - Train Loss: 0.580116, 
                Val MAE: 5.059022, Val Optimized MAE: 4.265657, 
                Val Optimized Typed MAE: 12.378263,
                Val Hausdorff: 7.315293,
                Atom Type Acc: 46.98%

Epoch 239/300 - Train Loss: 0.614354, 
                Val MAE: 5.053839, Val Optimized MAE: 4.278314, 
                Val Optimized Typed MAE: 12.396987,
                Val Hausdorff: 7.331131,
                Atom Type Acc: 47.44%

Epoch 240/300 - Train Loss: 0.558605, 
                Val MAE: 5.055879, Val Optimized MAE: 4.269370, 
                Val Optimized Typed MAE: 12.142261,
                Val Hausdorff: 7.295736,
                Atom Type Acc: 48.23%

Epoch 241/300 - Train Loss: 0.552067, 
                Val MAE: 5.054795, Val Optimized MAE: 4.263063, 
                Val Optimized Typed MAE: 12.248241,
                Val Hausdorff: 7.281077,
                Atom Type Acc: 47.96%

Epoch 242/300 - Train Loss: 0.548339, 
                Val MAE: 5.054224, Val Optimized MAE: 4.266728, 
                Val Optimized Typed MAE: 12.159610,
                Val Hausdorff: 7.310310,
                Atom Type Acc: 48.59%

Epoch 243/300 - Train Loss: 0.534534, 
                Val MAE: 5.059325, Val Optimized MAE: 4.260106, 
                Val Optimized Typed MAE: 12.158411,
                Val Hausdorff: 7.271748,
                Atom Type Acc: 48.06%

Epoch 244/300 - Train Loss: 0.566764, 
                Val MAE: 5.056347, Val Optimized MAE: 4.260356, 
                Val Optimized Typed MAE: 12.013460,
                Val Hausdorff: 7.279714,
                Atom Type Acc: 48.38%

Epoch 245/300 - Train Loss: 0.557922, 
                Val MAE: 5.060243, Val Optimized MAE: 4.261632, 
                Val Optimized Typed MAE: 12.133144,
                Val Hausdorff: 7.276977,
                Atom Type Acc: 50.12%

Epoch 246/300 - Train Loss: 0.578162, 
                Val MAE: 5.049999, Val Optimized MAE: 4.264666, 
                Val Optimized Typed MAE: 12.325655,
                Val Hausdorff: 7.287907,
                Atom Type Acc: 47.99%

Epoch 247/300 - Train Loss: 0.565599, 
                Val MAE: 5.058611, Val Optimized MAE: 4.252323, 
                Val Optimized Typed MAE: 11.999776,
                Val Hausdorff: 7.264595,
                Atom Type Acc: 49.02%

Epoch 248/300 - Train Loss: 0.543839, 
                Val MAE: 5.061032, Val Optimized MAE: 4.261901, 
                Val Optimized Typed MAE: 12.109234,
                Val Hausdorff: 7.296290,
                Atom Type Acc: 48.69%

Epoch 249/300 - Train Loss: 0.544165, 
                Val MAE: 5.054312, Val Optimized MAE: 4.263493, 
                Val Optimized Typed MAE: 12.282879,
                Val Hausdorff: 7.285433,
                Atom Type Acc: 47.65%

Epoch 250/300 - Train Loss: 0.566487, 
                Val MAE: 5.064141, Val Optimized MAE: 4.254011, 
                Val Optimized Typed MAE: 12.037926,
                Val Hausdorff: 7.264062,
                Atom Type Acc: 48.96%

Epoch 251/300 - Train Loss: 0.542806, 
                Val MAE: 5.062135, Val Optimized MAE: 4.241363, 
                Val Optimized Typed MAE: 12.055245,
                Val Hausdorff: 7.259640,
                Atom Type Acc: 48.82%

Epoch 252/300 - Train Loss: 0.539341, 
                Val MAE: 5.060335, Val Optimized MAE: 4.251305, 
                Val Optimized Typed MAE: 12.032752,
                Val Hausdorff: 7.274516,
                Atom Type Acc: 49.12%

Epoch 253/300 - Train Loss: 0.539063, 
                Val MAE: 5.057874, Val Optimized MAE: 4.245485, 
                Val Optimized Typed MAE: 12.125824,
                Val Hausdorff: 7.248218,
                Atom Type Acc: 49.08%

Epoch 254/300 - Train Loss: 0.536239, 
                Val MAE: 5.064602, Val Optimized MAE: 4.236322, 
                Val Optimized Typed MAE: 12.038575,
                Val Hausdorff: 7.241701,
                Atom Type Acc: 48.82%

Epoch 255/300 - Train Loss: 0.546768, 
                Val MAE: 5.057586, Val Optimized MAE: 4.236526, 
                Val Optimized Typed MAE: 12.209323,
                Val Hausdorff: 7.266027,
                Atom Type Acc: 48.33%

Epoch 256/300 - Train Loss: 0.553173, 
                Val MAE: 5.064754, Val Optimized MAE: 4.243930, 
                Val Optimized Typed MAE: 12.150919,
                Val Hausdorff: 7.262550,
                Atom Type Acc: 48.87%

Epoch 257/300 - Train Loss: 0.544174, 
                Val MAE: 5.064461, Val Optimized MAE: 4.241225, 
                Val Optimized Typed MAE: 12.049260,
                Val Hausdorff: 7.275756,
                Atom Type Acc: 49.56%

Epoch 258/300 - Train Loss: 0.529103, 
                Val MAE: 5.064549, Val Optimized MAE: 4.238526, 
                Val Optimized Typed MAE: 12.011193,
                Val Hausdorff: 7.243528,
                Atom Type Acc: 49.18%

Epoch 259/300 - Train Loss: 0.527721, 
                Val MAE: 5.066130, Val Optimized MAE: 4.231118, 
                Val Optimized Typed MAE: 12.305684,
                Val Hausdorff: 7.230912,
                Atom Type Acc: 47.44%

Epoch 260/300 - Train Loss: 0.547488, 
                Val MAE: 5.063124, Val Optimized MAE: 4.226916, 
                Val Optimized Typed MAE: 11.853008,
                Val Hausdorff: 7.237412,
                Atom Type Acc: 49.90%

Epoch 261/300 - Train Loss: 0.532990, 
                Val MAE: 5.064913, Val Optimized MAE: 4.225306, 
                Val Optimized Typed MAE: 12.017271,
                Val Hausdorff: 7.208818,
                Atom Type Acc: 48.75%

Epoch 262/300 - Train Loss: 0.536961, 
                Val MAE: 5.066376, Val Optimized MAE: 4.242949, 
                Val Optimized Typed MAE: 12.119064,
                Val Hausdorff: 7.261406,
                Atom Type Acc: 49.04%

Epoch 263/300 - Train Loss: 0.536652, 
                Val MAE: 5.060438, Val Optimized MAE: 4.245439, 
                Val Optimized Typed MAE: 12.133205,
                Val Hausdorff: 7.274329,
                Atom Type Acc: 48.23%

Epoch 264/300 - Train Loss: 0.540175, 
                Val MAE: 5.063750, Val Optimized MAE: 4.245269, 
                Val Optimized Typed MAE: 11.973520,
                Val Hausdorff: 7.277422,
                Atom Type Acc: 49.02%

Epoch 265/300 - Train Loss: 0.538942, 
                Val MAE: 5.068861, Val Optimized MAE: 4.230455, 
                Val Optimized Typed MAE: 12.002824,
                Val Hausdorff: 7.267744,
                Atom Type Acc: 49.43%

Epoch 266/300 - Train Loss: 0.538848, 
                Val MAE: 5.064923, Val Optimized MAE: 4.226424, 
                Val Optimized Typed MAE: 12.219328,
                Val Hausdorff: 7.219344,
                Atom Type Acc: 48.00%

Epoch 267/300 - Train Loss: 0.553779, 
                Val MAE: 5.062591, Val Optimized MAE: 4.238853, 
                Val Optimized Typed MAE: 11.946212,
                Val Hausdorff: 7.253229,
                Atom Type Acc: 49.23%

Epoch 268/300 - Train Loss: 0.543577, 
                Val MAE: 5.066395, Val Optimized MAE: 4.229451, 
                Val Optimized Typed MAE: 11.790468,
                Val Hausdorff: 7.241225,
                Atom Type Acc: 49.68%

Epoch 269/300 - Train Loss: 0.541845, 
                Val MAE: 5.065930, Val Optimized MAE: 4.228016, 
                Val Optimized Typed MAE: 11.852219,
                Val Hausdorff: 7.257084,
                Atom Type Acc: 50.14%

Epoch 270/300 - Train Loss: 0.524258, 
                Val MAE: 5.064962, Val Optimized MAE: 4.233130, 
                Val Optimized Typed MAE: 11.905711,
                Val Hausdorff: 7.243229,
                Atom Type Acc: 49.70%

Epoch 271/300 - Train Loss: 0.519022, 
                Val MAE: 5.067833, Val Optimized MAE: 4.232264, 
                Val Optimized Typed MAE: 11.991024,
                Val Hausdorff: 7.255889,
                Atom Type Acc: 49.24%

Epoch 272/300 - Train Loss: 0.545171, 
                Val MAE: 5.067305, Val Optimized MAE: 4.221310, 
                Val Optimized Typed MAE: 12.142757,
                Val Hausdorff: 7.235886,
                Atom Type Acc: 48.26%

Epoch 273/300 - Train Loss: 0.598429, 
                Val MAE: 5.068057, Val Optimized MAE: 4.230252, 
                Val Optimized Typed MAE: 12.036456,
                Val Hausdorff: 7.226284,
                Atom Type Acc: 49.98%

Epoch 274/300 - Train Loss: 0.560993, 
                Val MAE: 5.063870, Val Optimized MAE: 4.241064, 
                Val Optimized Typed MAE: 11.930628,
                Val Hausdorff: 7.235908,
                Atom Type Acc: 49.03%

Epoch 275/300 - Train Loss: 0.538822, 
                Val MAE: 5.069409, Val Optimized MAE: 4.231366, 
                Val Optimized Typed MAE: 12.221926,
                Val Hausdorff: 7.237612,
                Atom Type Acc: 48.37%

Epoch 276/300 - Train Loss: 0.528077, 
                Val MAE: 5.067975, Val Optimized MAE: 4.228211, 
                Val Optimized Typed MAE: 12.153476,
                Val Hausdorff: 7.240600,
                Atom Type Acc: 49.22%

Epoch 277/300 - Train Loss: 0.538819, 
                Val MAE: 5.068559, Val Optimized MAE: 4.233867, 
                Val Optimized Typed MAE: 11.919894,
                Val Hausdorff: 7.262100,
                Atom Type Acc: 49.54%

Epoch 278/300 - Train Loss: 0.528734, 
                Val MAE: 5.070287, Val Optimized MAE: 4.222662, 
                Val Optimized Typed MAE: 11.876410,
                Val Hausdorff: 7.215950,
                Atom Type Acc: 49.69%

Epoch 279/300 - Train Loss: 0.537948, 
                Val MAE: 5.068515, Val Optimized MAE: 4.223795, 
                Val Optimized Typed MAE: 12.015899,
                Val Hausdorff: 7.232234,
                Atom Type Acc: 49.31%

Epoch 280/300 - Train Loss: 0.536934, 
                Val MAE: 5.070824, Val Optimized MAE: 4.231395, 
                Val Optimized Typed MAE: 12.011861,
                Val Hausdorff: 7.245343,
                Atom Type Acc: 49.31%

Epoch 281/300 - Train Loss: 0.542903, 
                Val MAE: 5.064074, Val Optimized MAE: 4.215851, 
                Val Optimized Typed MAE: 12.110732,
                Val Hausdorff: 7.223680,
                Atom Type Acc: 48.95%

Epoch 282/300 - Train Loss: 0.509008, 
                Val MAE: 5.068511, Val Optimized MAE: 4.210458, 
                Val Optimized Typed MAE: 12.017067,
                Val Hausdorff: 7.230055,
                Atom Type Acc: 49.60%

Epoch 283/300 - Train Loss: 0.513034, 
                Val MAE: 5.072906, Val Optimized MAE: 4.211584, 
                Val Optimized Typed MAE: 12.047800,
                Val Hausdorff: 7.217299,
                Atom Type Acc: 49.11%

Epoch 284/300 - Train Loss: 0.523319, 
                Val MAE: 5.075520, Val Optimized MAE: 4.205988, 
                Val Optimized Typed MAE: 12.021795,
                Val Hausdorff: 7.238422,
                Atom Type Acc: 49.51%

Epoch 285/300 - Train Loss: 0.537982, 
                Val MAE: 5.069035, Val Optimized MAE: 4.206919, 
                Val Optimized Typed MAE: 11.965203,
                Val Hausdorff: 7.218969,
                Atom Type Acc: 49.40%

Epoch 286/300 - Train Loss: 0.514496, 
                Val MAE: 5.072785, Val Optimized MAE: 4.213431, 
                Val Optimized Typed MAE: 12.065465,
                Val Hausdorff: 7.207823,
                Atom Type Acc: 49.64%

Epoch 287/300 - Train Loss: 0.520957, 
                Val MAE: 5.070096, Val Optimized MAE: 4.206377, 
                Val Optimized Typed MAE: 12.102919,
                Val Hausdorff: 7.205993,
                Atom Type Acc: 49.29%

Epoch 288/300 - Train Loss: 0.524274, 
                Val MAE: 5.071477, Val Optimized MAE: 4.198987, 
                Val Optimized Typed MAE: 12.152165,
                Val Hausdorff: 7.185992,
                Atom Type Acc: 48.50%

Epoch 289/300 - Train Loss: 0.513529, 
                Val MAE: 5.071478, Val Optimized MAE: 4.207936, 
                Val Optimized Typed MAE: 12.019163,
                Val Hausdorff: 7.203920,
                Atom Type Acc: 48.87%

Epoch 290/300 - Train Loss: 0.512701, 
                Val MAE: 5.075701, Val Optimized MAE: 4.191051, 
                Val Optimized Typed MAE: 11.930336,
                Val Hausdorff: 7.197280,
                Atom Type Acc: 49.48%

Epoch 291/300 - Train Loss: 0.519258, 
                Val MAE: 5.073863, Val Optimized MAE: 4.204868, 
                Val Optimized Typed MAE: 12.100664,
                Val Hausdorff: 7.230229,
                Atom Type Acc: 49.64%

Epoch 292/300 - Train Loss: 0.530876, 
                Val MAE: 5.076239, Val Optimized MAE: 4.202766, 
                Val Optimized Typed MAE: 11.906091,
                Val Hausdorff: 7.204206,
                Atom Type Acc: 49.61%

Epoch 293/300 - Train Loss: 0.517925, 
                Val MAE: 5.072363, Val Optimized MAE: 4.204474, 
                Val Optimized Typed MAE: 11.973316,
                Val Hausdorff: 7.213715,
                Atom Type Acc: 49.77%

Epoch 294/300 - Train Loss: 0.525034, 
                Val MAE: 5.072480, Val Optimized MAE: 4.203813, 
                Val Optimized Typed MAE: 11.966282,
                Val Hausdorff: 7.225126,
                Atom Type Acc: 49.41%

Epoch 295/300 - Train Loss: 0.531386, 
                Val MAE: 5.074594, Val Optimized MAE: 4.204308, 
                Val Optimized Typed MAE: 11.792160,
                Val Hausdorff: 7.221984,
                Atom Type Acc: 50.59%

Epoch 296/300 - Train Loss: 0.509426, 
                Val MAE: 5.071015, Val Optimized MAE: 4.203504, 
                Val Optimized Typed MAE: 11.780139,
                Val Hausdorff: 7.220532,
                Atom Type Acc: 50.34%

Epoch 297/300 - Train Loss: 0.511658, 
                Val MAE: 5.073369, Val Optimized MAE: 4.202283, 
                Val Optimized Typed MAE: 11.976973,
                Val Hausdorff: 7.216479,
                Atom Type Acc: 49.65%

Epoch 298/300 - Train Loss: 0.511791, 
                Val MAE: 5.080287, Val Optimized MAE: 4.196699, 
                Val Optimized Typed MAE: 11.959570,
                Val Hausdorff: 7.218888,
                Atom Type Acc: 49.25%

Epoch 299/300 - Train Loss: 0.511234, 
                Val MAE: 5.073617, Val Optimized MAE: 4.202555, 
                Val Optimized Typed MAE: 11.976720,
                Val Hausdorff: 7.225206,
                Atom Type Acc: 49.52%

Epoch 300/300 - Train Loss: 0.511270, 
                Val MAE: 5.078324, Val Optimized MAE: 4.197772, 
                Val Optimized Typed MAE: 12.141450,
                Val Hausdorff: 7.219682,
                Atom Type Acc: 49.30%
Training complete. Model saved to 'diffusion_results/AbsPositionRegressionXPDF_20250516_190408_job9857_task0/samples/training_samples/pos_abs_T100_lr0.0001_epochs300_batch64_cond64_with_atoms_20250516-190410/vector_conditioned_rgb_model.pt'
Test MAE: 5.0905,
        Test Optimized MAE: 4.1946,
        Test Optimized Typed MAE: 12.2935,
        Test Hausdorff: 7.1648,
        Test Atom Type Accuracy: 48.86%
Final test MAE: 5.0905, Test Hausdorff: 7.1648, Test Atom Type Accuracy: 48.86%
Final metrics saved to diffusion_results/AbsPositionRegressionXPDF_20250516_190408_job9857_task0/samples/training_samples/pos_abs_T100_lr0.0001_epochs300_batch64_cond64_with_atoms_20250516-190410/final_metrics.csv
----------------------------------------
Completed job with config file: configs/diffusion_xpdf_abs_base_long.yaml
----------------------------------------

----------------------------------------
Starting job with config file: configs/diffusion_xpdf_frac_base_long.yaml
----------------------------------------
Running experiment with model type: Diffusion
Loaded atom mapping with 54 categories for visualization
Loaded atom mapping with 54 categories
Created dataset with 2013 samples, image shape: torch.Size([2013, 3, 10, 10]), conditioning shape: torch.Size([2013, 6000])
Atom types shape: torch.Size([2013, 1, 10, 10]), with 54 categories
Loaded atom mapping with 54 categories
Created dataset with 252 samples, image shape: torch.Size([252, 3, 10, 10]), conditioning shape: torch.Size([252, 6000])
Atom types shape: torch.Size([252, 1, 10, 10]), with 54 categories
Loaded atom mapping with 54 categories
Created dataset with 252 samples, image shape: torch.Size([252, 3, 10, 10]), conditioning shape: torch.Size([252, 6000])
Atom types shape: torch.Size([252, 1, 10, 10]), with 54 categories
Using device: cuda:0

Epoch 1/300 - Train Loss: 5.501506, 
                Val MAE: 3.105933, Val Optimized MAE: 1.749812, 
                Val Optimized Typed MAE: 18.055568,
                Val Hausdorff: 4.808965,
                Atom Type Acc: 10.75%

Epoch 2/300 - Train Loss: 4.528393, 
                Val MAE: 2.686955, Val Optimized MAE: 1.338783, 
                Val Optimized Typed MAE: 14.603536,
                Val Hausdorff: 4.048065,
                Atom Type Acc: 20.71%

Epoch 3/300 - Train Loss: 4.422076, 
                Val MAE: 2.271554, Val Optimized MAE: 0.965191, 
                Val Optimized Typed MAE: 12.442474,
                Val Hausdorff: 3.152930,
                Atom Type Acc: 27.05%

Epoch 4/300 - Train Loss: 4.354504, 
                Val MAE: 2.088857, Val Optimized MAE: 0.828528, 
                Val Optimized Typed MAE: 13.210526,
                Val Hausdorff: 2.853575,
                Atom Type Acc: 25.25%

Epoch 5/300 - Train Loss: 4.319560, 
                Val MAE: 2.012463, Val Optimized MAE: 0.779795, 
                Val Optimized Typed MAE: 11.714634,
                Val Hausdorff: 2.691617,
                Atom Type Acc: 30.38%

Epoch 6/300 - Train Loss: 4.282934, 
                Val MAE: 1.931920, Val Optimized MAE: 0.736702, 
                Val Optimized Typed MAE: 12.248664,
                Val Hausdorff: 2.532903,
                Atom Type Acc: 29.02%

Epoch 7/300 - Train Loss: 4.250851, 
                Val MAE: 1.877273, Val Optimized MAE: 0.705977, 
                Val Optimized Typed MAE: 11.978742,
                Val Hausdorff: 2.461576,
                Atom Type Acc: 30.49%

Epoch 8/300 - Train Loss: 4.210940, 
                Val MAE: 1.858522, Val Optimized MAE: 0.708620, 
                Val Optimized Typed MAE: 13.924583,
                Val Hausdorff: 2.471067,
                Atom Type Acc: 24.64%

Epoch 9/300 - Train Loss: 4.150103, 
                Val MAE: 1.855098, Val Optimized MAE: 0.703113, 
                Val Optimized Typed MAE: 15.600592,
                Val Hausdorff: 2.290099,
                Atom Type Acc: 18.67%

Epoch 10/300 - Train Loss: 4.075956, 
                Val MAE: 1.878521, Val Optimized MAE: 0.715835, 
                Val Optimized Typed MAE: 14.851974,
                Val Hausdorff: 2.436059,
                Atom Type Acc: 21.42%

Epoch 11/300 - Train Loss: 4.041881, 
                Val MAE: 1.848454, Val Optimized MAE: 0.715641, 
                Val Optimized Typed MAE: 15.214632,
                Val Hausdorff: 2.385818,
                Atom Type Acc: 20.46%

Epoch 12/300 - Train Loss: 3.988753, 
                Val MAE: 1.861308, Val Optimized MAE: 0.714958, 
                Val Optimized Typed MAE: 15.147165,
                Val Hausdorff: 2.403665,
                Atom Type Acc: 20.87%

Epoch 13/300 - Train Loss: 3.986164, 
                Val MAE: 1.849732, Val Optimized MAE: 0.699591, 
                Val Optimized Typed MAE: 14.756640,
                Val Hausdorff: 2.334993,
                Atom Type Acc: 22.18%

Epoch 14/300 - Train Loss: 3.933076, 
                Val MAE: 1.809377, Val Optimized MAE: 0.707678, 
                Val Optimized Typed MAE: 15.346117,
                Val Hausdorff: 2.302877,
                Atom Type Acc: 20.02%

Epoch 15/300 - Train Loss: 3.892347, 
                Val MAE: 1.839857, Val Optimized MAE: 0.708528, 
                Val Optimized Typed MAE: 15.254933,
                Val Hausdorff: 2.402554,
                Atom Type Acc: 20.52%

Epoch 16/300 - Train Loss: 3.856478, 
                Val MAE: 1.813473, Val Optimized MAE: 0.707768, 
                Val Optimized Typed MAE: 15.866007,
                Val Hausdorff: 2.253352,
                Atom Type Acc: 18.61%

Epoch 17/300 - Train Loss: 3.851367, 
                Val MAE: 1.848873, Val Optimized MAE: 0.709935, 
                Val Optimized Typed MAE: 15.399907,
                Val Hausdorff: 2.373368,
                Atom Type Acc: 20.00%

Epoch 18/300 - Train Loss: 3.814986, 
                Val MAE: 1.847549, Val Optimized MAE: 0.728349, 
                Val Optimized Typed MAE: 15.968173,
                Val Hausdorff: 2.379677,
                Atom Type Acc: 18.33%

Epoch 19/300 - Train Loss: 3.845706, 
                Val MAE: 1.788535, Val Optimized MAE: 0.709290, 
                Val Optimized Typed MAE: 15.735614,
                Val Hausdorff: 2.250369,
                Atom Type Acc: 19.46%

Epoch 20/300 - Train Loss: 3.769605, 
                Val MAE: 1.813584, Val Optimized MAE: 0.700888, 
                Val Optimized Typed MAE: 15.874919,
                Val Hausdorff: 2.238096,
                Atom Type Acc: 19.36%

Epoch 21/300 - Train Loss: 3.724213, 
                Val MAE: 1.801956, Val Optimized MAE: 0.702561, 
                Val Optimized Typed MAE: 16.247260,
                Val Hausdorff: 2.216095,
                Atom Type Acc: 17.88%

Epoch 22/300 - Train Loss: 3.689083, 
                Val MAE: 1.807516, Val Optimized MAE: 0.702120, 
                Val Optimized Typed MAE: 16.276644,
                Val Hausdorff: 2.194919,
                Atom Type Acc: 17.36%

Epoch 23/300 - Train Loss: 3.618524, 
                Val MAE: 1.789084, Val Optimized MAE: 0.701439, 
                Val Optimized Typed MAE: 16.274502,
                Val Hausdorff: 2.182040,
                Atom Type Acc: 17.77%

Epoch 24/300 - Train Loss: 3.568793, 
                Val MAE: 1.846151, Val Optimized MAE: 0.712469, 
                Val Optimized Typed MAE: 17.132127,
                Val Hausdorff: 2.332745,
                Atom Type Acc: 14.43%

Epoch 25/300 - Train Loss: 3.513279, 
                Val MAE: 1.831589, Val Optimized MAE: 0.711369, 
                Val Optimized Typed MAE: 16.814508,
                Val Hausdorff: 2.273327,
                Atom Type Acc: 15.59%

Epoch 26/300 - Train Loss: 3.464425, 
                Val MAE: 1.842653, Val Optimized MAE: 0.716186, 
                Val Optimized Typed MAE: 17.219333,
                Val Hausdorff: 2.326168,
                Atom Type Acc: 14.03%

Epoch 27/300 - Train Loss: 3.398423, 
                Val MAE: 1.821375, Val Optimized MAE: 0.703867, 
                Val Optimized Typed MAE: 16.644971,
                Val Hausdorff: 2.246282,
                Atom Type Acc: 16.43%

Epoch 28/300 - Train Loss: 3.326022, 
                Val MAE: 1.810617, Val Optimized MAE: 0.702352, 
                Val Optimized Typed MAE: 17.214215,
                Val Hausdorff: 2.221814,
                Atom Type Acc: 14.06%

Epoch 29/300 - Train Loss: 3.295531, 
                Val MAE: 1.817706, Val Optimized MAE: 0.702249, 
                Val Optimized Typed MAE: 17.016541,
                Val Hausdorff: 2.166692,
                Atom Type Acc: 15.19%

Epoch 30/300 - Train Loss: 3.282426, 
                Val MAE: 1.858904, Val Optimized MAE: 0.717870, 
                Val Optimized Typed MAE: 17.482646,
                Val Hausdorff: 2.276953,
                Atom Type Acc: 12.96%

Epoch 31/300 - Train Loss: 3.208455, 
                Val MAE: 1.851909, Val Optimized MAE: 0.710346, 
                Val Optimized Typed MAE: 16.990577,
                Val Hausdorff: 2.251694,
                Atom Type Acc: 15.10%

Epoch 32/300 - Train Loss: 3.165832, 
                Val MAE: 1.827155, Val Optimized MAE: 0.701263, 
                Val Optimized Typed MAE: 16.860428,
                Val Hausdorff: 2.169853,
                Atom Type Acc: 15.15%

Epoch 33/300 - Train Loss: 3.094258, 
                Val MAE: 1.850479, Val Optimized MAE: 0.703772, 
                Val Optimized Typed MAE: 16.734840,
                Val Hausdorff: 2.261040,
                Atom Type Acc: 15.46%

Epoch 34/300 - Train Loss: 3.040804, 
                Val MAE: 1.818493, Val Optimized MAE: 0.699434, 
                Val Optimized Typed MAE: 17.315978,
                Val Hausdorff: 2.192442,
                Atom Type Acc: 13.20%

Epoch 35/300 - Train Loss: 3.019156, 
                Val MAE: 1.844757, Val Optimized MAE: 0.711146, 
                Val Optimized Typed MAE: 17.332664,
                Val Hausdorff: 2.262756,
                Atom Type Acc: 13.48%

Epoch 36/300 - Train Loss: 2.999085, 
                Val MAE: 1.856879, Val Optimized MAE: 0.714875, 
                Val Optimized Typed MAE: 17.904087,
                Val Hausdorff: 2.240572,
                Atom Type Acc: 11.35%

Epoch 37/300 - Train Loss: 2.950284, 
                Val MAE: 1.838236, Val Optimized MAE: 0.702825, 
                Val Optimized Typed MAE: 16.912210,
                Val Hausdorff: 2.217926,
                Atom Type Acc: 15.19%

Epoch 38/300 - Train Loss: 2.887511, 
                Val MAE: 1.811671, Val Optimized MAE: 0.691207, 
                Val Optimized Typed MAE: 17.345752,
                Val Hausdorff: 2.206379,
                Atom Type Acc: 13.33%

Epoch 39/300 - Train Loss: 2.842203, 
                Val MAE: 1.835777, Val Optimized MAE: 0.699152, 
                Val Optimized Typed MAE: 16.858661,
                Val Hausdorff: 2.177509,
                Atom Type Acc: 14.92%

Epoch 40/300 - Train Loss: 2.874193, 
                Val MAE: 1.823233, Val Optimized MAE: 0.694462, 
                Val Optimized Typed MAE: 17.453762,
                Val Hausdorff: 2.223981,
                Atom Type Acc: 13.20%

Epoch 41/300 - Train Loss: 2.761464, 
                Val MAE: 1.829436, Val Optimized MAE: 0.695652, 
                Val Optimized Typed MAE: 16.902850,
                Val Hausdorff: 2.178044,
                Atom Type Acc: 14.74%

Epoch 42/300 - Train Loss: 2.705817, 
                Val MAE: 1.789818, Val Optimized MAE: 0.684562, 
                Val Optimized Typed MAE: 17.013031,
                Val Hausdorff: 2.074386,
                Atom Type Acc: 14.90%

Epoch 43/300 - Train Loss: 2.774718, 
                Val MAE: 1.814684, Val Optimized MAE: 0.682867, 
                Val Optimized Typed MAE: 17.116098,
                Val Hausdorff: 2.089515,
                Atom Type Acc: 14.28%

Epoch 44/300 - Train Loss: 2.672412, 
                Val MAE: 1.811958, Val Optimized MAE: 0.685327, 
                Val Optimized Typed MAE: 16.353805,
                Val Hausdorff: 2.163411,
                Atom Type Acc: 17.21%

Epoch 45/300 - Train Loss: 2.591246, 
                Val MAE: 1.833066, Val Optimized MAE: 0.690320, 
                Val Optimized Typed MAE: 16.662341,
                Val Hausdorff: 2.166748,
                Atom Type Acc: 16.23%

Epoch 46/300 - Train Loss: 2.567941, 
                Val MAE: 1.833151, Val Optimized MAE: 0.691692, 
                Val Optimized Typed MAE: 16.412050,
                Val Hausdorff: 2.165063,
                Atom Type Acc: 17.25%

Epoch 47/300 - Train Loss: 2.557069, 
                Val MAE: 1.834082, Val Optimized MAE: 0.694300, 
                Val Optimized Typed MAE: 16.689120,
                Val Hausdorff: 2.180692,
                Atom Type Acc: 16.37%

Epoch 48/300 - Train Loss: 2.486140, 
                Val MAE: 1.800112, Val Optimized MAE: 0.689338, 
                Val Optimized Typed MAE: 16.790401,
                Val Hausdorff: 2.163087,
                Atom Type Acc: 15.60%

Epoch 49/300 - Train Loss: 2.496265, 
                Val MAE: 1.807269, Val Optimized MAE: 0.690117, 
                Val Optimized Typed MAE: 16.578523,
                Val Hausdorff: 2.153886,
                Atom Type Acc: 16.42%

Epoch 50/300 - Train Loss: 2.435797, 
                Val MAE: 1.810341, Val Optimized MAE: 0.686893, 
                Val Optimized Typed MAE: 16.491884,
                Val Hausdorff: 2.143306,
                Atom Type Acc: 16.77%

Epoch 51/300 - Train Loss: 2.366581, 
                Val MAE: 1.846471, Val Optimized MAE: 0.702153, 
                Val Optimized Typed MAE: 16.420196,
                Val Hausdorff: 2.195834,
                Atom Type Acc: 17.29%

Epoch 52/300 - Train Loss: 2.324660, 
                Val MAE: 1.836626, Val Optimized MAE: 0.698800, 
                Val Optimized Typed MAE: 16.287015,
                Val Hausdorff: 2.228277,
                Atom Type Acc: 18.07%

Epoch 53/300 - Train Loss: 2.316261, 
                Val MAE: 1.816012, Val Optimized MAE: 0.691423, 
                Val Optimized Typed MAE: 16.496766,
                Val Hausdorff: 2.144309,
                Atom Type Acc: 16.97%

Epoch 54/300 - Train Loss: 2.329717, 
                Val MAE: 1.809858, Val Optimized MAE: 0.689234, 
                Val Optimized Typed MAE: 16.101360,
                Val Hausdorff: 2.154923,
                Atom Type Acc: 18.41%

Epoch 55/300 - Train Loss: 2.245593, 
                Val MAE: 1.848463, Val Optimized MAE: 0.692637, 
                Val Optimized Typed MAE: 16.366627,
                Val Hausdorff: 2.189467,
                Atom Type Acc: 18.07%

Epoch 56/300 - Train Loss: 2.201906, 
                Val MAE: 1.819901, Val Optimized MAE: 0.691058, 
                Val Optimized Typed MAE: 16.118511,
                Val Hausdorff: 2.208461,
                Atom Type Acc: 18.80%

Epoch 57/300 - Train Loss: 2.157690, 
                Val MAE: 1.817999, Val Optimized MAE: 0.693708, 
                Val Optimized Typed MAE: 16.207120,
                Val Hausdorff: 2.218853,
                Atom Type Acc: 18.62%

Epoch 58/300 - Train Loss: 2.266067, 
                Val MAE: 1.810946, Val Optimized MAE: 0.684305, 
                Val Optimized Typed MAE: 16.162637,
                Val Hausdorff: 2.186965,
                Atom Type Acc: 18.52%

Epoch 59/300 - Train Loss: 2.102034, 
                Val MAE: 1.821751, Val Optimized MAE: 0.691157, 
                Val Optimized Typed MAE: 15.819881,
                Val Hausdorff: 2.146914,
                Atom Type Acc: 19.57%

Epoch 60/300 - Train Loss: 2.085889, 
                Val MAE: 1.839444, Val Optimized MAE: 0.690157, 
                Val Optimized Typed MAE: 16.419356,
                Val Hausdorff: 2.224529,
                Atom Type Acc: 18.46%

Epoch 61/300 - Train Loss: 2.101632, 
                Val MAE: 1.798412, Val Optimized MAE: 0.685103, 
                Val Optimized Typed MAE: 16.165490,
                Val Hausdorff: 2.136797,
                Atom Type Acc: 19.15%

Epoch 62/300 - Train Loss: 2.078828, 
                Val MAE: 1.826604, Val Optimized MAE: 0.686238, 
                Val Optimized Typed MAE: 16.057326,
                Val Hausdorff: 2.270893,
                Atom Type Acc: 19.89%

Epoch 63/300 - Train Loss: 1.976524, 
                Val MAE: 1.826249, Val Optimized MAE: 0.695001, 
                Val Optimized Typed MAE: 15.171069,
                Val Hausdorff: 2.159535,
                Atom Type Acc: 23.89%

Epoch 64/300 - Train Loss: 1.960748, 
                Val MAE: 1.842368, Val Optimized MAE: 0.693774, 
                Val Optimized Typed MAE: 15.205808,
                Val Hausdorff: 2.240905,
                Atom Type Acc: 23.52%

Epoch 65/300 - Train Loss: 2.015907, 
                Val MAE: 1.845225, Val Optimized MAE: 0.693871, 
                Val Optimized Typed MAE: 16.134630,
                Val Hausdorff: 2.242971,
                Atom Type Acc: 19.52%

Epoch 66/300 - Train Loss: 1.918934, 
                Val MAE: 1.828746, Val Optimized MAE: 0.692162, 
                Val Optimized Typed MAE: 15.550931,
                Val Hausdorff: 2.226454,
                Atom Type Acc: 21.83%

Epoch 67/300 - Train Loss: 1.839951, 
                Val MAE: 1.825759, Val Optimized MAE: 0.690226, 
                Val Optimized Typed MAE: 15.357452,
                Val Hausdorff: 2.227907,
                Atom Type Acc: 22.86%

Epoch 68/300 - Train Loss: 1.894282, 
                Val MAE: 1.858753, Val Optimized MAE: 0.697714, 
                Val Optimized Typed MAE: 16.077275,
                Val Hausdorff: 2.261747,
                Atom Type Acc: 20.27%

Epoch 69/300 - Train Loss: 1.822388, 
                Val MAE: 1.842525, Val Optimized MAE: 0.694912, 
                Val Optimized Typed MAE: 15.525786,
                Val Hausdorff: 2.250979,
                Atom Type Acc: 22.14%

Epoch 70/300 - Train Loss: 1.784009, 
                Val MAE: 1.843107, Val Optimized MAE: 0.693612, 
                Val Optimized Typed MAE: 14.983760,
                Val Hausdorff: 2.127888,
                Atom Type Acc: 25.29%

Epoch 71/300 - Train Loss: 1.768291, 
                Val MAE: 1.825644, Val Optimized MAE: 0.685104, 
                Val Optimized Typed MAE: 14.693982,
                Val Hausdorff: 2.182420,
                Atom Type Acc: 26.68%

Epoch 72/300 - Train Loss: 1.721006, 
                Val MAE: 1.843903, Val Optimized MAE: 0.696004, 
                Val Optimized Typed MAE: 15.781721,
                Val Hausdorff: 2.182478,
                Atom Type Acc: 21.77%

Epoch 73/300 - Train Loss: 1.783218, 
                Val MAE: 1.842522, Val Optimized MAE: 0.691175, 
                Val Optimized Typed MAE: 14.934200,
                Val Hausdorff: 2.259408,
                Atom Type Acc: 25.63%

Epoch 74/300 - Train Loss: 1.818136, 
                Val MAE: 1.852532, Val Optimized MAE: 0.696532, 
                Val Optimized Typed MAE: 15.679010,
                Val Hausdorff: 2.181622,
                Atom Type Acc: 22.36%

Epoch 75/300 - Train Loss: 1.781354, 
                Val MAE: 1.807344, Val Optimized MAE: 0.683430, 
                Val Optimized Typed MAE: 15.125825,
                Val Hausdorff: 2.172401,
                Atom Type Acc: 24.89%

Epoch 76/300 - Train Loss: 1.650670, 
                Val MAE: 1.820588, Val Optimized MAE: 0.692227, 
                Val Optimized Typed MAE: 14.143192,
                Val Hausdorff: 2.178470,
                Atom Type Acc: 29.06%

Epoch 77/300 - Train Loss: 1.600661, 
                Val MAE: 1.829007, Val Optimized MAE: 0.690173, 
                Val Optimized Typed MAE: 14.164030,
                Val Hausdorff: 2.203479,
                Atom Type Acc: 29.90%

Epoch 78/300 - Train Loss: 1.653883, 
                Val MAE: 1.824581, Val Optimized MAE: 0.684233, 
                Val Optimized Typed MAE: 15.375289,
                Val Hausdorff: 2.148362,
                Atom Type Acc: 23.81%

Epoch 79/300 - Train Loss: 1.598356, 
                Val MAE: 1.821153, Val Optimized MAE: 0.685187, 
                Val Optimized Typed MAE: 13.797054,
                Val Hausdorff: 2.191301,
                Atom Type Acc: 30.91%

Epoch 80/300 - Train Loss: 1.517979, 
                Val MAE: 1.810981, Val Optimized MAE: 0.683068, 
                Val Optimized Typed MAE: 13.819619,
                Val Hausdorff: 2.160952,
                Atom Type Acc: 31.26%

Epoch 81/300 - Train Loss: 1.489598, 
                Val MAE: 1.829266, Val Optimized MAE: 0.690852, 
                Val Optimized Typed MAE: 13.797690,
                Val Hausdorff: 2.228237,
                Atom Type Acc: 31.29%

Epoch 82/300 - Train Loss: 1.496624, 
                Val MAE: 1.822911, Val Optimized MAE: 0.683622, 
                Val Optimized Typed MAE: 13.800624,
                Val Hausdorff: 2.140389,
                Atom Type Acc: 31.30%

Epoch 83/300 - Train Loss: 1.496634, 
                Val MAE: 1.827326, Val Optimized MAE: 0.690156, 
                Val Optimized Typed MAE: 13.729346,
                Val Hausdorff: 2.170477,
                Atom Type Acc: 31.85%

Epoch 84/300 - Train Loss: 1.504821, 
                Val MAE: 1.821507, Val Optimized MAE: 0.685902, 
                Val Optimized Typed MAE: 13.487219,
                Val Hausdorff: 2.167466,
                Atom Type Acc: 33.40%

Epoch 85/300 - Train Loss: 1.466627, 
                Val MAE: 1.822751, Val Optimized MAE: 0.684033, 
                Val Optimized Typed MAE: 13.675558,
                Val Hausdorff: 2.214983,
                Atom Type Acc: 32.34%

Epoch 86/300 - Train Loss: 1.419244, 
                Val MAE: 1.829621, Val Optimized MAE: 0.686735, 
                Val Optimized Typed MAE: 13.647840,
                Val Hausdorff: 2.201468,
                Atom Type Acc: 32.14%

Epoch 87/300 - Train Loss: 1.357596, 
                Val MAE: 1.821858, Val Optimized MAE: 0.684716, 
                Val Optimized Typed MAE: 14.301184,
                Val Hausdorff: 2.156964,
                Atom Type Acc: 29.19%

Epoch 88/300 - Train Loss: 1.438353, 
                Val MAE: 1.816852, Val Optimized MAE: 0.685785, 
                Val Optimized Typed MAE: 12.933123,
                Val Hausdorff: 2.192801,
                Atom Type Acc: 35.47%

Epoch 89/300 - Train Loss: 1.407154, 
                Val MAE: 1.814195, Val Optimized MAE: 0.683315, 
                Val Optimized Typed MAE: 13.406928,
                Val Hausdorff: 2.153218,
                Atom Type Acc: 33.34%

Epoch 90/300 - Train Loss: 1.363629, 
                Val MAE: 1.827982, Val Optimized MAE: 0.686219, 
                Val Optimized Typed MAE: 13.514689,
                Val Hausdorff: 2.231851,
                Atom Type Acc: 33.23%

Epoch 91/300 - Train Loss: 1.330610, 
                Val MAE: 1.816163, Val Optimized MAE: 0.685522, 
                Val Optimized Typed MAE: 12.887732,
                Val Hausdorff: 2.160725,
                Atom Type Acc: 35.87%

Epoch 92/300 - Train Loss: 1.346896, 
                Val MAE: 1.800609, Val Optimized MAE: 0.684532, 
                Val Optimized Typed MAE: 13.097123,
                Val Hausdorff: 2.125102,
                Atom Type Acc: 34.84%

Epoch 93/300 - Train Loss: 1.288184, 
                Val MAE: 1.834503, Val Optimized MAE: 0.690951, 
                Val Optimized Typed MAE: 13.745954,
                Val Hausdorff: 2.271009,
                Atom Type Acc: 31.83%

Epoch 94/300 - Train Loss: 1.306629, 
                Val MAE: 1.816417, Val Optimized MAE: 0.682560, 
                Val Optimized Typed MAE: 13.184562,
                Val Hausdorff: 2.098257,
                Atom Type Acc: 34.54%

Epoch 95/300 - Train Loss: 1.396189, 
                Val MAE: 1.781744, Val Optimized MAE: 0.682196, 
                Val Optimized Typed MAE: 13.047045,
                Val Hausdorff: 2.069168,
                Atom Type Acc: 35.31%

Epoch 96/300 - Train Loss: 1.221960, 
                Val MAE: 1.808436, Val Optimized MAE: 0.682373, 
                Val Optimized Typed MAE: 12.700284,
                Val Hausdorff: 2.164236,
                Atom Type Acc: 37.61%

Epoch 97/300 - Train Loss: 1.197288, 
                Val MAE: 1.798523, Val Optimized MAE: 0.679560, 
                Val Optimized Typed MAE: 13.030625,
                Val Hausdorff: 2.132147,
                Atom Type Acc: 35.72%

Epoch 98/300 - Train Loss: 1.193120, 
                Val MAE: 1.815933, Val Optimized MAE: 0.687092, 
                Val Optimized Typed MAE: 12.469934,
                Val Hausdorff: 2.156232,
                Atom Type Acc: 38.24%

Epoch 99/300 - Train Loss: 1.186493, 
                Val MAE: 1.820493, Val Optimized MAE: 0.684200, 
                Val Optimized Typed MAE: 13.165722,
                Val Hausdorff: 2.141414,
                Atom Type Acc: 34.93%

Epoch 100/300 - Train Loss: 1.207196, 
                Val MAE: 1.835841, Val Optimized MAE: 0.690906, 
                Val Optimized Typed MAE: 12.381272,
                Val Hausdorff: 2.171843,
                Atom Type Acc: 38.51%

Epoch 101/300 - Train Loss: 1.177341, 
                Val MAE: 1.826674, Val Optimized MAE: 0.690043, 
                Val Optimized Typed MAE: 12.333037,
                Val Hausdorff: 2.158681,
                Atom Type Acc: 38.94%

Epoch 102/300 - Train Loss: 1.087676, 
                Val MAE: 1.846905, Val Optimized MAE: 0.692503, 
                Val Optimized Typed MAE: 12.465973,
                Val Hausdorff: 2.207664,
                Atom Type Acc: 38.75%

Epoch 103/300 - Train Loss: 1.119823, 
                Val MAE: 1.827500, Val Optimized MAE: 0.686514, 
                Val Optimized Typed MAE: 12.262416,
                Val Hausdorff: 2.182514,
                Atom Type Acc: 39.68%

Epoch 104/300 - Train Loss: 1.062508, 
                Val MAE: 1.808699, Val Optimized MAE: 0.683995, 
                Val Optimized Typed MAE: 12.424893,
                Val Hausdorff: 2.178305,
                Atom Type Acc: 38.58%

Epoch 105/300 - Train Loss: 1.195243, 
                Val MAE: 1.863869, Val Optimized MAE: 0.701851, 
                Val Optimized Typed MAE: 12.420232,
                Val Hausdorff: 2.252313,
                Atom Type Acc: 38.89%

Epoch 106/300 - Train Loss: 1.075274, 
                Val MAE: 1.818635, Val Optimized MAE: 0.692049, 
                Val Optimized Typed MAE: 12.740174,
                Val Hausdorff: 2.184813,
                Atom Type Acc: 37.03%

Epoch 107/300 - Train Loss: 1.063348, 
                Val MAE: 1.815625, Val Optimized MAE: 0.686740, 
                Val Optimized Typed MAE: 11.928500,
                Val Hausdorff: 2.100639,
                Atom Type Acc: 41.33%

Epoch 108/300 - Train Loss: 1.105649, 
                Val MAE: 1.842122, Val Optimized MAE: 0.689956, 
                Val Optimized Typed MAE: 12.304651,
                Val Hausdorff: 2.205161,
                Atom Type Acc: 39.35%

Epoch 109/300 - Train Loss: 1.085221, 
                Val MAE: 1.802437, Val Optimized MAE: 0.683246, 
                Val Optimized Typed MAE: 11.910569,
                Val Hausdorff: 2.099174,
                Atom Type Acc: 41.44%

Epoch 110/300 - Train Loss: 0.983757, 
                Val MAE: 1.828084, Val Optimized MAE: 0.685587, 
                Val Optimized Typed MAE: 11.863004,
                Val Hausdorff: 2.161393,
                Atom Type Acc: 42.12%

Epoch 111/300 - Train Loss: 0.972457, 
                Val MAE: 1.829420, Val Optimized MAE: 0.693559, 
                Val Optimized Typed MAE: 11.633976,
                Val Hausdorff: 2.180790,
                Atom Type Acc: 42.69%

Epoch 112/300 - Train Loss: 0.952631, 
                Val MAE: 1.814432, Val Optimized MAE: 0.687454, 
                Val Optimized Typed MAE: 11.839069,
                Val Hausdorff: 2.182706,
                Atom Type Acc: 41.88%

Epoch 113/300 - Train Loss: 0.971381, 
                Val MAE: 1.817162, Val Optimized MAE: 0.683880, 
                Val Optimized Typed MAE: 11.892920,
                Val Hausdorff: 2.163092,
                Atom Type Acc: 41.69%

Epoch 114/300 - Train Loss: 0.965175, 
                Val MAE: 1.841960, Val Optimized MAE: 0.689879, 
                Val Optimized Typed MAE: 11.669756,
                Val Hausdorff: 2.192187,
                Atom Type Acc: 42.65%

Epoch 115/300 - Train Loss: 0.914382, 
                Val MAE: 1.837603, Val Optimized MAE: 0.690384, 
                Val Optimized Typed MAE: 11.532997,
                Val Hausdorff: 2.154640,
                Atom Type Acc: 43.64%

Epoch 116/300 - Train Loss: 0.924308, 
                Val MAE: 1.825207, Val Optimized MAE: 0.694821, 
                Val Optimized Typed MAE: 12.046940,
                Val Hausdorff: 2.143347,
                Atom Type Acc: 41.11%

Epoch 117/300 - Train Loss: 0.937873, 
                Val MAE: 1.857424, Val Optimized MAE: 0.698557, 
                Val Optimized Typed MAE: 11.258134,
                Val Hausdorff: 2.252008,
                Atom Type Acc: 44.50%

Epoch 118/300 - Train Loss: 0.956457, 
                Val MAE: 1.811938, Val Optimized MAE: 0.685685, 
                Val Optimized Typed MAE: 11.609173,
                Val Hausdorff: 2.183773,
                Atom Type Acc: 43.45%

Epoch 119/300 - Train Loss: 0.905253, 
                Val MAE: 1.858317, Val Optimized MAE: 0.702845, 
                Val Optimized Typed MAE: 12.074911,
                Val Hausdorff: 2.272886,
                Atom Type Acc: 40.78%

Epoch 120/300 - Train Loss: 0.940246, 
                Val MAE: 1.818393, Val Optimized MAE: 0.687918, 
                Val Optimized Typed MAE: 11.337519,
                Val Hausdorff: 2.166583,
                Atom Type Acc: 44.51%

Epoch 121/300 - Train Loss: 0.911261, 
                Val MAE: 1.835707, Val Optimized MAE: 0.687908, 
                Val Optimized Typed MAE: 11.322578,
                Val Hausdorff: 2.206321,
                Atom Type Acc: 44.33%

Epoch 122/300 - Train Loss: 0.882846, 
                Val MAE: 1.831889, Val Optimized MAE: 0.693979, 
                Val Optimized Typed MAE: 11.710710,
                Val Hausdorff: 2.225875,
                Atom Type Acc: 43.14%

Epoch 123/300 - Train Loss: 0.858656, 
                Val MAE: 1.824385, Val Optimized MAE: 0.692748, 
                Val Optimized Typed MAE: 12.134023,
                Val Hausdorff: 2.199133,
                Atom Type Acc: 40.37%

Epoch 124/300 - Train Loss: 0.911831, 
                Val MAE: 1.834738, Val Optimized MAE: 0.693347, 
                Val Optimized Typed MAE: 11.724901,
                Val Hausdorff: 2.204224,
                Atom Type Acc: 42.45%

Epoch 125/300 - Train Loss: 0.976199, 
                Val MAE: 1.800333, Val Optimized MAE: 0.683477, 
                Val Optimized Typed MAE: 11.559900,
                Val Hausdorff: 2.192683,
                Atom Type Acc: 43.32%

Epoch 126/300 - Train Loss: 0.832580, 
                Val MAE: 1.830228, Val Optimized MAE: 0.693353, 
                Val Optimized Typed MAE: 11.093932,
                Val Hausdorff: 2.207426,
                Atom Type Acc: 46.25%

Epoch 127/300 - Train Loss: 0.830315, 
                Val MAE: 1.853223, Val Optimized MAE: 0.699231, 
                Val Optimized Typed MAE: 11.961381,
                Val Hausdorff: 2.266141,
                Atom Type Acc: 41.69%

Epoch 128/300 - Train Loss: 0.831692, 
                Val MAE: 1.823908, Val Optimized MAE: 0.694377, 
                Val Optimized Typed MAE: 11.360980,
                Val Hausdorff: 2.176092,
                Atom Type Acc: 44.32%

Epoch 129/300 - Train Loss: 0.825577, 
                Val MAE: 1.852809, Val Optimized MAE: 0.700158, 
                Val Optimized Typed MAE: 11.022334,
                Val Hausdorff: 2.207538,
                Atom Type Acc: 46.23%

Epoch 130/300 - Train Loss: 0.833567, 
                Val MAE: 1.850930, Val Optimized MAE: 0.698311, 
                Val Optimized Typed MAE: 10.897451,
                Val Hausdorff: 2.250087,
                Atom Type Acc: 46.81%

Epoch 131/300 - Train Loss: 1.060240, 
                Val MAE: 1.798936, Val Optimized MAE: 0.688887, 
                Val Optimized Typed MAE: 11.380082,
                Val Hausdorff: 2.168303,
                Atom Type Acc: 44.89%

Epoch 132/300 - Train Loss: 0.799659, 
                Val MAE: 1.841398, Val Optimized MAE: 0.695980, 
                Val Optimized Typed MAE: 10.985585,
                Val Hausdorff: 2.227686,
                Atom Type Acc: 46.63%

Epoch 133/300 - Train Loss: 0.764141, 
                Val MAE: 1.847615, Val Optimized MAE: 0.692514, 
                Val Optimized Typed MAE: 11.062191,
                Val Hausdorff: 2.234576,
                Atom Type Acc: 45.69%

Epoch 134/300 - Train Loss: 0.768288, 
                Val MAE: 1.859770, Val Optimized MAE: 0.700933, 
                Val Optimized Typed MAE: 10.661588,
                Val Hausdorff: 2.284065,
                Atom Type Acc: 48.19%

Epoch 135/300 - Train Loss: 0.737835, 
                Val MAE: 1.848729, Val Optimized MAE: 0.692768, 
                Val Optimized Typed MAE: 10.481472,
                Val Hausdorff: 2.184832,
                Atom Type Acc: 48.96%

Epoch 136/300 - Train Loss: 0.735831, 
                Val MAE: 1.839576, Val Optimized MAE: 0.695477, 
                Val Optimized Typed MAE: 10.698917,
                Val Hausdorff: 2.228489,
                Atom Type Acc: 48.11%

Epoch 137/300 - Train Loss: 0.729891, 
                Val MAE: 1.830042, Val Optimized MAE: 0.694119, 
                Val Optimized Typed MAE: 10.799693,
                Val Hausdorff: 2.186395,
                Atom Type Acc: 46.92%

Epoch 138/300 - Train Loss: 0.767137, 
                Val MAE: 1.837418, Val Optimized MAE: 0.697580, 
                Val Optimized Typed MAE: 10.692158,
                Val Hausdorff: 2.230247,
                Atom Type Acc: 47.98%

Epoch 139/300 - Train Loss: 0.687716, 
                Val MAE: 1.831053, Val Optimized MAE: 0.687846, 
                Val Optimized Typed MAE: 10.304140,
                Val Hausdorff: 2.197029,
                Atom Type Acc: 49.96%

Epoch 140/300 - Train Loss: 0.689587, 
                Val MAE: 1.837705, Val Optimized MAE: 0.692650, 
                Val Optimized Typed MAE: 10.315605,
                Val Hausdorff: 2.224061,
                Atom Type Acc: 49.24%

Epoch 141/300 - Train Loss: 0.670335, 
                Val MAE: 1.841058, Val Optimized MAE: 0.697291, 
                Val Optimized Typed MAE: 10.372822,
                Val Hausdorff: 2.281464,
                Atom Type Acc: 49.65%

Epoch 142/300 - Train Loss: 0.675278, 
                Val MAE: 1.814177, Val Optimized MAE: 0.688070, 
                Val Optimized Typed MAE: 10.580764,
                Val Hausdorff: 2.158906,
                Atom Type Acc: 48.58%

Epoch 143/300 - Train Loss: 0.679503, 
                Val MAE: 1.806347, Val Optimized MAE: 0.691230, 
                Val Optimized Typed MAE: 10.304523,
                Val Hausdorff: 2.186578,
                Atom Type Acc: 50.08%

Epoch 144/300 - Train Loss: 0.663808, 
                Val MAE: 1.841159, Val Optimized MAE: 0.698728, 
                Val Optimized Typed MAE: 10.171590,
                Val Hausdorff: 2.203339,
                Atom Type Acc: 50.52%

Epoch 145/300 - Train Loss: 0.667335, 
                Val MAE: 1.842723, Val Optimized MAE: 0.695468, 
                Val Optimized Typed MAE: 10.532754,
                Val Hausdorff: 2.227384,
                Atom Type Acc: 49.00%

Epoch 146/300 - Train Loss: 0.657320, 
                Val MAE: 1.850022, Val Optimized MAE: 0.696226, 
                Val Optimized Typed MAE: 10.502427,
                Val Hausdorff: 2.244633,
                Atom Type Acc: 49.13%

Epoch 147/300 - Train Loss: 0.715598, 
                Val MAE: 1.807067, Val Optimized MAE: 0.692657, 
                Val Optimized Typed MAE: 10.145218,
                Val Hausdorff: 2.177091,
                Atom Type Acc: 50.91%

Epoch 148/300 - Train Loss: 0.667989, 
                Val MAE: 1.835578, Val Optimized MAE: 0.688427, 
                Val Optimized Typed MAE: 10.451118,
                Val Hausdorff: 2.148847,
                Atom Type Acc: 49.35%

Epoch 149/300 - Train Loss: 0.638008, 
                Val MAE: 1.834932, Val Optimized MAE: 0.693676, 
                Val Optimized Typed MAE: 10.032524,
                Val Hausdorff: 2.204022,
                Atom Type Acc: 51.31%

Epoch 150/300 - Train Loss: 0.644711, 
                Val MAE: 1.824715, Val Optimized MAE: 0.686912, 
                Val Optimized Typed MAE: 9.892391,
                Val Hausdorff: 2.212501,
                Atom Type Acc: 52.34%

Epoch 151/300 - Train Loss: 0.624583, 
                Val MAE: 1.818521, Val Optimized MAE: 0.691772, 
                Val Optimized Typed MAE: 10.820310,
                Val Hausdorff: 2.161051,
                Atom Type Acc: 47.00%

Epoch 152/300 - Train Loss: 0.683062, 
                Val MAE: 1.817137, Val Optimized MAE: 0.689908, 
                Val Optimized Typed MAE: 9.827454,
                Val Hausdorff: 2.178337,
                Atom Type Acc: 52.43%

Epoch 153/300 - Train Loss: 0.652418, 
                Val MAE: 1.851496, Val Optimized MAE: 0.695534, 
                Val Optimized Typed MAE: 10.215745,
                Val Hausdorff: 2.200287,
                Atom Type Acc: 50.74%

Epoch 154/300 - Train Loss: 0.669131, 
                Val MAE: 1.821723, Val Optimized MAE: 0.695615, 
                Val Optimized Typed MAE: 10.050506,
                Val Hausdorff: 2.177460,
                Atom Type Acc: 51.55%

Epoch 155/300 - Train Loss: 0.623649, 
                Val MAE: 1.839106, Val Optimized MAE: 0.692054, 
                Val Optimized Typed MAE: 9.852425,
                Val Hausdorff: 2.186772,
                Atom Type Acc: 52.13%

Epoch 156/300 - Train Loss: 0.610034, 
                Val MAE: 1.840791, Val Optimized MAE: 0.698750, 
                Val Optimized Typed MAE: 10.102826,
                Val Hausdorff: 2.195248,
                Atom Type Acc: 51.09%

Epoch 157/300 - Train Loss: 0.677782, 
                Val MAE: 1.823620, Val Optimized MAE: 0.692325, 
                Val Optimized Typed MAE: 11.109630,
                Val Hausdorff: 2.166454,
                Atom Type Acc: 45.44%

Epoch 158/300 - Train Loss: 0.736079, 
                Val MAE: 1.779332, Val Optimized MAE: 0.682568, 
                Val Optimized Typed MAE: 10.105493,
                Val Hausdorff: 2.162960,
                Atom Type Acc: 51.00%

Epoch 159/300 - Train Loss: 0.817947, 
                Val MAE: 1.799378, Val Optimized MAE: 0.686462, 
                Val Optimized Typed MAE: 11.050241,
                Val Hausdorff: 2.219535,
                Atom Type Acc: 45.94%

Epoch 160/300 - Train Loss: 0.751234, 
                Val MAE: 1.812649, Val Optimized MAE: 0.693090, 
                Val Optimized Typed MAE: 10.189314,
                Val Hausdorff: 2.178025,
                Atom Type Acc: 50.46%

Epoch 161/300 - Train Loss: 0.634928, 
                Val MAE: 1.813303, Val Optimized MAE: 0.690732, 
                Val Optimized Typed MAE: 9.800552,
                Val Hausdorff: 2.172283,
                Atom Type Acc: 52.54%

Epoch 162/300 - Train Loss: 0.742274, 
                Val MAE: 1.821983, Val Optimized MAE: 0.686570, 
                Val Optimized Typed MAE: 10.225771,
                Val Hausdorff: 2.196460,
                Atom Type Acc: 50.26%

Epoch 163/300 - Train Loss: 0.703640, 
                Val MAE: 1.810255, Val Optimized MAE: 0.686712, 
                Val Optimized Typed MAE: 10.031373,
                Val Hausdorff: 2.181570,
                Atom Type Acc: 51.13%

Epoch 164/300 - Train Loss: 0.599167, 
                Val MAE: 1.843487, Val Optimized MAE: 0.698653, 
                Val Optimized Typed MAE: 9.855099,
                Val Hausdorff: 2.233034,
                Atom Type Acc: 52.50%

Epoch 165/300 - Train Loss: 0.600180, 
                Val MAE: 1.849208, Val Optimized MAE: 0.696124, 
                Val Optimized Typed MAE: 9.547452,
                Val Hausdorff: 2.207460,
                Atom Type Acc: 53.88%

Epoch 166/300 - Train Loss: 0.567280, 
                Val MAE: 1.836754, Val Optimized MAE: 0.694632, 
                Val Optimized Typed MAE: 9.335778,
                Val Hausdorff: 2.228801,
                Atom Type Acc: 54.71%

Epoch 167/300 - Train Loss: 0.566806, 
                Val MAE: 1.861555, Val Optimized MAE: 0.708940, 
                Val Optimized Typed MAE: 9.186857,
                Val Hausdorff: 2.276849,
                Atom Type Acc: 55.24%

Epoch 168/300 - Train Loss: 0.549017, 
                Val MAE: 1.828280, Val Optimized MAE: 0.695956, 
                Val Optimized Typed MAE: 8.987320,
                Val Hausdorff: 2.179378,
                Atom Type Acc: 56.08%

Epoch 169/300 - Train Loss: 0.546715, 
                Val MAE: 1.824494, Val Optimized MAE: 0.690411, 
                Val Optimized Typed MAE: 9.463515,
                Val Hausdorff: 2.174978,
                Atom Type Acc: 54.54%

Epoch 170/300 - Train Loss: 0.542933, 
                Val MAE: 1.844803, Val Optimized MAE: 0.700130, 
                Val Optimized Typed MAE: 8.944641,
                Val Hausdorff: 2.222835,
                Atom Type Acc: 57.09%

Epoch 171/300 - Train Loss: 0.627941, 
                Val MAE: 1.839923, Val Optimized MAE: 0.695782, 
                Val Optimized Typed MAE: 9.442700,
                Val Hausdorff: 2.187414,
                Atom Type Acc: 54.31%

Epoch 172/300 - Train Loss: 0.563373, 
                Val MAE: 1.837245, Val Optimized MAE: 0.691986, 
                Val Optimized Typed MAE: 9.286225,
                Val Hausdorff: 2.197224,
                Atom Type Acc: 54.77%

Epoch 173/300 - Train Loss: 0.558569, 
                Val MAE: 1.826474, Val Optimized MAE: 0.690946, 
                Val Optimized Typed MAE: 9.376558,
                Val Hausdorff: 2.195724,
                Atom Type Acc: 54.90%

Epoch 174/300 - Train Loss: 0.584743, 
                Val MAE: 1.843019, Val Optimized MAE: 0.702322, 
                Val Optimized Typed MAE: 9.404686,
                Val Hausdorff: 2.230145,
                Atom Type Acc: 54.82%

Epoch 175/300 - Train Loss: 0.547890, 
                Val MAE: 1.836269, Val Optimized MAE: 0.702107, 
                Val Optimized Typed MAE: 8.888057,
                Val Hausdorff: 2.238306,
                Atom Type Acc: 57.01%

Epoch 176/300 - Train Loss: 0.552946, 
                Val MAE: 1.849098, Val Optimized MAE: 0.695898, 
                Val Optimized Typed MAE: 8.860673,
                Val Hausdorff: 2.248771,
                Atom Type Acc: 57.08%

Epoch 177/300 - Train Loss: 0.576400, 
                Val MAE: 1.816656, Val Optimized MAE: 0.693077, 
                Val Optimized Typed MAE: 9.402556,
                Val Hausdorff: 2.179950,
                Atom Type Acc: 54.49%

Epoch 178/300 - Train Loss: 0.632448, 
                Val MAE: 1.835729, Val Optimized MAE: 0.693044, 
                Val Optimized Typed MAE: 9.316492,
                Val Hausdorff: 2.179908,
                Atom Type Acc: 55.37%

Epoch 179/300 - Train Loss: 0.616590, 
                Val MAE: 1.806383, Val Optimized MAE: 0.690693, 
                Val Optimized Typed MAE: 9.282234,
                Val Hausdorff: 2.143586,
                Atom Type Acc: 54.81%

Epoch 180/300 - Train Loss: 0.575713, 
                Val MAE: 1.872473, Val Optimized MAE: 0.707751, 
                Val Optimized Typed MAE: 9.295471,
                Val Hausdorff: 2.346110,
                Atom Type Acc: 55.32%

Epoch 181/300 - Train Loss: 0.512907, 
                Val MAE: 1.834179, Val Optimized MAE: 0.695637, 
                Val Optimized Typed MAE: 8.550273,
                Val Hausdorff: 2.182865,
                Atom Type Acc: 58.66%

Epoch 182/300 - Train Loss: 0.506553, 
                Val MAE: 1.840554, Val Optimized MAE: 0.697967, 
                Val Optimized Typed MAE: 8.639235,
                Val Hausdorff: 2.193428,
                Atom Type Acc: 58.43%

Epoch 183/300 - Train Loss: 0.534248, 
                Val MAE: 1.830837, Val Optimized MAE: 0.694024, 
                Val Optimized Typed MAE: 8.343663,
                Val Hausdorff: 2.216928,
                Atom Type Acc: 59.95%

Epoch 184/300 - Train Loss: 0.592911, 
                Val MAE: 1.804021, Val Optimized MAE: 0.686548, 
                Val Optimized Typed MAE: 8.671852,
                Val Hausdorff: 2.100052,
                Atom Type Acc: 57.96%

Epoch 185/300 - Train Loss: 0.604813, 
                Val MAE: 1.820695, Val Optimized MAE: 0.689841, 
                Val Optimized Typed MAE: 8.867128,
                Val Hausdorff: 2.193336,
                Atom Type Acc: 57.16%

Epoch 186/300 - Train Loss: 0.554120, 
                Val MAE: 1.846663, Val Optimized MAE: 0.693050, 
                Val Optimized Typed MAE: 8.602685,
                Val Hausdorff: 2.157327,
                Atom Type Acc: 58.45%

Epoch 187/300 - Train Loss: 0.562500, 
                Val MAE: 1.867956, Val Optimized MAE: 0.702072, 
                Val Optimized Typed MAE: 8.683201,
                Val Hausdorff: 2.257480,
                Atom Type Acc: 57.87%

Epoch 188/300 - Train Loss: 0.530535, 
                Val MAE: 1.821440, Val Optimized MAE: 0.695899, 
                Val Optimized Typed MAE: 8.555523,
                Val Hausdorff: 2.177908,
                Atom Type Acc: 58.71%

Epoch 189/300 - Train Loss: 0.519135, 
                Val MAE: 1.838558, Val Optimized MAE: 0.696755, 
                Val Optimized Typed MAE: 8.894101,
                Val Hausdorff: 2.163542,
                Atom Type Acc: 56.75%

Epoch 190/300 - Train Loss: 0.515394, 
                Val MAE: 1.836972, Val Optimized MAE: 0.698323, 
                Val Optimized Typed MAE: 8.492674,
                Val Hausdorff: 2.204475,
                Atom Type Acc: 59.19%

Epoch 191/300 - Train Loss: 0.491782, 
                Val MAE: 1.844600, Val Optimized MAE: 0.704533, 
                Val Optimized Typed MAE: 8.284027,
                Val Hausdorff: 2.184254,
                Atom Type Acc: 60.63%

Epoch 192/300 - Train Loss: 0.490796, 
                Val MAE: 1.821796, Val Optimized MAE: 0.695217, 
                Val Optimized Typed MAE: 7.902026,
                Val Hausdorff: 2.234593,
                Atom Type Acc: 62.23%

Epoch 193/300 - Train Loss: 0.487190, 
                Val MAE: 1.860219, Val Optimized MAE: 0.702825, 
                Val Optimized Typed MAE: 8.528076,
                Val Hausdorff: 2.225088,
                Atom Type Acc: 59.58%

Epoch 194/300 - Train Loss: 0.487574, 
                Val MAE: 1.871611, Val Optimized MAE: 0.702732, 
                Val Optimized Typed MAE: 8.197039,
                Val Hausdorff: 2.200044,
                Atom Type Acc: 60.55%

Epoch 195/300 - Train Loss: 0.481686, 
                Val MAE: 1.835169, Val Optimized MAE: 0.694741, 
                Val Optimized Typed MAE: 8.018608,
                Val Hausdorff: 2.222057,
                Atom Type Acc: 61.49%

Epoch 196/300 - Train Loss: 0.464286, 
                Val MAE: 1.857676, Val Optimized MAE: 0.706797, 
                Val Optimized Typed MAE: 7.819531,
                Val Hausdorff: 2.255453,
                Atom Type Acc: 62.80%

Epoch 197/300 - Train Loss: 0.483110, 
                Val MAE: 1.844852, Val Optimized MAE: 0.698100, 
                Val Optimized Typed MAE: 7.632605,
                Val Hausdorff: 2.243588,
                Atom Type Acc: 63.25%

Epoch 198/300 - Train Loss: 0.467324, 
                Val MAE: 1.826494, Val Optimized MAE: 0.696264, 
                Val Optimized Typed MAE: 7.677303,
                Val Hausdorff: 2.214185,
                Atom Type Acc: 63.40%

Epoch 199/300 - Train Loss: 0.528077, 
                Val MAE: 1.857712, Val Optimized MAE: 0.703343, 
                Val Optimized Typed MAE: 8.104360,
                Val Hausdorff: 2.294735,
                Atom Type Acc: 61.02%

Epoch 200/300 - Train Loss: 0.495867, 
                Val MAE: 1.838409, Val Optimized MAE: 0.699792, 
                Val Optimized Typed MAE: 7.755515,
                Val Hausdorff: 2.186404,
                Atom Type Acc: 62.88%

Epoch 201/300 - Train Loss: 0.516182, 
                Val MAE: 1.854593, Val Optimized MAE: 0.703367, 
                Val Optimized Typed MAE: 8.235722,
                Val Hausdorff: 2.198781,
                Atom Type Acc: 60.46%

Epoch 202/300 - Train Loss: 0.589594, 
                Val MAE: 1.825220, Val Optimized MAE: 0.694256, 
                Val Optimized Typed MAE: 8.026418,
                Val Hausdorff: 2.153482,
                Atom Type Acc: 60.70%

Epoch 203/300 - Train Loss: 0.508376, 
                Val MAE: 1.813951, Val Optimized MAE: 0.690934, 
                Val Optimized Typed MAE: 7.752526,
                Val Hausdorff: 2.158973,
                Atom Type Acc: 62.94%

Epoch 204/300 - Train Loss: 0.498379, 
                Val MAE: 1.836148, Val Optimized MAE: 0.698887, 
                Val Optimized Typed MAE: 7.750667,
                Val Hausdorff: 2.253403,
                Atom Type Acc: 62.33%

Epoch 205/300 - Train Loss: 0.501237, 
                Val MAE: 1.821167, Val Optimized MAE: 0.695982, 
                Val Optimized Typed MAE: 8.304293,
                Val Hausdorff: 2.119802,
                Atom Type Acc: 60.38%

Epoch 206/300 - Train Loss: 0.520191, 
                Val MAE: 1.836717, Val Optimized MAE: 0.696535, 
                Val Optimized Typed MAE: 8.107409,
                Val Hausdorff: 2.167471,
                Atom Type Acc: 61.26%

Epoch 207/300 - Train Loss: 0.471847, 
                Val MAE: 1.849240, Val Optimized MAE: 0.704083, 
                Val Optimized Typed MAE: 7.472794,
                Val Hausdorff: 2.245063,
                Atom Type Acc: 64.11%

Epoch 208/300 - Train Loss: 0.452851, 
                Val MAE: 1.830448, Val Optimized MAE: 0.693764, 
                Val Optimized Typed MAE: 7.420915,
                Val Hausdorff: 2.151356,
                Atom Type Acc: 64.54%

Epoch 209/300 - Train Loss: 0.453895, 
                Val MAE: 1.845738, Val Optimized MAE: 0.699794, 
                Val Optimized Typed MAE: 7.428190,
                Val Hausdorff: 2.148726,
                Atom Type Acc: 64.68%

Epoch 210/300 - Train Loss: 0.448682, 
                Val MAE: 1.845423, Val Optimized MAE: 0.701924, 
                Val Optimized Typed MAE: 7.329325,
                Val Hausdorff: 2.182805,
                Atom Type Acc: 65.28%

Epoch 211/300 - Train Loss: 0.436365, 
                Val MAE: 1.851043, Val Optimized MAE: 0.701813, 
                Val Optimized Typed MAE: 7.200017,
                Val Hausdorff: 2.237427,
                Atom Type Acc: 65.71%

Epoch 212/300 - Train Loss: 0.460520, 
                Val MAE: 1.842440, Val Optimized MAE: 0.698883, 
                Val Optimized Typed MAE: 7.155113,
                Val Hausdorff: 2.179094,
                Atom Type Acc: 66.08%

Epoch 213/300 - Train Loss: 0.433761, 
                Val MAE: 1.839102, Val Optimized MAE: 0.699146, 
                Val Optimized Typed MAE: 7.064229,
                Val Hausdorff: 2.131044,
                Atom Type Acc: 66.54%

Epoch 214/300 - Train Loss: 0.432318, 
                Val MAE: 1.845350, Val Optimized MAE: 0.697546, 
                Val Optimized Typed MAE: 7.118499,
                Val Hausdorff: 2.181547,
                Atom Type Acc: 66.31%

Epoch 215/300 - Train Loss: 0.479931, 
                Val MAE: 1.819109, Val Optimized MAE: 0.689779, 
                Val Optimized Typed MAE: 7.341678,
                Val Hausdorff: 2.160220,
                Atom Type Acc: 64.84%

Epoch 216/300 - Train Loss: 0.468393, 
                Val MAE: 1.835073, Val Optimized MAE: 0.694234, 
                Val Optimized Typed MAE: 7.353110,
                Val Hausdorff: 2.148429,
                Atom Type Acc: 64.81%

Epoch 217/300 - Train Loss: 0.495950, 
                Val MAE: 1.829332, Val Optimized MAE: 0.694744, 
                Val Optimized Typed MAE: 7.491675,
                Val Hausdorff: 2.203119,
                Atom Type Acc: 63.90%

Epoch 218/300 - Train Loss: 0.449037, 
                Val MAE: 1.836115, Val Optimized MAE: 0.694519, 
                Val Optimized Typed MAE: 7.183393,
                Val Hausdorff: 2.220378,
                Atom Type Acc: 65.62%

Epoch 219/300 - Train Loss: 0.434105, 
                Val MAE: 1.850161, Val Optimized MAE: 0.698947, 
                Val Optimized Typed MAE: 7.054763,
                Val Hausdorff: 2.230380,
                Atom Type Acc: 66.33%

Epoch 220/300 - Train Loss: 0.477766, 
                Val MAE: 1.826180, Val Optimized MAE: 0.690644, 
                Val Optimized Typed MAE: 7.307782,
                Val Hausdorff: 2.196810,
                Atom Type Acc: 64.71%

Epoch 221/300 - Train Loss: 0.543001, 
                Val MAE: 1.809863, Val Optimized MAE: 0.694332, 
                Val Optimized Typed MAE: 7.553917,
                Val Hausdorff: 2.152111,
                Atom Type Acc: 63.96%

Epoch 222/300 - Train Loss: 0.475079, 
                Val MAE: 1.829207, Val Optimized MAE: 0.698431, 
                Val Optimized Typed MAE: 7.152384,
                Val Hausdorff: 2.126634,
                Atom Type Acc: 65.66%

Epoch 223/300 - Train Loss: 0.480737, 
                Val MAE: 1.828818, Val Optimized MAE: 0.699385, 
                Val Optimized Typed MAE: 6.654478,
                Val Hausdorff: 2.217593,
                Atom Type Acc: 68.18%

Epoch 224/300 - Train Loss: 0.452136, 
                Val MAE: 1.833303, Val Optimized MAE: 0.697763, 
                Val Optimized Typed MAE: 7.215199,
                Val Hausdorff: 2.219704,
                Atom Type Acc: 65.51%

Epoch 225/300 - Train Loss: 0.432114, 
                Val MAE: 1.836367, Val Optimized MAE: 0.700129, 
                Val Optimized Typed MAE: 6.960501,
                Val Hausdorff: 2.181520,
                Atom Type Acc: 66.76%

Epoch 226/300 - Train Loss: 0.435335, 
                Val MAE: 1.835675, Val Optimized MAE: 0.694507, 
                Val Optimized Typed MAE: 6.537136,
                Val Hausdorff: 2.181363,
                Atom Type Acc: 68.71%

Epoch 227/300 - Train Loss: 0.422990, 
                Val MAE: 1.842905, Val Optimized MAE: 0.698562, 
                Val Optimized Typed MAE: 6.485040,
                Val Hausdorff: 2.227065,
                Atom Type Acc: 68.99%

Epoch 228/300 - Train Loss: 0.420693, 
                Val MAE: 1.825058, Val Optimized MAE: 0.695464, 
                Val Optimized Typed MAE: 6.487881,
                Val Hausdorff: 2.169344,
                Atom Type Acc: 69.21%

Epoch 229/300 - Train Loss: 0.428447, 
                Val MAE: 1.860331, Val Optimized MAE: 0.702975, 
                Val Optimized Typed MAE: 6.958846,
                Val Hausdorff: 2.258099,
                Atom Type Acc: 66.93%

Epoch 230/300 - Train Loss: 0.444818, 
                Val MAE: 1.815551, Val Optimized MAE: 0.699874, 
                Val Optimized Typed MAE: 6.904556,
                Val Hausdorff: 2.155661,
                Atom Type Acc: 66.73%

Epoch 231/300 - Train Loss: 0.425511, 
                Val MAE: 1.851631, Val Optimized MAE: 0.699249, 
                Val Optimized Typed MAE: 6.819565,
                Val Hausdorff: 2.229681,
                Atom Type Acc: 67.46%

Epoch 232/300 - Train Loss: 0.415550, 
                Val MAE: 1.858455, Val Optimized MAE: 0.706890, 
                Val Optimized Typed MAE: 6.509995,
                Val Hausdorff: 2.240760,
                Atom Type Acc: 69.47%

Epoch 233/300 - Train Loss: 0.408486, 
                Val MAE: 1.843115, Val Optimized MAE: 0.695910, 
                Val Optimized Typed MAE: 6.233205,
                Val Hausdorff: 2.228002,
                Atom Type Acc: 70.29%

Epoch 234/300 - Train Loss: 0.421988, 
                Val MAE: 1.833439, Val Optimized MAE: 0.692536, 
                Val Optimized Typed MAE: 6.332249,
                Val Hausdorff: 2.124565,
                Atom Type Acc: 69.85%

Epoch 235/300 - Train Loss: 0.426652, 
                Val MAE: 1.844016, Val Optimized MAE: 0.702239, 
                Val Optimized Typed MAE: 6.588400,
                Val Hausdorff: 2.131850,
                Atom Type Acc: 68.63%

Epoch 236/300 - Train Loss: 0.428784, 
                Val MAE: 1.853838, Val Optimized MAE: 0.705741, 
                Val Optimized Typed MAE: 7.314920,
                Val Hausdorff: 2.136184,
                Atom Type Acc: 65.23%

Epoch 237/300 - Train Loss: 0.474957, 
                Val MAE: 1.824659, Val Optimized MAE: 0.686045, 
                Val Optimized Typed MAE: 6.939368,
                Val Hausdorff: 2.162031,
                Atom Type Acc: 66.59%

Epoch 238/300 - Train Loss: 0.541303, 
                Val MAE: 1.832566, Val Optimized MAE: 0.698247, 
                Val Optimized Typed MAE: 7.637597,
                Val Hausdorff: 2.138905,
                Atom Type Acc: 63.82%

Epoch 239/300 - Train Loss: 0.529787, 
                Val MAE: 1.836391, Val Optimized MAE: 0.696936, 
                Val Optimized Typed MAE: 7.130411,
                Val Hausdorff: 2.132710,
                Atom Type Acc: 65.90%

Epoch 240/300 - Train Loss: 0.430124, 
                Val MAE: 1.839540, Val Optimized MAE: 0.701186, 
                Val Optimized Typed MAE: 6.790713,
                Val Hausdorff: 2.145471,
                Atom Type Acc: 67.96%

Epoch 241/300 - Train Loss: 0.422127, 
                Val MAE: 1.832697, Val Optimized MAE: 0.697483, 
                Val Optimized Typed MAE: 6.500446,
                Val Hausdorff: 2.198541,
                Atom Type Acc: 69.02%

Epoch 242/300 - Train Loss: 0.423535, 
                Val MAE: 1.836640, Val Optimized MAE: 0.697435, 
                Val Optimized Typed MAE: 6.403858,
                Val Hausdorff: 2.157995,
                Atom Type Acc: 69.20%

Epoch 243/300 - Train Loss: 0.414416, 
                Val MAE: 1.834483, Val Optimized MAE: 0.692857, 
                Val Optimized Typed MAE: 6.629116,
                Val Hausdorff: 2.155173,
                Atom Type Acc: 68.82%

Epoch 244/300 - Train Loss: 0.434243, 
                Val MAE: 1.850604, Val Optimized MAE: 0.701260, 
                Val Optimized Typed MAE: 6.632841,
                Val Hausdorff: 2.243778,
                Atom Type Acc: 68.29%

Epoch 245/300 - Train Loss: 0.488950, 
                Val MAE: 1.818884, Val Optimized MAE: 0.692328, 
                Val Optimized Typed MAE: 7.190096,
                Val Hausdorff: 2.162239,
                Atom Type Acc: 64.99%

Epoch 246/300 - Train Loss: 0.470255, 
                Val MAE: 1.813172, Val Optimized MAE: 0.689960, 
                Val Optimized Typed MAE: 7.023548,
                Val Hausdorff: 2.170233,
                Atom Type Acc: 66.31%

Epoch 247/300 - Train Loss: 0.420204, 
                Val MAE: 1.831871, Val Optimized MAE: 0.697442, 
                Val Optimized Typed MAE: 6.360915,
                Val Hausdorff: 2.195819,
                Atom Type Acc: 69.78%

Epoch 248/300 - Train Loss: 0.396191, 
                Val MAE: 1.831316, Val Optimized MAE: 0.700554, 
                Val Optimized Typed MAE: 6.134490,
                Val Hausdorff: 2.183134,
                Atom Type Acc: 71.05%

Epoch 249/300 - Train Loss: 0.394328, 
                Val MAE: 1.832877, Val Optimized MAE: 0.699937, 
                Val Optimized Typed MAE: 6.125326,
                Val Hausdorff: 2.212345,
                Atom Type Acc: 70.90%

Epoch 250/300 - Train Loss: 0.418464, 
                Val MAE: 1.848172, Val Optimized MAE: 0.707420, 
                Val Optimized Typed MAE: 6.021379,
                Val Hausdorff: 2.209807,
                Atom Type Acc: 71.33%

Epoch 251/300 - Train Loss: 0.412727, 
                Val MAE: 1.836889, Val Optimized MAE: 0.701326, 
                Val Optimized Typed MAE: 6.359164,
                Val Hausdorff: 2.219455,
                Atom Type Acc: 69.83%

Epoch 252/300 - Train Loss: 0.480988, 
                Val MAE: 1.848083, Val Optimized MAE: 0.705012, 
                Val Optimized Typed MAE: 6.898287,
                Val Hausdorff: 2.244061,
                Atom Type Acc: 67.03%

Epoch 253/300 - Train Loss: 0.558385, 
                Val MAE: 1.815309, Val Optimized MAE: 0.688741, 
                Val Optimized Typed MAE: 7.413096,
                Val Hausdorff: 2.092338,
                Atom Type Acc: 64.57%

Epoch 254/300 - Train Loss: 0.703123, 
                Val MAE: 1.760612, Val Optimized MAE: 0.687095, 
                Val Optimized Typed MAE: 7.474623,
                Val Hausdorff: 2.062205,
                Atom Type Acc: 63.35%

Epoch 255/300 - Train Loss: 0.468736, 
                Val MAE: 1.813012, Val Optimized MAE: 0.696465, 
                Val Optimized Typed MAE: 7.156970,
                Val Hausdorff: 2.095506,
                Atom Type Acc: 66.09%

Epoch 256/300 - Train Loss: 0.430104, 
                Val MAE: 1.845973, Val Optimized MAE: 0.702755, 
                Val Optimized Typed MAE: 6.861779,
                Val Hausdorff: 2.232065,
                Atom Type Acc: 67.47%

Epoch 257/300 - Train Loss: 0.409848, 
                Val MAE: 1.838029, Val Optimized MAE: 0.697259, 
                Val Optimized Typed MAE: 6.042569,
                Val Hausdorff: 2.189734,
                Atom Type Acc: 71.27%

Epoch 258/300 - Train Loss: 0.389636, 
                Val MAE: 1.828406, Val Optimized MAE: 0.695661, 
                Val Optimized Typed MAE: 6.358387,
                Val Hausdorff: 2.163032,
                Atom Type Acc: 70.11%

Epoch 259/300 - Train Loss: 0.380564, 
                Val MAE: 1.829322, Val Optimized MAE: 0.695555, 
                Val Optimized Typed MAE: 6.041688,
                Val Hausdorff: 2.128766,
                Atom Type Acc: 71.37%

Epoch 260/300 - Train Loss: 0.388290, 
                Val MAE: 1.847549, Val Optimized MAE: 0.697523, 
                Val Optimized Typed MAE: 6.054698,
                Val Hausdorff: 2.222492,
                Atom Type Acc: 71.39%

Epoch 261/300 - Train Loss: 0.394424, 
                Val MAE: 1.822076, Val Optimized MAE: 0.692739, 
                Val Optimized Typed MAE: 6.194973,
                Val Hausdorff: 2.169022,
                Atom Type Acc: 71.05%

Epoch 262/300 - Train Loss: 0.387431, 
                Val MAE: 1.839021, Val Optimized MAE: 0.702507, 
                Val Optimized Typed MAE: 5.998548,
                Val Hausdorff: 2.199602,
                Atom Type Acc: 71.77%

Epoch 263/300 - Train Loss: 0.382086, 
                Val MAE: 1.835798, Val Optimized MAE: 0.696185, 
                Val Optimized Typed MAE: 6.273881,
                Val Hausdorff: 2.199435,
                Atom Type Acc: 70.31%

Epoch 264/300 - Train Loss: 0.379127, 
                Val MAE: 1.836531, Val Optimized MAE: 0.701140, 
                Val Optimized Typed MAE: 5.990119,
                Val Hausdorff: 2.156123,
                Atom Type Acc: 71.50%

Epoch 265/300 - Train Loss: 0.395626, 
                Val MAE: 1.842178, Val Optimized MAE: 0.700045, 
                Val Optimized Typed MAE: 5.752543,
                Val Hausdorff: 2.205195,
                Atom Type Acc: 72.87%

Epoch 266/300 - Train Loss: 0.423270, 
                Val MAE: 1.817713, Val Optimized MAE: 0.687865, 
                Val Optimized Typed MAE: 6.386144,
                Val Hausdorff: 2.115854,
                Atom Type Acc: 69.54%

Epoch 267/300 - Train Loss: 0.447646, 
                Val MAE: 1.821268, Val Optimized MAE: 0.692885, 
                Val Optimized Typed MAE: 6.480461,
                Val Hausdorff: 2.183641,
                Atom Type Acc: 69.05%

Epoch 268/300 - Train Loss: 0.450219, 
                Val MAE: 1.831959, Val Optimized MAE: 0.698781, 
                Val Optimized Typed MAE: 6.536076,
                Val Hausdorff: 2.195121,
                Atom Type Acc: 68.79%

Epoch 269/300 - Train Loss: 0.422114, 
                Val MAE: 1.838506, Val Optimized MAE: 0.700702, 
                Val Optimized Typed MAE: 6.318098,
                Val Hausdorff: 2.197246,
                Atom Type Acc: 70.28%

Epoch 270/300 - Train Loss: 0.435652, 
                Val MAE: 1.807632, Val Optimized MAE: 0.691081, 
                Val Optimized Typed MAE: 6.621019,
                Val Hausdorff: 2.129888,
                Atom Type Acc: 68.13%

Epoch 271/300 - Train Loss: 0.427942, 
                Val MAE: 1.832050, Val Optimized MAE: 0.698305, 
                Val Optimized Typed MAE: 6.011176,
                Val Hausdorff: 2.127589,
                Atom Type Acc: 71.47%

Epoch 272/300 - Train Loss: 0.446372, 
                Val MAE: 1.842538, Val Optimized MAE: 0.697963, 
                Val Optimized Typed MAE: 6.081977,
                Val Hausdorff: 2.182839,
                Atom Type Acc: 71.46%

Epoch 273/300 - Train Loss: 0.430654, 
                Val MAE: 1.831438, Val Optimized MAE: 0.699768, 
                Val Optimized Typed MAE: 6.519377,
                Val Hausdorff: 2.181872,
                Atom Type Acc: 69.27%

Epoch 274/300 - Train Loss: 0.390616, 
                Val MAE: 1.842582, Val Optimized MAE: 0.702213, 
                Val Optimized Typed MAE: 5.960294,
                Val Hausdorff: 2.204885,
                Atom Type Acc: 71.79%

Epoch 275/300 - Train Loss: 0.398191, 
                Val MAE: 1.841761, Val Optimized MAE: 0.699321, 
                Val Optimized Typed MAE: 5.736391,
                Val Hausdorff: 2.172952,
                Atom Type Acc: 73.04%

Epoch 276/300 - Train Loss: 0.402951, 
                Val MAE: 1.827448, Val Optimized MAE: 0.690279, 
                Val Optimized Typed MAE: 6.382419,
                Val Hausdorff: 2.131103,
                Atom Type Acc: 69.74%

Epoch 277/300 - Train Loss: 0.383738, 
                Val MAE: 1.841492, Val Optimized MAE: 0.701346, 
                Val Optimized Typed MAE: 5.751210,
                Val Hausdorff: 2.171857,
                Atom Type Acc: 72.99%

Epoch 278/300 - Train Loss: 0.364052, 
                Val MAE: 1.839010, Val Optimized MAE: 0.707403, 
                Val Optimized Typed MAE: 5.829488,
                Val Hausdorff: 2.159814,
                Atom Type Acc: 72.98%

Epoch 279/300 - Train Loss: 0.375458, 
                Val MAE: 1.833338, Val Optimized MAE: 0.694772, 
                Val Optimized Typed MAE: 5.645343,
                Val Hausdorff: 2.134933,
                Atom Type Acc: 73.27%

Epoch 280/300 - Train Loss: 0.381879, 
                Val MAE: 1.856635, Val Optimized MAE: 0.691988, 
                Val Optimized Typed MAE: 5.739957,
                Val Hausdorff: 2.210202,
                Atom Type Acc: 73.09%

Epoch 281/300 - Train Loss: 0.391634, 
                Val MAE: 1.844636, Val Optimized MAE: 0.700119, 
                Val Optimized Typed MAE: 5.670324,
                Val Hausdorff: 2.136766,
                Atom Type Acc: 73.37%

Epoch 282/300 - Train Loss: 0.363135, 
                Val MAE: 1.842601, Val Optimized MAE: 0.700612, 
                Val Optimized Typed MAE: 5.722406,
                Val Hausdorff: 2.177205,
                Atom Type Acc: 73.26%

Epoch 283/300 - Train Loss: 0.382137, 
                Val MAE: 1.841357, Val Optimized MAE: 0.699963, 
                Val Optimized Typed MAE: 5.981232,
                Val Hausdorff: 2.115429,
                Atom Type Acc: 71.50%

Epoch 284/300 - Train Loss: 0.398963, 
                Val MAE: 1.825298, Val Optimized MAE: 0.693437, 
                Val Optimized Typed MAE: 5.971115,
                Val Hausdorff: 2.134746,
                Atom Type Acc: 72.02%

Epoch 285/300 - Train Loss: 0.404034, 
                Val MAE: 1.835633, Val Optimized MAE: 0.698715, 
                Val Optimized Typed MAE: 5.644813,
                Val Hausdorff: 2.187304,
                Atom Type Acc: 73.82%

Epoch 286/300 - Train Loss: 0.384374, 
                Val MAE: 1.843247, Val Optimized MAE: 0.703027, 
                Val Optimized Typed MAE: 5.755178,
                Val Hausdorff: 2.216991,
                Atom Type Acc: 73.12%

Epoch 287/300 - Train Loss: 0.373412, 
                Val MAE: 1.841369, Val Optimized MAE: 0.700261, 
                Val Optimized Typed MAE: 5.405806,
                Val Hausdorff: 2.135307,
                Atom Type Acc: 74.66%

Epoch 288/300 - Train Loss: 0.376549, 
                Val MAE: 1.849583, Val Optimized MAE: 0.704709, 
                Val Optimized Typed MAE: 5.546294,
                Val Hausdorff: 2.181665,
                Atom Type Acc: 73.96%

Epoch 289/300 - Train Loss: 0.360429, 
                Val MAE: 1.854462, Val Optimized MAE: 0.705966, 
                Val Optimized Typed MAE: 5.548047,
                Val Hausdorff: 2.131271,
                Atom Type Acc: 73.90%

Epoch 290/300 - Train Loss: 0.359776, 
                Val MAE: 1.850402, Val Optimized MAE: 0.703053, 
                Val Optimized Typed MAE: 5.660104,
                Val Hausdorff: 2.174700,
                Atom Type Acc: 73.00%

Epoch 291/300 - Train Loss: 0.371166, 
                Val MAE: 1.851177, Val Optimized MAE: 0.709160, 
                Val Optimized Typed MAE: 5.361630,
                Val Hausdorff: 2.180763,
                Atom Type Acc: 74.90%

Epoch 292/300 - Train Loss: 0.369399, 
                Val MAE: 1.843470, Val Optimized MAE: 0.702231, 
                Val Optimized Typed MAE: 5.564827,
                Val Hausdorff: 2.171058,
                Atom Type Acc: 74.09%

Epoch 293/300 - Train Loss: 0.386732, 
                Val MAE: 1.845137, Val Optimized MAE: 0.706787, 
                Val Optimized Typed MAE: 5.719599,
                Val Hausdorff: 2.174466,
                Atom Type Acc: 72.96%

Epoch 294/300 - Train Loss: 0.433551, 
                Val MAE: 1.833930, Val Optimized MAE: 0.702899, 
                Val Optimized Typed MAE: 5.783778,
                Val Hausdorff: 2.086872,
                Atom Type Acc: 72.66%

Epoch 295/300 - Train Loss: 0.438885, 
                Val MAE: 1.822760, Val Optimized MAE: 0.695769, 
                Val Optimized Typed MAE: 6.085669,
                Val Hausdorff: 2.144890,
                Atom Type Acc: 71.10%

Epoch 296/300 - Train Loss: 0.388191, 
                Val MAE: 1.829159, Val Optimized MAE: 0.702039, 
                Val Optimized Typed MAE: 5.646362,
                Val Hausdorff: 2.206202,
                Atom Type Acc: 73.72%

Epoch 297/300 - Train Loss: 0.371718, 
                Val MAE: 1.832718, Val Optimized MAE: 0.702729, 
                Val Optimized Typed MAE: 5.594961,
                Val Hausdorff: 2.139699,
                Atom Type Acc: 74.18%

Epoch 298/300 - Train Loss: 0.369937, 
                Val MAE: 1.859403, Val Optimized MAE: 0.705141, 
                Val Optimized Typed MAE: 5.780120,
                Val Hausdorff: 2.220978,
                Atom Type Acc: 72.43%

Epoch 299/300 - Train Loss: 0.376745, 
                Val MAE: 1.844827, Val Optimized MAE: 0.702102, 
                Val Optimized Typed MAE: 5.607340,
                Val Hausdorff: 2.173960,
                Atom Type Acc: 73.47%

Epoch 300/300 - Train Loss: 0.398969, 
                Val MAE: 1.835394, Val Optimized MAE: 0.707195, 
                Val Optimized Typed MAE: 6.141033,
                Val Hausdorff: 2.177440,
                Atom Type Acc: 70.65%
Training complete. Model saved to 'diffusion_results/AbsPositionRegressionXPDF_20250517_000916_job9857_task0/samples/training_samples/pos_frac_T100_lr0.0001_epochs300_batch64_cond64_with_atoms_20250517-000918/vector_conditioned_rgb_model.pt'
Test MAE: 1.8599,
        Test Optimized MAE: 0.7087,
        Test Optimized Typed MAE: 6.2824,
        Test Hausdorff: 2.1949,
        Test Atom Type Accuracy: 69.94%
Final test MAE: 1.8599, Test Hausdorff: 2.1949, Test Atom Type Accuracy: 69.94%
Final metrics saved to diffusion_results/AbsPositionRegressionXPDF_20250517_000916_job9857_task0/samples/training_samples/pos_frac_T100_lr0.0001_epochs300_batch64_cond64_with_atoms_20250517-000918/final_metrics.csv
----------------------------------------
Completed job with config file: configs/diffusion_xpdf_frac_base_long.yaml
----------------------------------------

----------------------------------------
Starting job with config file: configs/diffusion_xrd_frac_base_long.yaml
----------------------------------------
Running experiment with model type: Diffusion
Loaded atom mapping with 54 categories for visualization
Loaded atom mapping with 54 categories
----------------------------------------
Completed job with config file: configs/diffusion_xrd_frac_base_long.yaml
----------------------------------------

----------------------------------------
Starting job with config file: configs/diffusion_xrd_abs_base_long.yaml
----------------------------------------
Running experiment with model type: Diffusion
Loaded atom mapping with 54 categories for visualization
Loaded atom mapping with 54 categories
----------------------------------------
Completed job with config file: configs/diffusion_xrd_abs_base_long.yaml
----------------------------------------

All jobs completed at Sat May 17 05:08:34 CEST 2025
